file,url,remote_id,downloaded_utc,sha256,bytes,notes
locations_IN_2026-09-26.json,https://api.openaq.org/v3/locations?iso=IN,,2026-09-26T04:45:44+00:00,6c8ed7e68b3821bc8d83bd84768195b102a2e4079e859fc991d16a43862e8d3a,2539243,v3 API snapshot (key not recorded)
locationid=13/year=2015.zip,https://openaq-data-archive.s3.amazonaws.com/records/csv.gz/locationid=13/year=2015/,members-sha256:1b17f02a4fb528aa5b55ddf07fba32e3dc8747cdf567029122603b2b8c3a1802,2026-09-26T04:45:47+00:00,a423b48bb576b6bec5f88f098bf5d3e2542a6a2d64d21812b6a39165b258a9c1,627,1 daily files 20150409..20150409
locationid=15/year=2015.zip,https://openaq-data-archive.s3.amazonaws.com/records/csv.gz/locationid=15/year=2015/,members-sha256:23b9ff5a7a237a16021b1527d5cd50fcdeecdda89fa8729f7c7666762e2a2a37,2026-09-26T04:45:49+00:00,68d586a77d12b5d863b1d792d623ac03a65ccc17c8de222a6a060417023bc06b,652,1 daily files 20150710..20150710
locationid=16/year=2015.zip,https://openaq-data-archive.s3.amazonaws.com/records/csv.gz/locationid=16/year=2015/,members-sha256:6b126f1b1b245ecf55fa8890e48da06edc0524a84b79522ed759a738ab0517a0,2026-09-26T04:45:49+00:00,3750b5ab00c5b701e5675ff2dfa6e2b366ce18d726961e4cf97796a2fc8f4585,642,1 daily files 20150710..20150710
locationid=13/year=2018.zip,https://openaq-data-archive.s3.amazonaws.com/records/csv.gz/locationid=13/year=2018/,members-sha256:fc268c8f9e5c0632613939affd7e2f731cb7724cb3ed6c2701c7eba01eea2e35,2026-09-26T04:46:23+00:00,293259cbe7b13aa15cb00943b988b5d031c0b1ca86f4b5b545913c8b6095c093,54252,52 daily files 20180101..20180222
locationid=13/year=2016.zip,https://openaq-data-archive.s3.amazonaws.com/records/csv.gz/locationid=13/year=2016/,members-sha256:91a7905d57048c701550ba23b39b8eeece3e0c588ad3a7eab31b903e5f0014f8,2026-09-26T04:46:24+00:00,aca21e18f91c0721a3e98bb1b59062e8a0906e55ed5f49363b5f10fe2ab9606a,54168,52 daily files 20161102..20161223
locationid=17/year=2018.zip,https://openaq-data-archive.s3.amazonaws.com/records/csv.gz/locationid=17/year=2018/,members-sha256:9f8a8d966dfc2873941aa86a8f7f130c2ad031270565b12c563ef67949adc611,2026-09-26T04:46:25+00:00,d1a365090306424f2b66637e1ae4ddfdafe6a236d64aaeadb9fe90da6cf6c96e,54998,50 daily files 20180101..20180221
locationid=50/year=2018.zip,https://openaq-data-archive.s3.amazonaws.com/records/csv.gz/locationid=50/year=2018/,members-sha256:190bb5af1bff16ed0592fb9db1ada086ed0015580e4d61414b8f78e434c24d14,2026-09-26T04:46:26+00:00,716aeb77229ff5d501974e0459331b34bbe5054380a50a9b848e81ef3168f9a6,51023,48 daily files 20180101..20180221
locationid=103/year=2018.zip,https://openaq-data-archive.s3.amazonaws.com/records/csv.gz/locationid=103/year=2018/,members-sha256:480698da0b372d1f67c1be95bfc3178cb21acb7fd404986dbf2b52957ff8ae93,2026-09-26T04:46:31+00:00,64e6414883bfc44281d7e2d09054c7afa948bf989872b2a0a57984bc46b7310f,66938,52 daily files 20180101..20180222
locationid=235/year=2018.zip,https://openaq-data-archive.s3.amazonaws.com/records/csv.gz/locationid=235/year=2018/,members-sha256:08967a80f72d2e7ac01ef7db4b35b40e55c8961b9bb99968e6bcdd9d44e2b7ce,2026-09-26T04:46:34+00:00,36f4ed6ef470fc1b4e19eddced7b7aaf017d430790e7ffef77f1ac342d3470db,50966,50 daily files 20180101..20180221
locationid=103/year=2016.zip,https://openaq-data-archive.s3.amazonaws.com/records/csv.gz/locationid=103/year=2016/,members-sha256:23543bcaf3c041a44f3c18b51ad85761647f7d214caf9ab886a83a0f08c34454,2026-09-26T04:46:35+00:00,99a34c1b93e82f7a6dab246a7efd2e22b17d95dcc0d9f9de6748e9f1f8ab1090,117870,60 daily files 20161102..20161231
locationid=235/year=2015.zip,https://openaq-data-archive.s3.amazonaws.com/records/csv.gz/locationid=235/year=2015/,members-sha256:d5669144ae86d492a1a0653657c6580c5b27620ee7fe933356a127073c5e1aa5,2026-09-26T04:46:40+00:00,2fc64d8b2048b9aa90e32c129bdddbd803cfe8c86ffcf374c53f646091a3a2df,66954,55 daily files 20150629..20150914
locationid=17/year=2015.zip,https://openaq-data-archive.s3.amazonaws.com/records/csv.gz/locationid=17/year=2015/,members-sha256:feca35bad6d99bbc55dbf98c4864c2f5f19c54c6ee0b444edb7c9f46b811dc5c,2026-09-26T04:46:42+00:00,df4e07546cf6aa2e6d67fd06b8f36ed24aeafc22064b7fe4e0e382716cc13f75,89297,74 daily files 20150629..20151002
locationid=50/year=2015.zip,https://openaq-data-archive.s3.amazonaws.com/records/csv.gz/locationid=50/year=2015/,members-sha256:ca67d92e89c4a9591344d1f80a13faebdce905ca8849ff312f0c07fe235d6ea5,2026-09-26T04:46:43+00:00,d727dfb745211a17f855201233486113f6ce43e10dbe289948950dc005e775fd,80032,73 daily files 20150629..20151002
locationid=17/year=2026.zip,https://openaq-data-archive.s3.amazonaws.com/records/csv.gz/locationid=17/year=2026/,members-sha256:469b8fc85349f81fd09cebbbbe159b3ed4090ab6c1bbf9f3f0f8d7f7865cff4b,2026-09-26T04:46:50+00:00,25ea9b7e6713e19055d878d3dd2e35b9464d1f69d392fe369b6f7869f54a8182,419609,81 daily files 20260101..20260331
locationid=50/year=2026.zip,https://openaq-data-archive.s3.amazonaws.com/records/csv.gz/locationid=50/year=2026/,members-sha256:648d55e580a523529305641f714d3b405a7880b3f7e50f81259540e5581fcd8c,2026-09-26T04:46:50+00:00,96ff489e912cabebd866e8f048618d1d5b0807cddbb015efc1fccdfb3028a3ca,432805,81 daily files 20260101..20260331
locationid=236/year=2018.zip,https://openaq-data-archive.s3.amazonaws.com/records/csv.gz/locationid=236/year=2018/,members-sha256:e18bcc95b34d60ef5f023798c71661bfe8b963b0fe6655773139597012ff2322,2026-09-26T04:47:05+00:00,3a893e10b1cc944299cf97d912681db4b8f4a3ce15f53db1fd408b79acb1f34d,49252,49 daily files 20180101..20180221
locationid=235/year=2026.zip,https://openaq-data-archive.s3.amazonaws.com/records/csv.gz/locationid=235/year=2026/,members-sha256:9feefba31a0137b2e6c053bed0dfb2b9eac1ae5df553e345fe0e792b588f4c29,2026-09-26T04:47:09+00:00,0d6d9b89618ef92b41e8c1d95ee1e104f5c78195ff089c36bb07d967e44122c9,414208,81 daily files 20260101..20260331
locationid=286/year=2018.zip,https://openaq-data-archive.s3.amazonaws.com/records/csv.gz/locationid=286/year=2018/,members-sha256:93c80b3284efbac8f090bd65e4025dc3da154f37f4bec2dfba696f7e103f6c04,2026-09-26T04:47:21+00:00,90d4b393edc3338e3cc64b7b90220a0685c2117c00e04867909a24b284b7a567,67509,52 daily files 20180101..20180222
locationid=236/year=2015.zip,https://openaq-data-archive.s3.amazonaws.com/records/csv.gz/locationid=236/year=2015/,members-sha256:bdd7d01c8cdf39db3b9401ced223d53c333da1c15e453561df75b9e5dd2760c3,2026-09-26T04:47:23+00:00,f37b6c02c490e5009b008c612c32b7d1f1b7ba80713339f1d9f9488a58bf7398,93481,79 daily files 20150629..20151002
locationid=301/year=2022.zip,https://openaq-data-archive.s3.amazonaws.com/records/csv.gz/locationid=301/year=2022/,members-sha256:5d289ed718a0f204b27ab484f186eb6ae4d7027c593d94efdd792749b54ac511,2026-09-26T04:48:13+00:00,417969849780d6c2c4804b72d5935c904148862af64ffd29bc4e2cd8b848d28b,87974,87 daily files 20220101..20221031
locationid=301/year=2025.zip,https://openaq-data-archive.s3.amazonaws.com/records/csv.gz/locationid=301/year=2025/,members-sha256:7aebf11055a98f325e3ddb78992cfd927a680f44f992606c86e5c2576fbce5f6,2026-09-26T04:48:32+00:00,c68d7f2ea40d2991a7f3709805a092c2b3e6e78803008f6b2baec6cdc5ccef55,471288,89 daily files 20251001..20251231
locationid=301/year=2026.zip,https://openaq-data-archive.s3.amazonaws.com/records/csv.gz/locationid=301/year=2026/,members-sha256:0398a8494987b2d3dcb9d1400fbb91f43b8dd7d6e352c37e731c7c6950bc9edb,2026-09-26T04:48:32+00:00,e1a91f66c0d05b6fec0ec8a3d89195a156fadce717458a6e4383401febb2f91b,431041,80 daily files 20260101..20260331
locationid=301/year=2019.zip,https://openaq-data-archive.s3.amazonaws.com/records/csv.gz/locationid=301/year=2019/,members-sha256:d871e0f6f69dfdb0b64e9b16ec9e4fceb0a1b51bcb7b1055dda1900e93491794,2026-09-26T04:48:54+00:00,55457adba695ed289244306774339fc8f0cb0fdc33f8b31384df3aa24a87f4db,502887,173 daily files 20190103..20191231
locationid=286/year=2016.zip,https://openaq-data-archive.s3.amazonaws.com/records/csv.gz/locationid=286/year=2016/,members-sha256:b2e7ee9af1ee89d71a5fe0e0d6f463cfc956a6cb7121a7aff05bdc1369953f90,2026-09-26T04:49:00+00:00,33a9aa5bb963974b23cd73a661eaad7ded7cc6e993c3381128778d1d23a6c4d6,281574,196 daily files 20160321..20161231
locationid=50/year=2017.zip,https://openaq-data-archive.s3.amazonaws.com/records/csv.gz/locationid=50/year=2017/,members-sha256:23bb19f690691e3e25f24f5c4756d1da33b508e424e93d87df286544ba79867a,2026-09-26T04:49:10+00:00,9a97e579c82fa802d72dc05bcbcc1e6603fbcdf00ff8f23aeb8d20fe1565c473,429256,275 daily files 20170101..20171230
locationid=346/year=2018.zip,https://openaq-data-archive.s3.amazonaws.com/records/csv.gz/locationid=346/year=2018/,members-sha256:cd5576ba8fd63f13adae3f1e4f7d5430b7ccb0584c3e703923e0d9d7f231e84e,2026-09-26T04:49:11+00:00,165b54c9f0ad83d670a624c29fea9c088247e3bd741f448f08127a27a12a4a4d,73075,52 daily files 20180101..20180222
locationid=301/year=2021.zip,https://openaq-data-archive.s3.amazonaws.com/records/csv.gz/locationid=301/year=2021/,members-sha256:956962bc932c980aceb7102ae5a28338b54111e89177ba8a59f7a5a629c4ea31,2026-09-26T04:49:14+00:00,a9fce63b0671abd314a43cc08798ce27d13441c0aab6276a4007769489307ab4,226908,174 daily files 20210101..20211231
locationid=236/year=2016.zip,https://openaq-data-archive.s3.amazonaws.com/records/csv.gz/locationid=236/year=2016/,members-sha256:90f506987f48dfd49efe5bcafbf1a92be886acfd03ff8e5bd7cb1375db0dcce5,2026-09-26T04:49:21+00:00,6e019af3ec0f190ccca792b5f2daf3a843bc2b806e3c57cdd328a4ea4917bc93,286930,241 daily files 20160205..20161231
locationid=235/year=2016.zip,https://openaq-data-archive.s3.amazonaws.com/records/csv.gz/locationid=235/year=2016/,members-sha256:58a8ed39b886e3285e7e3420d377557ac11b69de9855813c71b9a3fa556b408c,2026-09-26T04:49:21+00:00,2cb9575d114b994b7702f7c00834ec99244e2dd5623640c1851be9e03dc73e8b,319938,285 daily files 20160205..20161231
locationid=13/year=2017.zip,https://openaq-data-archive.s3.amazonaws.com/records/csv.gz/locationid=13/year=2017/,members-sha256:a9403bfa549ff73440ea8c6bce8744d11a49cbec8d385adcc7a728a60bcda6a1,2026-09-26T04:49:22+00:00,8cdd839d966702d3b6b4a6a5693205222b9942e19aafa90e6e4a2fe94b557bf8,325665,289 daily files 20170217..20171231
locationid=346/year=2016.zip,https://openaq-data-archive.s3.amazonaws.com/records/csv.gz/locationid=346/year=2016/,members-sha256:a34b498bfbfeb9825869b6dc5d0a66ce398f567910cffb51d27d9811e07c5637,2026-09-26T04:49:22+00:00,cc25090514b48524212cb9d01b8837087b2de1757c2cec7cf61e18304e9aac65,123788,92 daily files 20160322..20161231
locationid=286/year=2017.zip,https://openaq-data-archive.s3.amazonaws.com/records/csv.gz/locationid=286/year=2017/,members-sha256:0673693f1bd29320df24224fc217cbdde145341083dcdeff2049514c67eaeb08,2026-09-26T04:49:23+00:00,0773c5717f11a9a3e287ad11ab234641598298c7d1814153fb914e4607099e57,307523,226 daily files 20170101..20171231
locationid=301/year=2018.zip,https://openaq-data-archive.s3.amazonaws.com/records/csv.gz/locationid=301/year=2018/,members-sha256:1b766e6fe19c822e1ffeca995132d0fe2df27d381d56779292d0fb41d50eadcd,2026-09-26T04:49:25+00:00,184413338d9fc8f69dc4eda5006f50644b8aca0c7f18e588759fffe66b803c28,391051,211 daily files 20180101..20181228
locationid=17/year=2017.zip,https://openaq-data-archive.s3.amazonaws.com/records/csv.gz/locationid=17/year=2017/,members-sha256:36caa86f341c4adcce610a656f5e896475050f622477d1ecf37a5d0a7396428d,2026-09-26T04:49:31+00:00,7a4d38d29a8780b80314d47552b8824422d374cfcbf2a847f345aab23b5ea88a,461290,300 daily files 20170101..20171231
locationid=50/year=2016.zip,https://openaq-data-archive.s3.amazonaws.com/records/csv.gz/locationid=50/year=2016/,members-sha256:c069a091e6697b828e6fc19fc1bc024e3e0acacf2d4f8661ecda5c9f032e97f5,2026-09-26T04:49:37+00:00,d3bbc681bcc0e2d084397f115e9e72d7376e595b569e9917b4b8a99da0c37833,477692,307 daily files 20160205..20161231
locationid=235/year=2017.zip,https://openaq-data-archive.s3.amazonaws.com/records/csv.gz/locationid=235/year=2017/,members-sha256:09c5dcef016088bfccb62bdbfc0ee75bdbcf4819d7d317140cf309962562fa6a,2026-09-26T04:49:38+00:00,a38dcc1209d21fe6aadd61fa2f9cea2e75d7b6a4cc55a03bffe8d678b58c3d61,435220,311 daily files 20170101..20171231
locationid=17/year=2016.zip,https://openaq-data-archive.s3.amazonaws.com/records/csv.gz/locationid=17/year=2016/,members-sha256:8b3c88d9846470855773c235089eecfae462c1eed3a31bd94f4cefdd7e538634,2026-09-26T04:49:41+00:00,1e02ec7794f38a684c7143bbffa27402cded168d9c673607137aeefb6a60be9e,463850,310 daily files 20160205..20161231
locationid=17/year=2025.zip,https://openaq-data-archive.s3.amazonaws.com/records/csv.gz/locationid=17/year=2025/,members-sha256:acc70e262dc497cfa87566d5a9e24ef17dde59950599cd937f4105bee4a58500,2026-09-26T04:49:47+00:00,ac27e1c3dfee2e3a09bc2300d25c6af98e0c864b897108efc4613b13ad72c948,1396875,312 daily files 20250219..20251231
locationid=50/year=2025.zip,https://openaq-data-archive.s3.amazonaws.com/records/csv.gz/locationid=50/year=2025/,members-sha256:c2764a9dcb2197bc82f1b23ad1dff186feda94ef61c29b25f308461e43c17f45,2026-09-26T04:49:47+00:00,c99993e7993b994b042e2def7bc4d1f5791ea9af99bc8191e32b82c97ff2122e,1362376,309 daily files 20250219..20251231
locationid=354/year=2018.zip,https://openaq-data-archive.s3.amazonaws.com/records/csv.gz/locationid=354/year=2018/,members-sha256:fd069e9feb545944a59df6c004066eea5db384e545a614456f02939bef77a4d7,2026-09-26T04:49:50+00:00,e83f5c5a3d16d6016586df055b91ddb332230b0bd2df4bc8a593766164920f9a,83284,53 daily files 20180101..20180222
locationid=103/year=2017.zip,https://openaq-data-archive.s3.amazonaws.com/records/csv.gz/locationid=103/year=2017/,members-sha256:d7562086168f5e3c16b4288ab939eee5c94ce39b9f2671ff8514ee08213ba470,2026-09-26T04:49:57+00:00,94f8809aa1ad45340169b38679647dac520b322aab2ee2eb7e7d44d8b7898a11,513646,338 daily files 20170101..20171231
locationid=235/year=2025.zip,https://openaq-data-archive.s3.amazonaws.com/records/csv.gz/locationid=235/year=2025/,members-sha256:27878cd764368f8c563c65c96b7afdac57b758f94ee801726b1328e213335f1d,2026-09-26T04:49:59+00:00,d01e3e7f3a5985692da72d4a7bc05a5d913ad947b197de1627d6ad260e8b7f2b,1446700,315 daily files 20250219..20251231
locationid=378/year=2018.zip,https://openaq-data-archive.s3.amazonaws.com/records/csv.gz/locationid=378/year=2018/,members-sha256:b8e84efee9bf34c513b3dbc0ae4fc95a7fd93306b574c4e296ff090aa5c9dba4,2026-09-26T04:50:01+00:00,bb1343907608a1daeed30e8ddbad200f98fa35ddc6d2f09831cb00838a2285f4,65666,52 daily files 20180101..20180222
locationid=301/year=2016.zip,https://openaq-data-archive.s3.amazonaws.com/records/csv.gz/locationid=301/year=2016/,members-sha256:1a681ac4b4878c44732c4c8a9caccbc319a69e978def635923878329c93d47c0,2026-09-26T04:50:04+00:00,d065ce763c708dc14962c3d15764d3f1557e8ed0b244528ae4f829f0e11b536f,448023,264 daily files 20160325..20161231
locationid=236/year=2017.zip,https://openaq-data-archive.s3.amazonaws.com/records/csv.gz/locationid=236/year=2017/,members-sha256:3fd142fe572423ce61b61202e686981762b1a4bd26a2105c5d09b5247cae167f,2026-09-26T04:50:12+00:00,acaeda7d1d9d759c910e307f780c00dda88ddd1722eee5330b49d385eb0ff164,401083,317 daily files 20170101..20171231
locationid=412/year=2018.zip,https://openaq-data-archive.s3.amazonaws.com/records/csv.gz/locationid=412/year=2018/,members-sha256:5689eb05829f867ec74a20414e8c6a51fd6ef76ce2dc403feaa28b0a1529b162,2026-09-26T04:50:22+00:00,78547c8aa0c65cd3e77740eda3e9d26b3b6ac85788f188b0b6ee42781af90ecc,48329,42 daily files 20180109..20180222
locationid=431/year=2018.zip,https://openaq-data-archive.s3.amazonaws.com/records/csv.gz/locationid=431/year=2018/,members-sha256:87182d569686fdbb76d071eb38d412d78d9ae21dccb26261ab9b46c1d3911558,2026-09-26T04:50:43+00:00,e80551ae845040e8fdfefb7b569346e7b037e3b254a09fa60de54919a10c486a,82242,53 daily files 20180101..20180222
locationid=407/year=2026.zip,https://openaq-data-archive.s3.amazonaws.com/records/csv.gz/locationid=407/year=2026/,members-sha256:49114689c4744bf9436f9d6b6cd946459d4f684ded8b1e5a5463ba5b59c53699,2026-09-26T04:50:44+00:00,10f388a4aa5e6b094d7d4bbe7ff185287f70792fb4305d3ad9b96d72102ad75a,399329,81 daily files 20260101..20260331
locationid=407/year=2022.zip,https://openaq-data-archive.s3.amazonaws.com/records/csv.gz/locationid=407/year=2022/,members-sha256:cb0aa51506c9afe128761ae67f6cba0d26109e8e8daf6e038c7fc01e7b61ccbf,2026-09-26T04:50:52+00:00,15850d5f774bc0200a4db077eedf935bddb49bfadbb88e1484c3a7d8b3b275a3,116295,105 daily files 20220101..20221031
locationid=594/year=2018.zip,https://openaq-data-archive.s3.amazonaws.com/records/csv.gz/locationid=594/year=2018/,members-sha256:c47f332c2b3c0d5b674f5e0b4d64eb6dcc567022c559052f1901ba62b4080f36,2026-09-26T04:51:00+00:00,30eb3975e53333f88d8a6aa09e5d916beac23415557d17344e4c9971d8c4a713,76519,53 daily files 20180101..20180222
locationid=301/year=2017.zip,https://openaq-data-archive.s3.amazonaws.com/records/csv.gz/locationid=301/year=2017/,members-sha256:0ddb1c51ac68e8da0108a26590972ff85a469541b80da4b30e55af1aa982719e,2026-09-26T04:51:02+00:00,35710bdbd7c15ec4dcddbc7d90a74b5a3b39a61661a031890bef937b13c0c9de,687733,340 daily files 20170101..20171231
locationid=301/year=2020.zip,https://openaq-data-archive.s3.amazonaws.com/records/csv.gz/locationid=301/year=2020/,members-sha256:42f57cd0f0bdca6d31b91b166906b986c7dc5c756915d9bcdf102394c465b0bf,2026-09-26T04:51:07+00:00,98ba664542b8aba2469c930cd8355b0e397c86920f50cc092bcbcf96e57acc15,598710,355 daily files 20200101..20201231
locationid=407/year=2021.zip,https://openaq-data-archive.s3.amazonaws.com/records/csv.gz/locationid=407/year=2021/,members-sha256:bff9774c731987f6391fe3b35730078116c91979c3144a9545ddaa1caff01393,2026-09-26T04:51:20+00:00,03050bbea17c3c73443e3d4fab5080349e936aaacfcb6ba6f80e219fa940102f,178112,151 daily files 20210101..20211230
locationid=407/year=2019.zip,https://openaq-data-archive.s3.amazonaws.com/records/csv.gz/locationid=407/year=2019/,members-sha256:0da35c04ed4c37200af7aafb152a135f20bbae7dc187d08f5da6fa2c30df6dad,2026-09-26T04:51:23+00:00,be473f9123943b65ef3955909d17ac54fe6073e89e7162bd1377acd378061318,441761,163 daily files 20190103..20191231
locationid=407/year=2018.zip,https://openaq-data-archive.s3.amazonaws.com/records/csv.gz/locationid=407/year=2018/,members-sha256:5baefdf2f7ee981dd28ec786efc6bca5120df0b494eb11c1f4f3454c50556d88,2026-09-26T04:51:30+00:00,a0e4b37a98741a11aea807d8af057b14f27bb1544d2c11103da249ff7f1f5aa9,291549,174 daily files 20180101..20181119
locationid=697/year=2020.zip,https://openaq-data-archive.s3.amazonaws.com/records/csv.gz/locationid=697/year=2020/,members-sha256:b763d34432811c5401a34be7703125de9e29d8b23e7797371028ace89707e49b,2026-09-26T04:51:43+00:00,61095aa802603822b5e67f8aec930345c1687bed2934d8c9b2f17003af82962d,85436,58 daily files 20200101..20201231
locationid=407/year=2016.zip,https://openaq-data-archive.s3.amazonaws.com/records/csv.gz/locationid=407/year=2016/,members-sha256:6684c67a2ad8da2d19a48f7d4cf9c64e7c110aaba6bbde012da614a5dce6fb9e,2026-09-26T04:51:58+00:00,ee49e6419c331bfd6686261db35d9486b3d3832919be082e34b31bcad03f52e7,422775,212 daily files 20160321..20161231
locationid=354/year=2016.zip,https://openaq-data-archive.s3.amazonaws.com/records/csv.gz/locationid=354/year=2016/,members-sha256:79c33dad3c24f2e8f8e408d424fd1f0bf34da26165d3c00c89cc89c4e4aa59ee,2026-09-26T04:52:01+00:00,db9f21a75be31a7d8591c28ae2ac9f2677e6dba038b0373f8fb846d213bb1ee8,373959,252 daily files 20160321..20161231
locationid=378/year=2016.zip,https://openaq-data-archive.s3.amazonaws.com/records/csv.gz/locationid=378/year=2016/,members-sha256:89abdae52774436efd665449dabdeb480f8a845d7dae732df6fe0dfbc4d59c2a,2026-09-26T04:52:06+00:00,6c78db6ff37b760525e84e32b0cf05ca859902ad64e5d71a31595628d6d103f1,248024,242 daily files 20160322..20161231
locationid=346/year=2017.zip,https://openaq-data-archive.s3.amazonaws.com/records/csv.gz/locationid=346/year=2017/,members-sha256:74c65dd1402d81f0ead8c84a0afb424edf751ffa6c59abb4bf21252b2bbe2026,2026-09-26T04:52:10+00:00,d6c4d8751fa78ca7a49d9c6b4d0378797715fd19c7e5480f3b562fa72cbcae20,588442,311 daily files 20170101..20171231
locationid=703/year=2018.zip,https://openaq-data-archive.s3.amazonaws.com/records/csv.gz/locationid=703/year=2018/,members-sha256:46d63701e201e0f4f51b13bdb52c673a289bc1fd36c608597cfac65e9778409b,2026-09-26T04:52:22+00:00,8014fc566cab8530133265c56306119a2b37d0839c33b5637401b09428b4cea6,83596,53 daily files 20180101..20180222
locationid=697/year=2022.zip,https://openaq-data-archive.s3.amazonaws.com/records/csv.gz/locationid=697/year=2022/,members-sha256:d769b1fa05a9616ed661cd949e9e8fdc1e606ed54d9810a8398e07bb7972a8fb,2026-09-26T04:52:33+00:00,87d3ac2093bb1559f5ed33d89a58fdc6bb968fd3a527c53738bd5bccd9a12c67,122965,104 daily files 20220101..20221031
locationid=412/year=2016.zip,https://openaq-data-archive.s3.amazonaws.com/records/csv.gz/locationid=412/year=2016/,members-sha256:6e301619441002fcd733f0dc4c66f1ce9b5c8512030dd838d7b4ace5d9481d57,2026-09-26T04:52:41+00:00,ccd21540f84087b07e591f2b89a7ada331893c6b6013309c91b873b66f799297,232734,256 daily files 20160322..20161231
locationid=697/year=2019.zip,https://openaq-data-archive.s3.amazonaws.com/records/csv.gz/locationid=697/year=2019/,members-sha256:67cf5a48ce7f9fb6b50735dc9899095bfe5e3f9cf33bff0f997b96b29958d0ba,2026-09-26T04:52:47+00:00,43b79d83d917d73ca4ea6d834061bb0fe18fde9c7ba2d1ddab003d7dff27623e,329127,153 daily files 20190212..20191231
locationid=697/year=2016.zip,https://openaq-data-archive.s3.amazonaws.com/records/csv.gz/locationid=697/year=2016/,members-sha256:0a06e6bccfdca1aeeb0f02a6a38f445bbb1bfa9fcb11d1d04ff30991ffb9397c,2026-09-26T04:52:58+00:00,e4f3f9a0bda428ea692ceca0490ee62fc361e0d3d4909da96edb5490bb21913d,330657,184 daily files 20160322..20161221
locationid=431/year=2016.zip,https://openaq-data-archive.s3.amazonaws.com/records/csv.gz/locationid=431/year=2016/,members-sha256:18d4b4aeb6d7d0328807ceb902d65690b9f747c85e292d72dcbce36dd1bb4b39,2026-09-26T04:53:00+00:00,ff6209d68da58ada4a1c1b7275fc24566f2baa2da6ddaa8ba8f96e668e43478f,197475,256 daily files 20160410..20161231
locationid=797/year=2018.zip,https://openaq-data-archive.s3.amazonaws.com/records/csv.gz/locationid=797/year=2018/,members-sha256:2d73e37a8822aef45f6621834b2296d6164fbb792dda2ea1aeea7f71a4d970fc,2026-09-26T04:53:04+00:00,1e01ff3c309a8133fc2651a6d00d5a915a23ea8f907a13f4be8fff34b6742ad6,69313,53 daily files 20180101..20180222
locationid=354/year=2017.zip,https://openaq-data-archive.s3.amazonaws.com/records/csv.gz/locationid=354/year=2017/,members-sha256:e5948e1fb04f2ae8b68f4fb3343c51b50e7e99c05d47e77b477b919245385f80,2026-09-26T04:53:04+00:00,bc758d648c7f41d380825512c3560dc6a38bfcd78cd21e525231c0577110512b,556674,328 daily files 20170101..20171231
locationid=697/year=2018.zip,https://openaq-data-archive.s3.amazonaws.com/records/csv.gz/locationid=697/year=2018/,members-sha256:7e483d454c561657dcef2de6fddcf817ebd4bdfd3ec978404d13727069cd58e7,2026-09-26T04:53:14+00:00,87f150153df64363213c5f13be4cd1ebb7e8637dce5809db4c89851d25828fc5,337256,195 daily files 20180101..20181119
locationid=407/year=2025.zip,https://openaq-data-archive.s3.amazonaws.com/records/csv.gz/locationid=407/year=2025/,members-sha256:4959a2b9e776b96d722f4ba40ec1eafdb28bc95d14858a6614ebcb7edaf4c621,2026-09-26T04:53:18+00:00,bcf53f513d12a29a681990706f4cbcb272bac6146d87929b6b47ac2ec6f2a57d,1313970,307 daily files 20250219..20251231
locationid=407/year=2020.zip,https://openaq-data-archive.s3.amazonaws.com/records/csv.gz/locationid=407/year=2020/,members-sha256:15ef2b0c55e21eea14f7df76d1922f49b487e8a89d4a09d1adb7f83c5b3c504e,2026-09-26T04:53:19+00:00,184bdba4fadfface73afa5434932a1b7aa4d6a809d93211aa435ad779a8454d8,521167,327 daily files 20200101..20201231
locationid=407/year=2017.zip,https://openaq-data-archive.s3.amazonaws.com/records/csv.gz/locationid=407/year=2017/,members-sha256:a8a93600cb8adf55a352db8ad1b986dba4e9fe6698e0331611e204a960e9bbfe,2026-09-26T04:53:19+00:00,b0815fe9151efd73cdc5d46774de469dbd61387377686d6d56f2e04f7ec339bd,439822,333 daily files 20170101..20171231
locationid=378/year=2017.zip,https://openaq-data-archive.s3.amazonaws.com/records/csv.gz/locationid=378/year=2017/,members-sha256:7e5f847cb6b78d511721d5f2aad2d1aaa13ce15a849dc78bc70f287ebd07d25c,2026-09-26T04:53:26+00:00,994582e8ec4b4d14c8a7fbf43ba0f6c90dd8275e91b0648154dbfa284e46e392,444997,341 daily files 20170101..20171231
locationid=594/year=2016.zip,https://openaq-data-archive.s3.amazonaws.com/records/csv.gz/locationid=594/year=2016/,members-sha256:8a1ecff92202bf142450d3bce0983112506cb07c544b88cd8fd96c1d62309e5e,2026-09-26T04:53:27+00:00,c3e629173288526832bfb2b8df672e3f7f52f23de3b546660ae5de94e9dffed0,338201,260 daily files 20160322..20161231
locationid=854/year=2018.zip,https://openaq-data-archive.s3.amazonaws.com/records/csv.gz/locationid=854/year=2018/,members-sha256:d99d72d0df039b03c886ed13f68873cc2516de844850e3000a482f80ef736256,2026-09-26T04:53:31+00:00,fbbd2c91b70ce1402ac0de8981cff33dc3eaf725c7cf5f23c9641ba9d995d146,69866,50 daily files 20180101..20180222
locationid=697/year=2021.zip,https://openaq-data-archive.s3.amazonaws.com/records/csv.gz/locationid=697/year=2021/,members-sha256:438c706ef757257ec7b13022e61fc835ffd5123ed7dee90a2ad8ceda5cecfbc8,2026-09-26T04:53:31+00:00,3bcb74ab62d337cd73a15ef81ec6af62befe2f0901810324156c5e8f3592b83f,242411,196 daily files 20210101..20211231
locationid=716/year=2016.zip,https://openaq-data-archive.s3.amazonaws.com/records/csv.gz/locationid=716/year=2016/,members-sha256:059df71ddc9f83ab4505aefe4f599838014858a10f7c4858d46c163a6892229e,2026-09-26T04:53:32+00:00,0a2929ab6eabf5a92be8324a34546e646457c7c415afe960b6e8db0077c8f261,136099,101 daily files 20160628..20161231
locationid=412/year=2017.zip,https://openaq-data-archive.s3.amazonaws.com/records/csv.gz/locationid=412/year=2017/,members-sha256:d9d2f6de7c5bfee9bbf25f5a2eb343b171bd952a3aaf3399db402355e00e3fc2,2026-09-26T04:53:42+00:00,d1d9215a52f149ad4cc3232593db169aa601d574c7ea1b625f6757f8da4c3038,371525,316 daily files 20170102..20171230
locationid=594/year=2017.zip,https://openaq-data-archive.s3.amazonaws.com/records/csv.gz/locationid=594/year=2017/,members-sha256:27230b1002e0510a4297b3b54bb144d75ef700385f9d5b6d6f026bd41e3170fc,2026-09-26T04:54:01+00:00,1721a9d37005da7fc12e6dfffb62514509cfc8303a8dc1868eedff24ab172a09,573399,300 daily files 20170101..20171231
locationid=431/year=2017.zip,https://openaq-data-archive.s3.amazonaws.com/records/csv.gz/locationid=431/year=2017/,members-sha256:101d07bd8b134b9969315c06ca7d2a57c9c321a852bdf230caeb85f249299749,2026-09-26T04:54:19+00:00,ad6f0a2bde13cf93337652eb0ede09721f72a91cca3dd669c8987628fc90ea19,437043,342 daily files 20170101..20171231
locationid=985/year=2018.zip,https://openaq-data-archive.s3.amazonaws.com/records/csv.gz/locationid=985/year=2018/,members-sha256:e30c8c5f25adf168adeaab739952ebd00fd2cb329a0f0c9ca53a8484a204b04b,2026-09-26T04:54:27+00:00,048d398e38b4880c3633e8e50a75c8eb036c4ef2f5b0786ffaa7ccb45246372c,66871,52 daily files 20180101..20180221
locationid=860/year=2026.zip,https://openaq-data-archive.s3.amazonaws.com/records/csv.gz/locationid=860/year=2026/,members-sha256:9ce451116d22bc003330b99aef4988120b810c3ea6b0c443167dbc45675589d4,2026-09-26T04:54:44+00:00,aee726d51d913a36b7eac57953864661271fdaef5c24374f39fda7643b05d924,376857,81 daily files 20260101..20260331
locationid=697/year=2017.zip,https://openaq-data-archive.s3.amazonaws.com/records/csv.gz/locationid=697/year=2017/,members-sha256:5eb3c31e9c5ee7666d0ba852048dbcf29cfe80d8762e9dd46d571c6ac5191de3,2026-09-26T04:54:44+00:00,ff488058d61173beb0c5f246d3a17a2227b10ce3fffd72b36c4b4c30d0a0d88a,582265,310 daily files 20170130..20171231
locationid=703/year=2016.zip,https://openaq-data-archive.s3.amazonaws.com/records/csv.gz/locationid=703/year=2016/,members-sha256:ad4094e7182785bda57f76c303fb3827d1cb08631fe8d1286e62fdc56e0ed720,2026-09-26T04:54:47+00:00,621fa1a4823fc73df16b39f0a9f44722a8e7df3bbd16297dd287edf5adfad343,516433,254 daily files 20160321..20161229
locationid=860/year=2022.zip,https://openaq-data-archive.s3.amazonaws.com/records/csv.gz/locationid=860/year=2022/,members-sha256:2ec7f8fa73e0d8aa05cf7f8e9130ddbc1e3e277f2f953691be76751bbcb5e72c,2026-09-26T04:55:03+00:00,08808cd1aa2ae87962fe249ee0396d6126c68a0615e3bb51279461b785f50124,133555,125 daily files 20220101..20221031
locationid=797/year=2016.zip,https://openaq-data-archive.s3.amazonaws.com/records/csv.gz/locationid=797/year=2016/,members-sha256:1759d7d2357a23fe324da8dae51da5290786c71f686c8856abf91ff77eddee0b,2026-09-26T04:55:19+00:00,10afc7125db87a243286aef12765f39b5343588d9b605c54ea45a07bdab822b4,250935,221 daily files 20160321..20161231
locationid=860/year=2019.zip,https://openaq-data-archive.s3.amazonaws.com/records/csv.gz/locationid=860/year=2019/,members-sha256:c168e0aec9eef7fef99d649cb195069f1d3f0ace43e849335adc001d4e23b1d2,2026-09-26T04:55:26+00:00,741706898a9ef51d57f44f0c5faa8f9ceac434ad207f7c99e5d1b1533af99d01,388466,172 daily files 20190103..20191231
locationid=703/year=2017.zip,https://openaq-data-archive.s3.amazonaws.com/records/csv.gz/locationid=703/year=2017/,members-sha256:605148c551e18ccf78e4615ba880e047d002b2b1cfa834bdec6d281bd3b7ab6d,2026-09-26T04:55:39+00:00,807df2271b920b57782def927400d0fafd6f682f000a5f7cdcdeb053dfd0caf0,610877,325 daily files 20170102..20171231
locationid=716/year=2017.zip,https://openaq-data-archive.s3.amazonaws.com/records/csv.gz/locationid=716/year=2017/,members-sha256:c3ed4159f8c708bf48c85b1b716a6f520608918a674686b88a9d34c5d601603e,2026-09-26T04:55:39+00:00,7c478b668c288d162eb2b2767c64c602aeeac7814da95505e688d16332b89c2a,440463,266 daily files 20170102..20171028
locationid=860/year=2018.zip,https://openaq-data-archive.s3.amazonaws.com/records/csv.gz/locationid=860/year=2018/,members-sha256:d292db419b206f04e42cf9d8ce9fcc3c32a684c168b783829def07958f5cd634,2026-09-26T04:55:54+00:00,ec2df46da6c016af60c9f22b2115276b113314dc43787214565d521dc5945080,337702,210 daily files 20180101..20181119
locationid=910/year=2016.zip,https://openaq-data-archive.s3.amazonaws.com/records/csv.gz/locationid=910/year=2016/,members-sha256:ea0d1360e0b679d0b0cd84b643d89f9199ed2c8c94838095cb90ea58ba919d94,2026-09-26T04:55:58+00:00,84081125d489827ecddfb1139d69f45381ac473f09b5da52577de41e88b0c4d5,382596,184 daily files 20160625..20161231
locationid=910/year=2017.zip,https://openaq-data-archive.s3.amazonaws.com/records/csv.gz/locationid=910/year=2017/,members-sha256:2d20425f3195c8c28c1948941884ccd98cc8678b253e92e5aa1691ccf7300018,2026-09-26T04:56:05+00:00,9cc66349b2581a0e989dd295573d4b787f7ab0067b0c293f77ecea142494551e,349087,202 daily files 20170101..20171018
locationid=854/year=2016.zip,https://openaq-data-archive.s3.amazonaws.com/records/csv.gz/locationid=854/year=2016/,members-sha256:8a9b892317d754b294e261ae681fef081f29b2b61052e45f76e975cd5c39bb6d,2026-09-26T04:56:17+00:00,d089045dcce481d2ea319e7b98ff64fa003bd90e0c590c7146a61c064dba3c2e,388147,258 daily files 20160322..20161231
locationid=860/year=2021.zip,https://openaq-data-archive.s3.amazonaws.com/records/csv.gz/locationid=860/year=2021/,members-sha256:a784c3880317432be77dceab7096707df21e5e84aae434f8ae0549173645fb53,2026-09-26T04:56:17+00:00,44460e2c29b832c0846993e502156a2f2af974fa9b88cc31c33c3366f35a01f3,225264,221 daily files 20210101..20211231
locationid=2345/year=2017.zip,https://openaq-data-archive.s3.amazonaws.com/records/csv.gz/locationid=2345/year=2017/,members-sha256:cdc72d9ef0b45e7625f4707c1abb799bd92ff8847cd476fb99aec5fb977a087a,2026-09-26T04:56:25+00:00,f5b3a0757d6e58859180a4b077f4719b3b4bbbc4654ed9fbc805112a7ef2834d,334404,154 daily files 20170101..20170612
locationid=860/year=2016.zip,https://openaq-data-archive.s3.amazonaws.com/records/csv.gz/locationid=860/year=2016/,members-sha256:ebdf2c2edd63ce434c4653c1e51f89d34bca2343e1a270c9928fcbfd166eb020,2026-09-26T04:56:41+00:00,5c52cf40be36abc44cabe6c832e19c653bd71300dc6621722b7f1600b49c023a,304988,272 daily files 20160322..20161231
locationid=2456/year=2022.zip,https://openaq-data-archive.s3.amazonaws.com/records/csv.gz/locationid=2456/year=2022/,members-sha256:bb948c9f4007365e21558fa02ce582f163ddb4158294ef2ddda9fe073daafd64,2026-09-26T04:56:50+00:00,e3cf4e3724f9c4eef9ebb2e4b88a42e15889a5fdc6e4769117c72805723b8c35,139994,106 daily files 20220101..20221031
locationid=797/year=2017.zip,https://openaq-data-archive.s3.amazonaws.com/records/csv.gz/locationid=797/year=2017/,members-sha256:0c7718d98dab42872a91c7beb15eb2921d886a9d72c724a38d830d25b00d4272,2026-09-26T04:56:51+00:00,d86f3b72d273c289d5afc962dcfe8bcedc590ba826229b7ab3b377c4e5ca4db0,458089,340 daily files 20170101..20171231
locationid=2456/year=2019.zip,https://openaq-data-archive.s3.amazonaws.com/records/csv.gz/locationid=2456/year=2019/,members-sha256:2713e9a89f1dd248d14266ea8ae3fa0d80c6d3e54eca3cbd2e8d21bd43117ffa,2026-09-26T04:56:56+00:00,95fa46b5a08f593f8a83c9dc274e258cc6ec3f66221e98348790a6768b400483,409004,170 daily files 20190103..20191231
locationid=2456/year=2026.zip,https://openaq-data-archive.s3.amazonaws.com/records/csv.gz/locationid=2456/year=2026/,members-sha256:c163f54ca3f822866df9df114010d0f87f4f46e8a03d44427b1277163af89df5,2026-09-26T04:57:05+00:00,10fd5dceafb07f54b7cfeb2c7964efab2ae9bd903949035f8c2aaaa9f363e6f5,520001,81 daily files 20260101..20260331
locationid=2345/year=2016.zip,https://openaq-data-archive.s3.amazonaws.com/records/csv.gz/locationid=2345/year=2016/,members-sha256:0ca04c6f79544105614c236e8cf3164f9719bd4410776c2470bab832a2535c4f,2026-09-26T04:57:12+00:00,059a801015d700006fdc2854db8c7f67940d32524bbd7cc027f8e601912532f6,523320,225 daily files 20160321..20161231
locationid=854/year=2017.zip,https://openaq-data-archive.s3.amazonaws.com/records/csv.gz/locationid=854/year=2017/,members-sha256:b8a6808f76da84712b0f882bc5ea3bfb9dde1cd02c56a380bf569b8fce87a730,2026-09-26T04:57:15+00:00,6dd7d36cb3e25a45be5a30f0ba2cdf0fec9894f6617749ed1ce070b0e2447669,595273,339 daily files 20170101..20171231
locationid=2463/year=2018.zip,https://openaq-data-archive.s3.amazonaws.com/records/csv.gz/locationid=2463/year=2018/,members-sha256:540a8367eb4a656cb9cbeddcf4e01fbc8fa644336f0ce01594e960a6ffa6a6de,2026-09-26T04:57:16+00:00,d61e3b167028bf4c8a6114c5120cde03789ad7c1fd4379dbd191ea030f138ab2,71821,53 daily files 20180101..20180222
locationid=985/year=2016.zip,https://openaq-data-archive.s3.amazonaws.com/records/csv.gz/locationid=985/year=2016/,members-sha256:0d63d3385832e60f91f16f8f29e097f612a9d22da6d3c8825123e84dfa11da12,2026-09-26T04:57:19+00:00,f7a806321e5aee54b77917c2f7a0cfb98e158b22fc8bc15fd80a50b416067612,477046,277 daily files 20160319..20161231
locationid=860/year=2017.zip,https://openaq-data-archive.s3.amazonaws.com/records/csv.gz/locationid=860/year=2017/,members-sha256:9fb30201b0085388474ca591f2dafea33a287d97966ae20840bdb0fca53dd709,2026-09-26T04:57:23+00:00,22e8a4ba0b25696029ccc12b66e6bcb1de2904da53150bb99bc2d76050dc0d43,423012,326 daily files 20170101..20171231
locationid=2456/year=2018.zip,https://openaq-data-archive.s3.amazonaws.com/records/csv.gz/locationid=2456/year=2018/,members-sha256:95f4c5fd2bec79ab40cab59f753969777cf4d088975cab33139c712f1276e0c0,2026-09-26T04:57:29+00:00,f668e11b10b5edeecbda1385ab99fe529010d98a678506b7d80d636fdf09f9b5,326857,208 daily files 20180101..20181119
locationid=2503/year=2018.zip,https://openaq-data-archive.s3.amazonaws.com/records/csv.gz/locationid=2503/year=2018/,members-sha256:e27aeb910795726d3069bb511e8014c5fa1efb45752f21a3260b0db4975121af,2026-09-26T04:57:38+00:00,52926039932027716eddd5f9b7794141ee7557287adec7abc5d36e74e040adac,110965,53 daily files 20180101..20180222
locationid=860/year=2025.zip,https://openaq-data-archive.s3.amazonaws.com/records/csv.gz/locationid=860/year=2025/,members-sha256:b0eb178bde100a6876305e0e551ee527a251750450e4f186054580eb9ba75f4d,2026-09-26T04:57:39+00:00,17a2181d920dc6ba1c2ebcefa77c7ef40d04047c75d8c3ca5c9e6ac3e40a75b8,1331788,309 daily files 20250219..20251231
locationid=2456/year=2016.zip,https://openaq-data-archive.s3.amazonaws.com/records/csv.gz/locationid=2456/year=2016/,members-sha256:83f5360668695618d571ef001ef5d925dc82fa8a2efa39e9aa7be3165564455b,2026-09-26T04:57:45+00:00,8d21788217c787de07d72ab7c8b54aab209ece778ebc55e613e3f383c6bfff88,219791,230 daily files 20160321..20161231
locationid=860/year=2020.zip,https://openaq-data-archive.s3.amazonaws.com/records/csv.gz/locationid=860/year=2020/,members-sha256:245e2fb6bcd65affee5ad04e2a4f2acaaaab7aad7ba3c9d62b06d5d7dcb97838,2026-09-26T04:57:46+00:00,3c09ab1d0ed7dc175020961455a6d3562bf2bbf95340c091f2a0ca8ae19c805f,537285,351 daily files 20200101..20201231
locationid=985/year=2017.zip,https://openaq-data-archive.s3.amazonaws.com/records/csv.gz/locationid=985/year=2017/,members-sha256:a48cd9a21178f7e1fe77203d74d06713ab39e788fda3a2fa5e70013e38d173ae,2026-09-26T04:57:51+00:00,fec28f14c94ca65ff15cdd1d95171e7a2428a687e34adcc478a182c4a1ba2f62,494433,319 daily files 20170101..20171231
locationid=2549/year=2018.zip,https://openaq-data-archive.s3.amazonaws.com/records/csv.gz/locationid=2549/year=2018/,members-sha256:3acc02edb3120cab81d633753aa7eb78a8cb4f3cef95e1370adbc08afb4df012,2026-09-26T04:57:53+00:00,e0c75fee455ae7e60586a9bf80902f5bb2cc43088e7238b569f7f7999d25d318,80458,53 daily files 20180101..20180222
locationid=2456/year=2021.zip,https://openaq-data-archive.s3.amazonaws.com/records/csv.gz/locationid=2456/year=2021/,members-sha256:0750fb373b1ef89acf923025635489f6ae5d08d507b663a11e9c9f56b8bb1f6a,2026-09-26T04:57:54+00:00,36e8ede1ca27db7e4a3e32e401bd1d61ebf65b3457d0e28df6ed0280295fbb36,272576,194 daily files 20210101..20211231
locationid=2585/year=2018.zip,https://openaq-data-archive.s3.amazonaws.com/records/csv.gz/locationid=2585/year=2018/,members-sha256:db6f29022cc497818f942c6f9339fadf541ce7ba93a9011e1fa3f03d0b3bf61e,2026-09-26T04:58:34+00:00,bbc50bfd78df966b1447dc478218527b545f6ac54b40e0196cc9de8fae6f1dad,73165,51 daily files 20180101..20180222
locationid=2583/year=2026.zip,https://openaq-data-archive.s3.amazonaws.com/records/csv.gz/locationid=2583/year=2026/,members-sha256:b8b3ba737f70d0a70167a73c63bc0c97522a2fd66fe0bfcf4f0108156e2ef662,2026-09-26T04:58:46+00:00,5250ced6c35c89e6f540e9a7ad5819057214efdfb70d44725b5ced8b67d7cb3a,352530,75 daily files 20260101..20260331
locationid=2456/year=2017.zip,https://openaq-data-archive.s3.amazonaws.com/records/csv.gz/locationid=2456/year=2017/,members-sha256:9259adde7746c2a39be8b7df74d9fe8333d5aa0fca64463fdbde0cb6cf2beab6,2026-09-26T04:59:02+00:00,880921e01afdb0f198fc21339f7127922c21b597f38a6174b8e73721b3664ea0,419998,333 daily files 20170101..20171231
locationid=2583/year=2025.zip,https://openaq-data-archive.s3.amazonaws.com/records/csv.gz/locationid=2583/year=2025/,members-sha256:8f60e389c89673595ac324b0c7a4c7b4a9cbdde87fcf01ffa6772a2882d6e914,2026-09-26T04:59:04+00:00,345aef8e01fce659f6fc599bebd083f210caaa453f553e183ce4d1724ad7064e,525999,100 daily files 20250228..20251231
locationid=2583/year=2022.zip,https://openaq-data-archive.s3.amazonaws.com/records/csv.gz/locationid=2583/year=2022/,members-sha256:49d63840898adda9c9bf75ee67304c6a956e541ef01aaa4383dabc38245402ff,2026-09-26T04:59:11+00:00,e7712f61ea6246ddf94a6d177ac193040081ade67bc6b76bb72d3a0728dc6ca4,136383,125 daily files 20220101..20221031
locationid=2456/year=2020.zip,https://openaq-data-archive.s3.amazonaws.com/records/csv.gz/locationid=2456/year=2020/,members-sha256:ab960943382c158893136c4a79d1ede436bb051f5f17b52251afb1e74292e1be,2026-09-26T04:59:24+00:00,95f14b6fb6e14ee243f3f2e45d49809dd63743c58d2764e81014f059ff5a5204,568698,350 daily files 20200101..20201231
locationid=2459/year=2016.zip,https://openaq-data-archive.s3.amazonaws.com/records/csv.gz/locationid=2459/year=2016/,members-sha256:f632040a4efebca110642a394e60be95998664aa05e8014f0e53f20e9b22d8db,2026-09-26T04:59:30+00:00,42e0ecf397e61ba48d049dbaaefa07fff0912b8fa3c52fcf8989b33ee63d5cc3,176756,284 daily files 20160130..20161109
locationid=2583/year=2019.zip,https://openaq-data-archive.s3.amazonaws.com/records/csv.gz/locationid=2583/year=2019/,members-sha256:5e3e3228073a0d44cf48533bfa10812c213480a186074db9bf7d5f40c03a84d9,2026-09-26T04:59:35+00:00,abfca0a274358a14e4aa990d26a741c036843b236672619cf0eb05efe61fb0fb,500326,173 daily files 20190103..20191231
locationid=2463/year=2016.zip,https://openaq-data-archive.s3.amazonaws.com/records/csv.gz/locationid=2463/year=2016/,members-sha256:a6fb43a59d5b24d83ec3e6bfa2f0d728d216b2ba49a3e49d664df5bf81fdc276,2026-09-26T04:59:40+00:00,ab4913e7bf4324d4a2ce6c8178ce1e0b3c1d6edf9a53b63178e3a99e7129fd51,314476,243 daily files 20160321..20161230
locationid=2456/year=2025.zip,https://openaq-data-archive.s3.amazonaws.com/records/csv.gz/locationid=2456/year=2025/,members-sha256:bdb3493c7e2315cef1fe4465ed24711db93bc6dc7776de33aaca53dbed338dc6,2026-09-26T04:59:45+00:00,5084f6149647da79eddc8f27990ebd5e2ae93002afdc067fa7b48d3a5dc3fab1,1713644,310 daily files 20250219..20251231
locationid=2460/year=2016.zip,https://openaq-data-archive.s3.amazonaws.com/records/csv.gz/locationid=2460/year=2016/,members-sha256:fd35ce4eddb2503a98076deb1cfb95f36ce94a8ebc28b7efbb17cde33020a453,2026-09-26T04:59:46+00:00,f4333f8df786bd72f3d0e08d84fbabe2e758c2c981b8d0eb2c2ee74ceb5e7a39,175811,284 daily files 20160130..20161109
locationid=2583/year=2018.zip,https://openaq-data-archive.s3.amazonaws.com/records/csv.gz/locationid=2583/year=2018/,members-sha256:cc5c7c876daf9d1fe8de6b5e7f14a2aad8b1422435b9df567705eb14ca976cb0,2026-09-26T04:59:49+00:00,001d56018b0681dc6a3f5cca572decf7894e483273514eb002ee6b5168ab2fa3,362247,198 daily files 20180103..20181119
locationid=2461/year=2016.zip,https://openaq-data-archive.s3.amazonaws.com/records/csv.gz/locationid=2461/year=2016/,members-sha256:27919b79d009545f06b65f44c0aac236688b3f7c4f92ee9b42ab1fe400021fdb,2026-09-26T04:59:50+00:00,02f93e7c6b829ae838494ffceff1e9f696dc911c06efaa61598cc64d76a84667,173792,284 daily files 20160130..20161109
locationid=2583/year=2021.zip,https://openaq-data-archive.s3.amazonaws.com/records/csv.gz/locationid=2583/year=2021/,members-sha256:92aa6c69227afa781c4d349affcd38021debb1a7c0658a0b97317e42b9e7b142,2026-09-26T05:00:00+00:00,7ab6357a0f60f2f19bf8445e8c59529bd97af21132cae87cf6bf2b939d41d3b3,227842,194 daily files 20210101..20211231
locationid=2503/year=2016.zip,https://openaq-data-archive.s3.amazonaws.com/records/csv.gz/locationid=2503/year=2016/,members-sha256:fa375bf2a6756212dbd49fa57136cc9846d6fc9aec054b64a1787ac4c09b2134,2026-09-26T05:00:03+00:00,c7cf04d37795a6063617d4dcd9a9d09802bc43b56f4f900f9dd985650f3fe1f8,384998,258 daily files 20160322..20161231
locationid=2549/year=2016.zip,https://openaq-data-archive.s3.amazonaws.com/records/csv.gz/locationid=2549/year=2016/,members-sha256:4aa1bccf47e295c5f72a51a423fa1ac6e0f5eff898a238952cfe921efe44f7df,2026-09-26T05:00:09+00:00,3e15747f940af2a3d506e889d4b2f6cd06b5baf2e0d08abefe246c8877ae8f01,300069,248 daily files 20160322..20161231
locationid=2583/year=2016.zip,https://openaq-data-archive.s3.amazonaws.com/records/csv.gz/locationid=2583/year=2016/,members-sha256:76ad2626f77c73e3ca4a1da438b352445dbd10b92c660406a21699a60a2d4c9f,2026-09-26T05:00:30+00:00,768a09b2048c9d9fd0c3955fd6a3d33b1177d448021bc92add60478bc240f207,412838,252 daily files 20160321..20161231
locationid=2587/year=2018.zip,https://openaq-data-archive.s3.amazonaws.com/records/csv.gz/locationid=2587/year=2018/,members-sha256:d332836940b4b1253a43d43653af3011a50768f2df0864d27e77b646791a1592,2026-09-26T05:00:31+00:00,2caa66ff583869845ca688794a7d6a581661920cbf6a6e07dfea8d4775d900bb,89176,53 daily files 20180101..20180222
locationid=2463/year=2017.zip,https://openaq-data-archive.s3.amazonaws.com/records/csv.gz/locationid=2463/year=2017/,members-sha256:a8c429854a207b3f299ef2fc3c94e27bc5da465462b4ed9510830ace485a0fdf,2026-09-26T05:00:34+00:00,e16aa24f388b2af8d9087637214d5ce19ae32d184746b6eead2abbc0f8cdbae3,494896,324 daily files 20170102..20171231
locationid=2586/year=2026.zip,https://openaq-data-archive.s3.amazonaws.com/records/csv.gz/locationid=2586/year=2026/,members-sha256:26e297326fd0a9335e98fd5edb0e17952ae9e500769bbb20dfb8e66c7a621c5a,2026-09-26T05:00:42+00:00,24118ef568d19549851e58afb9f94ecac363563a4afcc3a7e742f1edcc15f6fa,482547,79 daily files 20260101..20260331
locationid=2586/year=2022.zip,https://openaq-data-archive.s3.amazonaws.com/records/csv.gz/locationid=2586/year=2022/,members-sha256:257f83c43424d492f50fd8a0701bae57fba3bdbf6ae21c002647956fc9b0c309,2026-09-26T05:00:48+00:00,a1f0a15bcfb83c2c0f3669a8ea30c6a4edfcfe06e4d0aee012898123a29b1f4b,121996,102 daily files 20220101..20221016
locationid=2586/year=2019.zip,https://openaq-data-archive.s3.amazonaws.com/records/csv.gz/locationid=2586/year=2019/,members-sha256:964b0d21d4fa346ff68a6d8a82c17d0844e51c6bc1ab2367f7f9c35f85f04294,2026-09-26T05:00:49+00:00,c5529f251c6fb2eb60701ffa23158d2c77d328a9d6df6f46b734cfd31085cfb5,305227,143 daily files 20190103..20191231
locationid=2589/year=2018.zip,https://openaq-data-archive.s3.amazonaws.com/records/csv.gz/locationid=2589/year=2018/,members-sha256:bcd71fe100561ba5fb008f0d584de2f2a3113c6a9ecfadb81e321ed9613d1662,2026-09-26T05:00:49+00:00,251e466a3acfc01c0e301d3ba85348cd11c2df62b17fa3181642545ba4e058d9,56480,52 daily files 20180101..20180221
locationid=2503/year=2017.zip,https://openaq-data-archive.s3.amazonaws.com/records/csv.gz/locationid=2503/year=2017/,members-sha256:577f0c819fb68b0e20f9c7fda632f2d86c6738ace8a928badd8c6553ec84fa67,2026-09-26T05:01:06+00:00,64dc0c4d7d0c20b6f0e9d14eb3fa3f8e1777647e87e0f7e7a078d1d7582c4a71,695628,338 daily files 20170101..20171230
locationid=2585/year=2016.zip,https://openaq-data-archive.s3.amazonaws.com/records/csv.gz/locationid=2585/year=2016/,members-sha256:5ccc787d7c4a99e6e5dbb16fe9c140899ad421873c1f1714d40959955a38359d,2026-09-26T05:01:06+00:00,0c7d6125d05e4ab7b4c863d7e9960e4c13f44181d3e4e03eabab29b70f626b3a,431363,263 daily files 20160321..20161231
locationid=2591/year=2018.zip,https://openaq-data-archive.s3.amazonaws.com/records/csv.gz/locationid=2591/year=2018/,members-sha256:3adb5a4e704f9673f251a0d7f1937c45952dfdb3d9a3c1baffe7efbc0dd64417,2026-09-26T05:01:14+00:00,bccec8f60c3cfcce585ce9da6c82af6aa307f3d097004de5a0e0957b98d03330,85953,52 daily files 20180101..20180222
locationid=2549/year=2017.zip,https://openaq-data-archive.s3.amazonaws.com/records/csv.gz/locationid=2549/year=2017/,members-sha256:e4bc6326ab9b38f701114dfd53505d90ad6433ce88b52a776c69316102a6860c,2026-09-26T05:01:20+00:00,42c3ef9c477975fde6211dd45f32cd5465494eefd510eb0e8fe98db97150cf9b,618848,334 daily files 20170101..20171231
locationid=2586/year=2021.zip,https://openaq-data-archive.s3.amazonaws.com/records/csv.gz/locationid=2586/year=2021/,members-sha256:8b4bbf69d11446fcb35475aa84bf886383688e635f55e7fd4e9398533434119f,2026-09-26T05:01:26+00:00,53ff4a28154f215bb74f826b6e3eca43413e47a8775ca798e6756f40d647b0af,210991,161 daily files 20210101..20211231
locationid=2583/year=2017.zip,https://openaq-data-archive.s3.amazonaws.com/records/csv.gz/locationid=2583/year=2017/,members-sha256:b80a7de9710ff5409ca837db7d1cfdd7be40320c9f1d05fc61ffe62db2a44093,2026-09-26T05:01:31+00:00,4c0ec39262ef1d82e174b72ccb743486dc9b18a6f63f6a0301ab1b9973e8d8af,660101,328 daily files 20170101..20171229
locationid=2592/year=2018.zip,https://openaq-data-archive.s3.amazonaws.com/records/csv.gz/locationid=2592/year=2018/,members-sha256:2283e24f14f25548dde3ce5607d9f7da8e82cb721974259856ae9caa826000eb,2026-09-26T05:01:31+00:00,49d96eae52c22152efab03426252f4ebdbe7d70ec1495bad5bf355ac4eb7620d,81525,53 daily files 20180101..20180222
locationid=2586/year=2018.zip,https://openaq-data-archive.s3.amazonaws.com/records/csv.gz/locationid=2586/year=2018/,members-sha256:191967eafed52b7e6f167dab4908da0fad866b6e5685992b552e8c1c4b3d2d55,2026-09-26T05:01:36+00:00,037e719c70e034fc262c6bff754011c016be1e8d3771fa4c9f4ea6f9b586f467,335273,205 daily files 20180101..20181119
locationid=2593/year=2018.zip,https://openaq-data-archive.s3.amazonaws.com/records/csv.gz/locationid=2593/year=2018/,members-sha256:1c8ae57d0602b94f576c5c6d4e20ff352b61e51cbe97a5ca27a9c7353ffafdc4,2026-09-26T05:01:46+00:00,8161d23473055dc4f0c16451e1f7497ab8df82f21a56c0b382df56ca5188aa22,66915,50 daily files 20180101..20180222
locationid=2583/year=2020.zip,https://openaq-data-archive.s3.amazonaws.com/records/csv.gz/locationid=2583/year=2020/,members-sha256:30ababcd387eb4bb26e696aa549d799129a759c9814cd0f0c86995718ad79b71,2026-09-26T05:01:57+00:00,da85c2a3a936352d62ac9691335439a1df4556080b3962b101d057da80969d8d,616904,342 daily files 20200101..20201231
locationid=2594/year=2018.zip,https://openaq-data-archive.s3.amazonaws.com/records/csv.gz/locationid=2594/year=2018/,members-sha256:cc200c16e9402f6740fefdda72e000da72acba4606f865201ff58de1fd02c466,2026-09-26T05:02:03+00:00,00d3a64d25439282f3f15927bec3dcd797d5677f2537fe81357b81c1bcb2cfe2,57119,49 daily files 20180101..20180222
locationid=2586/year=2016.zip,https://openaq-data-archive.s3.amazonaws.com/records/csv.gz/locationid=2586/year=2016/,members-sha256:44563da8a68b9f7a7cf0417152f3625b8fdfe62ecd739630b90cc7ec4fa2d93c,2026-09-26T05:02:08+00:00,ac9963486ae978b3b1e91f02dd5efac595d22c2ee8f5393f9b76af1ad38c553b,238795,251 daily files 20160321..20161231
locationid=2585/year=2017.zip,https://openaq-data-archive.s3.amazonaws.com/records/csv.gz/locationid=2585/year=2017/,members-sha256:85230f94bf67a348cb91604d3c1e67042c8284ffab5e81b9025b9021695c1aa0,2026-09-26T05:02:17+00:00,0da796b48b757acaac4c818086c34d4c4cc64ad8383fe795ff5e9880d9c6bbca,617378,338 daily files 20170101..20171231
locationid=2595/year=2018.zip,https://openaq-data-archive.s3.amazonaws.com/records/csv.gz/locationid=2595/year=2018/,members-sha256:8b21be89b55d0ca5af774aff3805b29e8a2728a35271b8aacf3d4b9135dcda5d,2026-09-26T05:02:21+00:00,56a1325201e758e45a99644938e37fab6d88dda19161636edbd02b608f28fde6,67358,52 daily files 20180101..20180222
locationid=2596/year=2021.zip,https://openaq-data-archive.s3.amazonaws.com/records/csv.gz/locationid=2596/year=2021/,members-sha256:0e9e6c5dda18a11da914c8dc10664bc9d08a704d3bb7b76dcd86816eb4e96123,2026-09-26T05:02:26+00:00,15ce5f82e731a105ae217f824a0ed28b1fb80ba6b53400c1c93621636d32a789,7298,9 daily files 20210101..20211211
locationid=2596/year=2018.zip,https://openaq-data-archive.s3.amazonaws.com/records/csv.gz/locationid=2596/year=2018/,members-sha256:f7ebb3bf00186e9377d011769505e975a2b159019b1fa931fe7e4d9bca969424,2026-09-26T05:02:44+00:00,cfd6196f4cff6fc5b423133f14ad8e0f17792e4b89049621f80e5f717f4335e9,57889,59 daily files 20180102..20180602
locationid=2596/year=2020.zip,https://openaq-data-archive.s3.amazonaws.com/records/csv.gz/locationid=2596/year=2020/,members-sha256:a29b79d177591ce490f1601465943743ac62336e3609e199c0430ce0950d9a12,2026-09-26T05:02:52+00:00,93835aba50aeae2b82c378c76f0d09fb6ab12468c5ca30fcf683621c3363eb9b,64892,49 daily files 20200101..20201231
locationid=2596/year=2019.zip,https://openaq-data-archive.s3.amazonaws.com/records/csv.gz/locationid=2596/year=2019/,members-sha256:c31459867f37a1bba6c3770412abc3ca23be50ef4a586c92aff4ebabceff1d02,2026-09-26T05:03:04+00:00,777e8fea4fafac5429fabb1c18a0c61cd8d95a738625b34f67451ea0854323ea,251125,77 daily files 20190103..20191231
locationid=2586/year=2017.zip,https://openaq-data-archive.s3.amazonaws.com/records/csv.gz/locationid=2586/year=2017/,members-sha256:0d9ea047907bf38550bb8bd5d6bcff9f3e329e59e4954f67183af1484ba506ac,2026-09-26T05:03:06+00:00,86a3ea1fd4701b1882aac351209e835ed8e1d45e6d38c78d5fcefa3d98897621,538574,338 daily files 20170101..20171231
locationid=2587/year=2016.zip,https://openaq-data-archive.s3.amazonaws.com/records/csv.gz/locationid=2587/year=2016/,members-sha256:ded06f647504ce675fb694de78ad7eb0016ad9b1635b5b647e4f64fbcfff7f5c,2026-09-26T05:03:15+00:00,730aa4981cd5ec5547dd4cf92859fea921661a194628bc0ba61e1b4c7b3e5da0,422249,273 daily files 20160322..20161231
locationid=2589/year=2016.zip,https://openaq-data-archive.s3.amazonaws.com/records/csv.gz/locationid=2589/year=2016/,members-sha256:7ae09ad5c7115dae05cac28a215b4f3b316e50d44509a00da2be965ba125d0f6,2026-09-26T05:03:28+00:00,b4f58ee848d4070392a826c879746d21e3f62a41bb7657db02613dbbb0a6ddd4,296422,264 daily files 20160321..20161231
locationid=2586/year=2020.zip,https://openaq-data-archive.s3.amazonaws.com/records/csv.gz/locationid=2586/year=2020/,members-sha256:1d96d39c27d4afd6759819f2f7083d2450bc0ebcc89fdb2bff0f7b61461dc982,2026-09-26T05:03:29+00:00,0840072679d7f21be6086bb9192480e93b4b4f5d4be688cbd83513ecdbf89398,500516,343 daily files 20200101..20201231
locationid=2586/year=2025.zip,https://openaq-data-archive.s3.amazonaws.com/records/csv.gz/locationid=2586/year=2025/,members-sha256:db10a950697a27173037e41af3500d6ad0aedd76d2c074b2b2b8cd82b8776661,2026-09-26T05:03:34+00:00,929e0093233afd0e4e9c89c17ad53ed567bff9f8b622fd8788c03bb19e695dc1,1475532,294 daily files 20250219..20251231
locationid=2592/year=2016.zip,https://openaq-data-archive.s3.amazonaws.com/records/csv.gz/locationid=2592/year=2016/,members-sha256:a7e5a8c65ad4178b4bc812bcc5a4618101fff5b14f455882ec314bf9b1da8e9a,2026-09-26T05:03:40+00:00,c9cd11e50b2ce936ed87a6b3bb17b38589898cda55e6a5c7ed726fe6e26c1fdd,258452,218 daily files 20160322..20161231
locationid=2596/year=2022.zip,https://openaq-data-archive.s3.amazonaws.com/records/csv.gz/locationid=2596/year=2022/,members-sha256:c38efcdb9ef148841746e5d18b313b6a616bb20d6546b8caf1293c6d8e57705e,2026-09-26T05:03:52+00:00,b41b647354e4d64fef3523820b010b8e947d57dabe52598646ca0e6515b9d529,121116,117 daily files 20220107..20221031
locationid=2587/year=2017.zip,https://openaq-data-archive.s3.amazonaws.com/records/csv.gz/locationid=2587/year=2017/,members-sha256:492699064d84450a4ae32f20a3a762229de759ca9cb89f1dd2deac72717513c0,2026-09-26T05:03:58+00:00,9862bdf41b24e5dd03b33235256ee2e2e7c71c742a1e8e862c0a737173faa2ea,508760,324 daily files 20170101..20171231
locationid=2591/year=2016.zip,https://openaq-data-archive.s3.amazonaws.com/records/csv.gz/locationid=2591/year=2016/,members-sha256:a21307e3207b26fc7bd9fede85112450893e1570095f489fbf437ec7e04da311,2026-09-26T05:04:01+00:00,b43bd6d6e8dfefede9f387d85d678b4a2b1acbb68cebd7df7c45ce2539f94e8f,543973,267 daily files 20160322..20161231
locationid=2596/year=2025.zip,https://openaq-data-archive.s3.amazonaws.com/records/csv.gz/locationid=2596/year=2025/,members-sha256:d47c53cbdc28e65b89645ee423b64eb2c824a2f425d2ec841d5f01b3f73326c0,2026-09-26T05:04:02+00:00,6950b96317062aa48524d88ac009d9b8620834192d72537cfa96c9d0ef0cf297,305398,114 daily files 20250219..20250623
locationid=5505/year=2018.zip,https://openaq-data-archive.s3.amazonaws.com/records/csv.gz/locationid=5505/year=2018/,members-sha256:a3f393e0dd6c31904bf4e6b677a0182b585b8c07c73104972a5336e1a42a0bbf,2026-09-26T05:04:23+00:00,be7ed3b15a4e2c7a9cd8166ae90872e9f40b92e77f370e22d129d44765d40f96,3849,6 daily files 20180309..20180314
locationid=2589/year=2017.zip,https://openaq-data-archive.s3.amazonaws.com/records/csv.gz/locationid=2589/year=2017/,members-sha256:51420222ce96e2e2493f992c2835ba1cf233c412cc2c7e0ad9451c43dd6fe4b1,2026-09-26T05:04:24+00:00,c576d7f31a2d05cff23656fabe38cdc144d97f95cc38216a663bdd0b9e5ca971,340252,341 daily files 20170101..20171231
locationid=2593/year=2017.zip,https://openaq-data-archive.s3.amazonaws.com/records/csv.gz/locationid=2593/year=2017/,members-sha256:29af0a395a17772188fd9d8dab35769f49f9853f2040fe5e198cd6badd322204,2026-09-26T05:04:31+00:00,4e58cb3104b0c8483cb02054a2885d1f05b0032617170343307297c873bcbcc1,357238,274 daily files 20170102..20171231
locationid=2593/year=2016.zip,https://openaq-data-archive.s3.amazonaws.com/records/csv.gz/locationid=2593/year=2016/,members-sha256:c8aabd0ca66e4acf1664530cc1723d3141ea163a2c562c93ac9997f8fb169a9c,2026-09-26T05:04:36+00:00,71aa029db341f49895e2d2dc47b30c7e58046e36e5b2d65fe6478e320d82d052,357561,275 daily files 20160322..20161231
locationid=2598/year=2020.zip,https://openaq-data-archive.s3.amazonaws.com/records/csv.gz/locationid=2598/year=2020/,members-sha256:d8b4909b260ce9cfe0632d1e3a6c2ceef4d939e6d6a061cc2131d20adbf42e1c,2026-09-26T05:04:42+00:00,7a05a86900c78e03fc43c9f95112edc8490dd1d0ce16152a7b41fb613e1bddae,127165,94 daily files 20200101..20200409
locationid=2594/year=2016.zip,https://openaq-data-archive.s3.amazonaws.com/records/csv.gz/locationid=2594/year=2016/,members-sha256:2865f9bad98355f496b265e78f63f3346c03f48720e8c9ce29cb0fe678ad6a6a,2026-09-26T05:04:42+00:00,4e7a8acac4dd255d807f2ce75d7a9cae2b718141b5ee00fce3712a38adebd1fa,283942,262 daily files 20160322..20161231
locationid=2592/year=2017.zip,https://openaq-data-archive.s3.amazonaws.com/records/csv.gz/locationid=2592/year=2017/,members-sha256:8e4ea06d9af5e416f8080152d7d36a1ab83401f6561a3cbfb4e7f331b212521c,2026-09-26T05:04:43+00:00,f176c92278d7d76a13ea8184a1a9016ff3df4558e161c2fa72754a75ab774f90,392503,303 daily files 20170101..20171231
locationid=5509/year=2018.zip,https://openaq-data-archive.s3.amazonaws.com/records/csv.gz/locationid=5509/year=2018/,members-sha256:2ae4ccc9d04c3ab03b16aa9662ed0394ff62f5ab2f85232eea5e6def7c85f39f,2026-09-26T05:04:46+00:00,2f97ed82ba583835fb728346909514ab9a111933a2e26dcae38c58f01e49f3f6,11279,19 daily files 20180309..20180510
locationid=5404/year=2026.zip,https://openaq-data-archive.s3.amazonaws.com/records/csv.gz/locationid=5404/year=2026/,members-sha256:460a4c1551020b166afe9768924546438213b9d878cf220b37d6a5c8b0eecbcf,2026-09-26T05:04:48+00:00,55f96f64cd73e0e3e82e96a7297f4eb31e4269c90fbe9a78efc8e86b253ff92a,327260,74 daily files 20260108..20260331
locationid=2591/year=2017.zip,https://openaq-data-archive.s3.amazonaws.com/records/csv.gz/locationid=2591/year=2017/,members-sha256:4e0096e2fc35221bea1cf14d7ecf0353202f3e1b5c8ba79de595693b127dd3ed,2026-09-26T05:04:49+00:00,b0e2720d090f8b45cab38b1f7a05e001b48f4aa19ca96257c306cf11ed174e5a,662077,337 daily files 20170101..20171231
locationid=5540/year=2018.zip,https://openaq-data-archive.s3.amazonaws.com/records/csv.gz/locationid=5540/year=2018/,members-sha256:6da859bdd6ac615a4a4a7a0a3e79b570fbf23c53da38c2db306f0cf4b42bc8e0,2026-09-26T05:05:00+00:00,e431cb4b1780a178d4724a66e39605089153907b3eae577c9dd8c92f75e6a99b,13087,21 daily files 20180309..20180513
locationid=5443/year=2025.zip,https://openaq-data-archive.s3.amazonaws.com/records/csv.gz/locationid=5443/year=2025/,members-sha256:9ee486c7556ce1ef0eeff89bac60ea3c3140ba6d1f9dbb43d0387411b385912e,2026-09-26T05:05:07+00:00,698dc8e627d944a8d845398e0a270c7c8a0ed491e7d63fc5a778e86008f1ebd8,279545,71 daily files 20250219..20250505
locationid=5408/year=2026.zip,https://openaq-data-archive.s3.amazonaws.com/records/csv.gz/locationid=5408/year=2026/,members-sha256:602893b1e66c3606277b7241f1d210c89ee983e9a10023d3834ab0860d43467c,2026-09-26T05:05:08+00:00,53c92807f0199a847404db1e21ca36883be557835756acdeac1ef6be80c13629,393477,81 daily files 20260101..20260331
locationid=2598/year=2019.zip,https://openaq-data-archive.s3.amazonaws.com/records/csv.gz/locationid=2598/year=2019/,members-sha256:6ca73d05d60353a3c9f21a38f4a9ba60aa6a0c2c8ee71ff3288f6134a123cbfe,2026-09-26T05:05:08+00:00,0fb7ebce9e0fc0d19b3f516c5461144f4e63a5d1a7cd071baca4de04f02ec76d,209352,143 daily files 20190103..20191231
locationid=2595/year=2016.zip,https://openaq-data-archive.s3.amazonaws.com/records/csv.gz/locationid=2595/year=2016/,members-sha256:6c495df4e38052895d6ff0e7392c9d227c71323f1559cab2fd66f77510ad7a75,2026-09-26T05:05:10+00:00,437fe6d393b2be3a98356e315be0e208ec262c63e48cb532e90d6d7f3d8df04f,622906,275 daily files 20160322..20161231
locationid=2596/year=2016.zip,https://openaq-data-archive.s3.amazonaws.com/records/csv.gz/locationid=2596/year=2016/,members-sha256:c7d28994e57ab015940d931b84ab0881c73e93f5381954dcfcd4e6921308dfd8,2026-09-26T05:05:24+00:00,e29dad036ab65f896d5688783fab59675eae2924d2468b743ab483c1596e38f4,825327,254 daily files 20160321..20161231
locationid=5509/year=2022.zip,https://openaq-data-archive.s3.amazonaws.com/records/csv.gz/locationid=5509/year=2022/,members-sha256:992576c0cd359c5c3f36142bf068df466230e682097ef75062bd7b926c9941d1,2026-09-26T05:05:33+00:00,fc8166b9469ec9a36fc6f284d97562ad22608841e5256bf36e2f000f9044adb4,80564,76 daily files 20220101..20221031
locationid=5541/year=2022.zip,https://openaq-data-archive.s3.amazonaws.com/records/csv.gz/locationid=5541/year=2022/,members-sha256:8f7be34b35533370f44446e292eb69dc30c8b578e7b85b8bf57859844e826508,2026-09-26T05:05:33+00:00,c1f1bba557aab36b97d067339dbc5f48116bbfb51297076c34ecf74aceef2183,39956,56 daily files 20220101..20220603
locationid=2594/year=2017.zip,https://openaq-data-archive.s3.amazonaws.com/records/csv.gz/locationid=2594/year=2017/,members-sha256:b6940dea1ba123bd597dd3c231b0d7843db3620ea67c269a8ee675865746a951,2026-09-26T05:05:41+00:00,96c64e0ff7853641e24d167158cb17560c16984101db30a61bcc61c066ee475c,405121,338 daily files 20170101..20171231
locationid=5541/year=2021.zip,https://openaq-data-archive.s3.amazonaws.com/records/csv.gz/locationid=5541/year=2021/,members-sha256:7ec3d1e5c0a12908ddc948ba71dd5da0cf5e5baafc26ea606cd3b57ae3848581,2026-09-26T05:05:43+00:00,b87aab601ef95f723fc1ddba880ea67ec9f7e4297ad96afdfd97d37e0f2ade2e,89015,66 daily files 20211026..20211231
locationid=5509/year=2021.zip,https://openaq-data-archive.s3.amazonaws.com/records/csv.gz/locationid=5509/year=2021/,members-sha256:7f4cd67b834e2ca16077a4618bde3dbc95cab444f1fadc047632d896f87a5d64,2026-09-26T05:05:45+00:00,fa51c78e9082d7f7cc0c4a3bf3f45b0a5f786c234a8c519dcc8624e7a8acd213,135899,91 daily files 20210920..20211231
locationid=2595/year=2017.zip,https://openaq-data-archive.s3.amazonaws.com/records/csv.gz/locationid=2595/year=2017/,members-sha256:52b8d8cf4d0d81727c4ecf285bd77bc1139a7e6776c5c4b678a4b9470adca974,2026-09-26T05:05:54+00:00,ddb2d65bd151759e06109d72f97217134d3690c24f8a77da175589127face5d4,504982,326 daily files 20170101..20171231
locationid=2598/year=2018.zip,https://openaq-data-archive.s3.amazonaws.com/records/csv.gz/locationid=2598/year=2018/,members-sha256:8c7e251c4d22daba759c9f2cb6dd2511fe2c710f3040d66c34d83b549b00c6ce,2026-09-26T05:05:59+00:00,4f8071022b1b65ed874935b05104d7f127bf171e09326d5fd7085477a19ed5be,268682,209 daily files 20180101..20181119
locationid=5541/year=2026.zip,https://openaq-data-archive.s3.amazonaws.com/records/csv.gz/locationid=5541/year=2026/,members-sha256:77cb707cfc930fb07ab9fe1f4b9633ce461f2c02b630cbd0957fbe23f9799510,2026-09-26T05:06:02+00:00,0d31f94439aeac4dc7a2fc7adf7a52a3dbbad52f3584ac021338bbc1a682afe8,384363,81 daily files 20260101..20260331
locationid=2596/year=2017.zip,https://openaq-data-archive.s3.amazonaws.com/records/csv.gz/locationid=2596/year=2017/,members-sha256:305d90f61b2133cd3fc0d84fb64f0ecca1cfcb31fadebcb3138093045f676017,2026-09-26T05:06:22+00:00,923fa603b082b6a28964a55738519127292f9e2160c3bdae6e56f4a6ffaa024f,979052,326 daily files 20170101..20171231
locationid=2597/year=2016.zip,https://openaq-data-archive.s3.amazonaws.com/records/csv.gz/locationid=2597/year=2016/,members-sha256:e306cc3bc53f24d4f313863a97e50052d05bdffa3ba19a8653fde152d076728c,2026-09-26T05:06:32+00:00,9031161a6c5163dc4913d25fc5ed82f54ba6cf0a39d587a5c520a8a6fa35ee5a,178511,284 daily files 20160130..20161109
locationid=5542/year=2026.zip,https://openaq-data-archive.s3.amazonaws.com/records/csv.gz/locationid=5542/year=2026/,members-sha256:064870a773a50383680e0a4df47391f0d1f565c6167a569505af1acf6b585011,2026-09-26T05:06:34+00:00,2143274ee7ffa4404fbaa1c383f394bc2e50d9105cf19553583d66ccee9f9001,476333,81 daily files 20260101..20260331
locationid=5541/year=2018.zip,https://openaq-data-archive.s3.amazonaws.com/records/csv.gz/locationid=5541/year=2018/,members-sha256:b3918b0b6309ca0e1c752a9ad4130a1207e5b6a6fbf7137b8cdd34275c2a5a45,2026-09-26T05:06:34+00:00,e8abc91f219a346ad149e83cd6c98fa8569b987ea59a874d9dc401695671b473,198657,137 daily files 20180309..20181228
locationid=5542/year=2022.zip,https://openaq-data-archive.s3.amazonaws.com/records/csv.gz/locationid=5542/year=2022/,members-sha256:73edb04087fa502f9fcafeacada373bfe42669877b29c49e80be25e524deb36f,2026-09-26T05:06:37+00:00,e726f3bbd863ed4fa6ade266bc86a1f77881816575d2a727fb0a31d32ed90e61,129173,104 daily files 20220101..20221031
locationid=2598/year=2016.zip,https://openaq-data-archive.s3.amazonaws.com/records/csv.gz/locationid=2598/year=2016/,members-sha256:15d789aef66c4a4ea4afc7d6e0dbb760989df4b60895e246e2c4146d126b19ec,2026-09-26T05:06:44+00:00,2d39a8b927375d559df80d96960713b6dde314acda6ddd095f5b5c4adce13bae,410071,283 daily files 20160321..20161231
locationid=5541/year=2019.zip,https://openaq-data-archive.s3.amazonaws.com/records/csv.gz/locationid=5541/year=2019/,members-sha256:bfb4d3ae1aedeff6f180397e24c34589e0a19d23805f836ee5cabf86de654c99,2026-09-26T05:06:46+00:00,ba4672db2cd8a8b5e312b5f4e0e33c63faaf272c8557be7d7232d50aed080067,347860,151 daily files 20190103..20191213
locationid=5546/year=2026.zip,https://openaq-data-archive.s3.amazonaws.com/records/csv.gz/locationid=5546/year=2026/,members-sha256:988ac8b1d112c910f76cf7066d0547d3719082a1686568f3f6e5d7c9646371dd,2026-09-26T05:06:53+00:00,e23c203d27c3acae81280645ff4d6638008e2b47e050c5cace7d181fbcfcb756,29418,8 daily files 20260320..20260331
locationid=5542/year=2018.zip,https://openaq-data-archive.s3.amazonaws.com/records/csv.gz/locationid=5542/year=2018/,members-sha256:f86909b6c8423291a882fe1ac3a049dc462b4a856ccecb854caf993a4812d797,2026-09-26T05:06:53+00:00,3c7c55d2016ef98418a43d656a2c3d66c40d45c869fee93a09e0cbdd09123017,152650,151 daily files 20180309..20181119
locationid=5544/year=2022.zip,https://openaq-data-archive.s3.amazonaws.com/records/csv.gz/locationid=5544/year=2022/,members-sha256:7f0bdfab326245ad6502002ec2c48a9ef87e335afafd8823163248541afb8f0d,2026-09-26T05:06:58+00:00,1983d58ebb600c5cc21a67999b1fa36ddca5c94f8b5b9039901d885d8ddb42a2,127852,103 daily files 20220101..20221031
locationid=5544/year=2026.zip,https://openaq-data-archive.s3.amazonaws.com/records/csv.gz/locationid=5544/year=2026/,members-sha256:6a5c51ca8569044e1585fd782d49fc42763bbea57cd95082b20ade9a7dd0ebee,2026-09-26T05:06:59+00:00,24b13c5875f799470b3ed76a35b4319b212bd33623b304a0592e66f574e39fb3,460589,81 daily files 20260101..20260331
locationid=5542/year=2021.zip,https://openaq-data-archive.s3.amazonaws.com/records/csv.gz/locationid=5542/year=2021/,members-sha256:bca4a2e1a235f88122b118c9d7c5969cac298b2a4ae0124b942c174994dfc846,2026-09-26T05:07:01+00:00,8871dfa3bfb045fa2134cd9f9cf789648bcc1424324de81b372e9c21f8c0219b,228257,150 daily files 20210102..20211231
locationid=5546/year=2022.zip,https://openaq-data-archive.s3.amazonaws.com/records/csv.gz/locationid=5546/year=2022/,members-sha256:7991484182decd2e138f97f9acb6a5fe8092ba68701193e654fa8cfe987826c4,2026-09-26T05:07:05+00:00,445356b99f06a991332ec6ada6a88af7f2ee8ac5553d3cb2663441178e8ab40e,33369,46 daily files 20220101..20221016
locationid=5542/year=2019.zip,https://openaq-data-archive.s3.amazonaws.com/records/csv.gz/locationid=5542/year=2019/,members-sha256:9bea58a69c1076819dc518b98a3f6753d6093fe96a0df286cc67baa41cd8431f,2026-09-26T05:07:23+00:00,de5d126e6d31526a6d44b71a87dc9dca5a66eae08d23ec35d22bbc9d0db1d5e7,570269,192 daily files 20190103..20191231
locationid=2598/year=2017.zip,https://openaq-data-archive.s3.amazonaws.com/records/csv.gz/locationid=2598/year=2017/,members-sha256:46a93d82bb550acdd3fcf77de9ce89498ca0d239ae5b427fbfc2b16d1e6e2b33,2026-09-26T05:07:26+00:00,9bc27e4ee37038d509bd5b6db2082a9508b555f80e1fb49f2c62db9c5c5a84d4,399174,337 daily files 20170101..20171231
locationid=5546/year=2018.zip,https://openaq-data-archive.s3.amazonaws.com/records/csv.gz/locationid=5546/year=2018/,members-sha256:e0092cb90019ecc7bae634dc62119109bc7073db30ffc4b4d657af466caddb31,2026-09-26T05:07:27+00:00,21f0cfcae6f0708624421ddf4b432a8448a4109c84eabea01633c7257dc713c3,180057,106 daily files 20180309..20181115
locationid=5544/year=2021.zip,https://openaq-data-archive.s3.amazonaws.com/records/csv.gz/locationid=5544/year=2021/,members-sha256:58dffaad9c601d9491671d99d433417f7b6a4a40cef1af5a3fb3bd5b4e8a11f3,2026-09-26T05:07:29+00:00,0222190ce8b20f2ea2c77faf9ced10fce695684228a218952fdbda3d0413b3d0,215386,146 daily files 20210103..20211231
locationid=5544/year=2018.zip,https://openaq-data-archive.s3.amazonaws.com/records/csv.gz/locationid=5544/year=2018/,members-sha256:21622c1ccc6a90ef3cbc4ad195bd12503580222fd59e47b093172c89834dc055,2026-09-26T05:07:30+00:00,e129e4144f802e3f06399513d64162e557ed8277ca422d9732172e3e868ef831,314181,158 daily files 20180309..20181119
locationid=5404/year=2025.zip,https://openaq-data-archive.s3.amazonaws.com/records/csv.gz/locationid=5404/year=2025/,members-sha256:89f5232057aafafa4ff16a80ee74584138b66b4ce7954e740b50aeaf13dc29a6,2026-09-26T05:07:47+00:00,49e759c1994026886dfde0edb899262c8b14c4342712986068ab72a91b29dc06,1902885,302 daily files 20250219..20251230
locationid=5544/year=2019.zip,https://openaq-data-archive.s3.amazonaws.com/records/csv.gz/locationid=5544/year=2019/,members-sha256:1ac9c0294ebfd562fc642faa773817e23d83d2483483fb5840d79d4e05dffa5c,2026-09-26T05:07:53+00:00,6bb1563a4ce06650c256ba3081b8da75bb82a84075be4210c68d00ab32d9288a,470018,171 daily files 20190103..20191231
locationid=5546/year=2021.zip,https://openaq-data-archive.s3.amazonaws.com/records/csv.gz/locationid=5546/year=2021/,members-sha256:a9cb6c9ec8cd4cecb5cdae9edfade5f959f636caef31fbcfc49d6ab10fc5216d,2026-09-26T05:07:55+00:00,ddaa0893ca6c5b112833aed7af9a677502d701a1e291d34c007651005de6c288,97984,112 daily files 20210101..20211228
locationid=5547/year=2022.zip,https://openaq-data-archive.s3.amazonaws.com/records/csv.gz/locationid=5547/year=2022/,members-sha256:af80e40af037f98212d064e6e34211461a37f62d7de4ed5df7286e002c2ac369,2026-09-26T05:07:58+00:00,d22310493087d117bab90f683e3c2e9ffd849a74a786761a28c0480afb695216,88204,76 daily files 20220101..20220606
locationid=5408/year=2025.zip,https://openaq-data-archive.s3.amazonaws.com/records/csv.gz/locationid=5408/year=2025/,members-sha256:6c3f0bf54a890948f08f4b6124f68e296a6964b48c3e2b268f0cbb7eb1c60402,2026-09-26T05:08:05+00:00,8806f592d4d5e220d33cce84c55009b6b79fc31186eab7009bb59883b87ebe5d,1336501,312 daily files 20250219..20251231
locationid=5546/year=2019.zip,https://openaq-data-archive.s3.amazonaws.com/records/csv.gz/locationid=5546/year=2019/,members-sha256:12d13ae32582fb7446425b0cbe66491b1eee0ad0d86235be1cd1bfa3d8770a1f,2026-09-26T05:08:23+00:00,08983e7b988c8bd1c42ba27494df846077a9a8f291fbddcf27328ec14cd547f6,514010,167 daily files 20190103..20191231
locationid=5547/year=2018.zip,https://openaq-data-archive.s3.amazonaws.com/records/csv.gz/locationid=5547/year=2018/,members-sha256:b3c017b679126625b4f2b134fa8296aef2e467cf9f7b9d6538f134dda0369516,2026-09-26T05:08:27+00:00,cfe2b95b2e83d30c8bd0d41c38105796d647d6b50e209e06c8a82fb6e610de36,239624,123 daily files 20180309..20181119
locationid=5548/year=2026.zip,https://openaq-data-archive.s3.amazonaws.com/records/csv.gz/locationid=5548/year=2026/,members-sha256:2e09f4920b69ec6699be2e2df92d4a49797e3389d9f815ed81418064af0a9365,2026-09-26T05:08:28+00:00,826266e81165e211efa7c91b9fdf232e28e5ce36f346a00e221b0a6b57d3c14e,375032,67 daily files 20260101..20260331
locationid=5541/year=2025.zip,https://openaq-data-archive.s3.amazonaws.com/records/csv.gz/locationid=5541/year=2025/,members-sha256:ef8bece820e571117187db8ea9e452ec22b67476a13bbc21a9aee870824c13b5,2026-09-26T05:08:37+00:00,2e2ccb70c9ba497c44fd7089d41a7941995a80df14abf5f3d5ba2d5f2c54767e,1499867,297 daily files 20250219..20251231
locationid=5548/year=2022.zip,https://openaq-data-archive.s3.amazonaws.com/records/csv.gz/locationid=5548/year=2022/,members-sha256:8b0290f1e33cee196a7d9059432e2c651d27f21c47ddf272113ccc1bc88ed615,2026-09-26T05:08:44+00:00,335da25bac453079ffd498c99c5808fc75b9859fcd6892a5f8b03980e45f052e,110785,97 daily files 20220101..20221016
locationid=5547/year=2021.zip,https://openaq-data-archive.s3.amazonaws.com/records/csv.gz/locationid=5547/year=2021/,members-sha256:085533dedd295e433ced4a55945dbe7f7e0aeabaf9d52bbcf4987c38dda73685,2026-09-26T05:08:46+00:00,efece5207e8a3a7e46067cd025d0596cdbf02aeaf13175d2d956527ff00edee4,207789,143 daily files 20210101..20211231
locationid=5552/year=2020.zip,https://openaq-data-archive.s3.amazonaws.com/records/csv.gz/locationid=5552/year=2020/,members-sha256:b997c86aac61e52ce0306958142aeed8c4ca7503d8e9ae9d8c2041b1175c5e95,2026-09-26T05:08:48+00:00,aba46a938b9131b1cfb3493ca0911814be2ab7911d9e0c0e120ad87331c8a1f7,2299,1 daily files 20200101..20200101
locationid=5547/year=2019.zip,https://openaq-data-archive.s3.amazonaws.com/records/csv.gz/locationid=5547/year=2019/,members-sha256:cd4f5987e8ec59614408a587e075be260e780fdd089088d4f2781aedbedd94f5,2026-09-26T05:08:52+00:00,4829fafcb2816fe51621323d44a4de3721765cd914044a4fa0bea3c82b690fcb,389794,161 daily files 20190103..20191231
locationid=5548/year=2018.zip,https://openaq-data-archive.s3.amazonaws.com/records/csv.gz/locationid=5548/year=2018/,members-sha256:8b744b57b81f4da1bb8eca0b1b19b65e6e2190c75d83ca8ab741f2556a06207b,2026-09-26T05:08:58+00:00,efa3b9112c63c2c14b85d26c973309dd2821d3501ff41a725ca57c2d9fd55616,299366,141 daily files 20180309..20181119
locationid=5546/year=2025.zip,https://openaq-data-archive.s3.amazonaws.com/records/csv.gz/locationid=5546/year=2025/,members-sha256:78346e50fb217e815ac6826a585109f755f1052a0abd33ee68745b6f364f792d,2026-09-26T05:08:59+00:00,0c8a52c7746f5b8bf3abba470bd34b559f593d684bae26d337d2012e4eb75b22,514455,183 daily files 20250219..20251214
locationid=5542/year=2020.zip,https://openaq-data-archive.s3.amazonaws.com/records/csv.gz/locationid=5542/year=2020/,members-sha256:f7292e49210893633c438cd1bda31ed87be0c8bd67dcde1e9d16941b12f3c79f,2026-09-26T05:09:03+00:00,a5c8436625421e3a866cf8e27cd7c8dd25dc9a97bfc10d5c45241b87b6c666ef,540588,312 daily files 20200101..20201217
locationid=5548/year=2019.zip,https://openaq-data-archive.s3.amazonaws.com/records/csv.gz/locationid=5548/year=2019/,members-sha256:64109eabfe439319e6e40239fc1930f946fbc1e8c67f739e188c7b0c69fff598,2026-09-26T05:09:11+00:00,7330db1aa10d0973244fa7c65238757b208ebf6302fc3f5185a49941660468f8,431101,155 daily files 20190103..20191231
locationid=5542/year=2025.zip,https://openaq-data-archive.s3.amazonaws.com/records/csv.gz/locationid=5542/year=2025/,members-sha256:8081855bae3752d21a0a2eb16e3b9f2c6b6c5dab5fb44ba264b24f100b27a0be,2026-09-26T05:09:13+00:00,f4c948e35881c741a6d7580b4213933480494b35d7d45f288dfd430a3da8631a,1655566,315 daily files 20250219..20251231
locationid=5551/year=2022.zip,https://openaq-data-archive.s3.amazonaws.com/records/csv.gz/locationid=5551/year=2022/,members-sha256:95a571d742cf7d5c17b7a9c3b7df781f79459b4a2896e592268787aa6d698b0c,2026-09-26T05:09:17+00:00,7d561e80a2ed4185c85dbe0bd77f28100fd0f23ef3e86929e92bf63c8b20b326,111171,93 daily files 20220101..20221031
locationid=5548/year=2021.zip,https://openaq-data-archive.s3.amazonaws.com/records/csv.gz/locationid=5548/year=2021/,members-sha256:4420280cede1406724346431c4c2c96844cbab29769ba29247d8df64f866e673,2026-09-26T05:09:26+00:00,eb39a3ebfbbfcae5d1c405557a877660eb1121143fbf07203ea120f372a66856,173621,160 daily files 20210101..20211231
locationid=5544/year=2020.zip,https://openaq-data-archive.s3.amazonaws.com/records/csv.gz/locationid=5544/year=2020/,members-sha256:532612e3d719fafd8997d62d60e6f307ad883dd5516936d4ff56333260cb726f,2026-09-26T05:09:29+00:00,2f6e4a337dc0a321f1ff55f691353326750f901a0391dc3f27966af1165fb7cf,523237,310 daily files 20200101..20201214
locationid=5551/year=2026.zip,https://openaq-data-archive.s3.amazonaws.com/records/csv.gz/locationid=5551/year=2026/,members-sha256:2d43d4c78d0c69a439d64192d807f6a9ae006cb9a5ab36b6b5f4c5e4deb0901d,2026-09-26T05:09:30+00:00,a9ddca48dceb2f4bb7ab664c9db41656e901a2fccd2514b2a7087210e37aaab3,485285,81 daily files 20260101..20260331
locationid=5551/year=2018.zip,https://openaq-data-archive.s3.amazonaws.com/records/csv.gz/locationid=5551/year=2018/,members-sha256:8bdb7b9e9f52359600773453e7b03fb6ae6c0cb74cbcfc65ae8d184b261b8feb,2026-09-26T05:09:49+00:00,f846989d431f4dcbdedebb7ec50cbd4db3b68821772718deddb384cc193b3692,262148,153 daily files 20180309..20181119
locationid=5546/year=2020.zip,https://openaq-data-archive.s3.amazonaws.com/records/csv.gz/locationid=5546/year=2020/,members-sha256:9b38e08d8d52ca81ad8bbde1385eabe6fbfeb5599def411250dff3cfe8acf620,2026-09-26T05:09:55+00:00,969c5eb1f65b8bd4fb156985408346391819605211f704402e8185ac8e56cbf5,583076,281 daily files 20200101..20201231
locationid=5551/year=2021.zip,https://openaq-data-archive.s3.amazonaws.com/records/csv.gz/locationid=5551/year=2021/,members-sha256:90d22f7b3a231b9cb02aa3e606565cb15f141846bf970a6b9254bd612fa5e9d2,2026-09-26T05:10:02+00:00,028c0042bfd1d610c06d8ec9dffc01779540798964d0f7c3ed9c2d6d06b607f1,264706,173 daily files 20210101..20211231
locationid=5544/year=2025.zip,https://openaq-data-archive.s3.amazonaws.com/records/csv.gz/locationid=5544/year=2025/,members-sha256:ee5afc87f6b207bd05bfe97f06c0494566ec9d5ecf5ac9074e81682f19b91279,2026-09-26T05:10:10+00:00,d6bcebc72625484391751ee2c62e12d326f203cc3a4134d79bfe222fcf778d92,1626607,314 daily files 20250219..20251231
locationid=5551/year=2019.zip,https://openaq-data-archive.s3.amazonaws.com/records/csv.gz/locationid=5551/year=2019/,members-sha256:e66f2f96eed615b078b5695651b05f5115c2f29be6a784fe2c4a5c4b4ed19caf,2026-09-26T05:10:13+00:00,7f7e556d259b49dd47808d300042aa5a454aeb5106874d18146fa594c5a91830,611074,191 daily files 20190103..20191231
locationid=5558/year=2022.zip,https://openaq-data-archive.s3.amazonaws.com/records/csv.gz/locationid=5558/year=2022/,members-sha256:cec99ec958252fae724f293eb2393f318f8376ae38f1623ac006a6d7f231e197,2026-09-26T05:10:13+00:00,aeb26c09cd83cfdf48a6490c24bfa5774fd75f02ac88c890733cd67a8cfe0ab2,133954,106 daily files 20220101..20221031
locationid=5558/year=2018.zip,https://openaq-data-archive.s3.amazonaws.com/records/csv.gz/locationid=5558/year=2018/,members-sha256:fb8566d3181a8e5f6a5091f3a3b803cd6713ccde658be90a83eb153839fcf102,2026-09-26T05:10:18+00:00,63051e4b4ce5312be269d5057a55a57e7b44f7eb5d727a62c75b56180a862b92,198961,105 daily files 20180309..20181119
locationid=5552/year=2018.zip,https://openaq-data-archive.s3.amazonaws.com/records/csv.gz/locationid=5552/year=2018/,members-sha256:864d1f28fd624300692fa3ca0730210617dfa5bf37562a3cd3e5d526c9661528,2026-09-26T05:10:25+00:00,b260c5cb6caac6bb6fca4a25671e9f119c810c95b5eb32ff400af3a19fd13f95,281659,150 daily files 20180309..20181228
locationid=5559/year=2026.zip,https://openaq-data-archive.s3.amazonaws.com/records/csv.gz/locationid=5559/year=2026/,members-sha256:0438028e92e9531b1cac6d020df375f217a36d13c7125605836607e22158bede,2026-09-26T05:10:33+00:00,00091cc9d6803228d95f27340ff220c0b6be474e4a647c3e933e0e16b9dcc429,237816,73 daily files 20260101..20260330
locationid=5552/year=2019.zip,https://openaq-data-archive.s3.amazonaws.com/records/csv.gz/locationid=5552/year=2019/,members-sha256:b3e550191ab567514c5f8217a1e7942a3391be20fc9d09c2868cc1c8a7e49175,2026-09-26T05:10:44+00:00,ace281113573738fd6f0f3146c067895e752ee91907acfdbcd40f41f42e945cf,474476,172 daily files 20190103..20191231
locationid=5547/year=2020.zip,https://openaq-data-archive.s3.amazonaws.com/records/csv.gz/locationid=5547/year=2020/,members-sha256:d4b47cc1a84cb7d7f5aead5bd64f0fdc6b0bd0463cd037d2da89cc90efc5325e,2026-09-26T05:10:51+00:00,92826ef780d792f9de57c4d8a3b0a334b66ec9f8bc75f537d980cc897e4875ad,575260,322 daily files 20200102..20201231
locationid=5548/year=2025.zip,https://openaq-data-archive.s3.amazonaws.com/records/csv.gz/locationid=5548/year=2025/,members-sha256:58b4d14e9648c56598242e8089675f23ad56bddf2bce3375133a91a49e6990e1,2026-09-26T05:10:52+00:00,30a2be26a7715c740498fa998d632af771ff50c1589bad642425fffaa7e03fe0,1210584,267 daily files 20250219..20251231
locationid=5559/year=2022.zip,https://openaq-data-archive.s3.amazonaws.com/records/csv.gz/locationid=5559/year=2022/,members-sha256:8f8285ced5f40574125c173934e22d9aec920ad2c22e82b2d7af60d00ccc8244,2026-09-26T05:10:52+00:00,5746a08a09fe3496e61f5a6a72f69d223c7b5130957faa239eb8f0ae6f83fd19,110965,118 daily files 20220101..20221031
locationid=5559/year=2018.zip,https://openaq-data-archive.s3.amazonaws.com/records/csv.gz/locationid=5559/year=2018/,members-sha256:7975697bad117dfdd998129b6a598e1b982ff211fca3a6a0eae750d5a8cbac61,2026-09-26T05:11:01+00:00,4f85c42d00add06f6b558cf4436ddeba1f814def03ec4a68f66fe4229b026e0a,269207,151 daily files 20180309..20181119
locationid=5565/year=2022.zip,https://openaq-data-archive.s3.amazonaws.com/records/csv.gz/locationid=5565/year=2022/,members-sha256:fb78d184a86b7ddf2a6a41014330bcec8a04863b745833392209268cfff3f262,2026-09-26T05:11:01+00:00,7d386caedd4de7ba0eaa34f03b0df95880c4ab013c7f511ce96c3c57610d0ecd,57851,68 daily files 20220101..20221011
locationid=5559/year=2019.zip,https://openaq-data-archive.s3.amazonaws.com/records/csv.gz/locationid=5559/year=2019/,members-sha256:7aaff86f96fe089b6c6f712ed4f0398ae29db46a8d5c203b43400f75e5da271c,2026-09-26T05:11:16+00:00,8dbcdf6934d552985a965c6924d15a598106ec778def1ea205407925b4981cae,392926,170 daily files 20190103..20191231
locationid=5558/year=2019.zip,https://openaq-data-archive.s3.amazonaws.com/records/csv.gz/locationid=5558/year=2019/,members-sha256:fec68128235c1b3aa2d1ca22e2393d75eaf75de776ffd16fa0cc0fad69a1a273,2026-09-26T05:11:18+00:00,3597cbec8c57badc933a3b2daf9d63b270e2ab92c64dd628e3b87c3500ad7cea,574942,194 daily files 20190103..20191231
locationid=5558/year=2021.zip,https://openaq-data-archive.s3.amazonaws.com/records/csv.gz/locationid=5558/year=2021/,members-sha256:f744f6882c89773a36074f02c1a9e0146bbf37eb966b3b23e2f652a0ca062d31,2026-09-26T05:11:19+00:00,b88fc4c3e6a5e4d0da8861b2430a562b364543edc2368695b536a7e41be9d05e,238302,197 daily files 20210101..20211231
locationid=5565/year=2026.zip,https://openaq-data-archive.s3.amazonaws.com/records/csv.gz/locationid=5565/year=2026/,members-sha256:d07a41027f8b8ab8aac94efb678ac8eb77dda4fe799fdece52e6b2d8e0d39487,2026-09-26T05:11:23+00:00,34ecd3b7c9e39f01ae40db238c134feddd9486375ead747033894278e9105765,530176,81 daily files 20260101..20260331
locationid=5548/year=2020.zip,https://openaq-data-archive.s3.amazonaws.com/records/csv.gz/locationid=5548/year=2020/,members-sha256:38a43395e66b0b6a7481c0d033dc3f476a2a67aeb15d852dbc494246f6b3085c,2026-09-26T05:11:30+00:00,aafc8a76ef3c630708f5b3e76b6e4a8a0ddc35962f1a368333b7816657a2cda3,607837,342 daily files 20200101..20201231
locationid=5565/year=2018.zip,https://openaq-data-archive.s3.amazonaws.com/records/csv.gz/locationid=5565/year=2018/,members-sha256:76018cc0ea5ab76da88b03d07eb4bc8c7c7548986c6df7b87b39518311b9838d,2026-09-26T05:11:39+00:00,8eee593325714f76d0fdf8d70e5902e798a075aecd5e991ab1cfbc633af5934e,304730,143 daily files 20180309..20181119
locationid=5565/year=2019.zip,https://openaq-data-archive.s3.amazonaws.com/records/csv.gz/locationid=5565/year=2019/,members-sha256:a655f9147a9ba9f7ed5530a1107fa0e8b620d75b05a3dc42109f09fe3d4f7800,2026-09-26T05:11:58+00:00,edfbd122cd554c9628d795e0dbc4268ce86d7354dab687932c15cdc94b92f1da,422389,165 daily files 20190103..20191229
locationid=5559/year=2021.zip,https://openaq-data-archive.s3.amazonaws.com/records/csv.gz/locationid=5559/year=2021/,members-sha256:d4579ae5d93b2917b1ae7a98add93a121c723fdc24bf3fbfb7e193ebdac15b8b,2026-09-26T05:12:00+00:00,79a1302cfaac9bac6afff9bbe37da64d1436d1f00849d5904281cd76ab2a7e6f,224308,221 daily files 20210101..20211231
locationid=5565/year=2021.zip,https://openaq-data-archive.s3.amazonaws.com/records/csv.gz/locationid=5565/year=2021/,members-sha256:3bc89cf87ca8f07a1e201f458659b9d884783bf51f25e27c6be00da6523ff129,2026-09-26T05:12:00+00:00,458ab3b79024a22ddf799f4d7d52930fd3917ca04c50d77c478dc90a1b337c9c,226440,152 daily files 20210101..20211231
locationid=5566/year=2018.zip,https://openaq-data-archive.s3.amazonaws.com/records/csv.gz/locationid=5566/year=2018/,members-sha256:6886cabbf0c92caf1b887177c851a1a78118cab7b4d42990a1ff89fe22f97209,2026-09-26T05:12:02+00:00,cc6d4da3fbc76b6113d6233cd70d8d1791dfa39cf4c5ba9f4b09a817a04bffdd,223748,123 daily files 20180309..20181119
locationid=5566/year=2022.zip,https://openaq-data-archive.s3.amazonaws.com/records/csv.gz/locationid=5566/year=2022/,members-sha256:c4ee8fc9b17180468cb230dd3a2e2c35321cd3f169c7366ce400d35023fc020e,2026-09-26T05:12:02+00:00,feec9786c96675487501f47ca7b500e3ce87622020dcb37cd122b2b8e049823a,76926,90 daily files 20220101..20221031
locationid=5566/year=2026.zip,https://openaq-data-archive.s3.amazonaws.com/records/csv.gz/locationid=5566/year=2026/,members-sha256:b89c77d6decc20798c615747b565d48a992141964cffb455adc0b6df12216268,2026-09-26T05:12:10+00:00,89da3cf8f9054c1c066a0b744b9816e354cb520a3dec3e40e50583b1934b4168,550429,81 daily files 20260101..20260331
locationid=5551/year=2020.zip,https://openaq-data-archive.s3.amazonaws.com/records/csv.gz/locationid=5551/year=2020/,members-sha256:e332d342115b23166f45bbca7385b86de0452b2e416bd8000a41642629fdcde1,2026-09-26T05:12:17+00:00,176fff4769cb95b48018d3cf49a452c6b4d3ebcfbb98741cc7267dce1d36f99e,688261,349 daily files 20200101..20201231
locationid=5551/year=2025.zip,https://openaq-data-archive.s3.amazonaws.com/records/csv.gz/locationid=5551/year=2025/,members-sha256:f48a948c7d2d029fe42f9526e70f05274050193191ae1b9b3d0bd73a4a9124e7,2026-09-26T05:12:18+00:00,979e856795cc81dd844976ddfe2694f3481fbe9b89ea36ed4944357ce1679877,1568347,312 daily files 20250219..20251231
locationid=5559/year=2020.zip,https://openaq-data-archive.s3.amazonaws.com/records/csv.gz/locationid=5559/year=2020/,members-sha256:376f42d0032998ec833a922e38545b7357b6772803216182272e2d805aef4f75,2026-09-26T05:12:25+00:00,94dffccfa500399c3822da277341cf0b03787c1697226201759423a10643ad76,400576,245 daily files 20200101..20201231
locationid=5569/year=2026.zip,https://openaq-data-archive.s3.amazonaws.com/records/csv.gz/locationid=5569/year=2026/,members-sha256:9767a546f9df191216bb18e5607054dabe3e833b6142d32f7a5efbb738737088,2026-09-26T05:12:42+00:00,36c79f384648da5148f23b4b3d031dc862967a4c2a5f89d457c348b853195530,463009,81 daily files 20260101..20260331
locationid=5566/year=2021.zip,https://openaq-data-archive.s3.amazonaws.com/records/csv.gz/locationid=5566/year=2021/,members-sha256:0e1c44ac5e2b8d3843686be32a2c493c1e111528d46a81b49ed6748d3ede8591,2026-09-26T05:12:52+00:00,570f64553169d4feb4569f9c5b8febf6fb916c3ee192746fae75e353cda2ba1c,200303,154 daily files 20210101..20211231
locationid=5566/year=2019.zip,https://openaq-data-archive.s3.amazonaws.com/records/csv.gz/locationid=5566/year=2019/,members-sha256:06557f961ddb0f92b83be29c70ed1a47a9cd827d2fdfeaf19c60226ce2185a85,2026-09-26T05:12:53+00:00,34e3a9791ec72652e6f011f08f40924fbb3e0f8e73a437f3d43e1f42e1d9d580,508677,178 daily files 20190103..20191231
locationid=5569/year=2022.zip,https://openaq-data-archive.s3.amazonaws.com/records/csv.gz/locationid=5569/year=2022/,members-sha256:d820799309a7690f7b2077788f42a01025441e988e1998d77c98ed55c4f92c68,2026-09-26T05:13:03+00:00,826a378f9a8e3cb5102c23a57cfcca41951548e46ff97bfc2f8bbdf61859c6b8,167846,126 daily files 20220101..20221031
locationid=5569/year=2018.zip,https://openaq-data-archive.s3.amazonaws.com/records/csv.gz/locationid=5569/year=2018/,members-sha256:5949033f351f35c1dd70cd7ccf12dc4d8601892dec5f0b48f23949bc9da488cd,2026-09-26T05:13:07+00:00,8f72f621261edb0554b47f706d134a0ac4d659a5ae8c1c687a5a689b028051a2,137303,145 daily files 20180309..20181119
locationid=5558/year=2020.zip,https://openaq-data-archive.s3.amazonaws.com/records/csv.gz/locationid=5558/year=2020/,members-sha256:d6be6e769f6cdfdf62f5b84fc8cb14c873f7c93cc1071f26a3d87fda252db430,2026-09-26T05:13:17+00:00,f9ff19f194f419338447d8db183de652ef35bc47dd4942dd2032b7bc0f227544,614978,344 daily files 20200101..20201231
locationid=5570/year=2026.zip,https://openaq-data-archive.s3.amazonaws.com/records/csv.gz/locationid=5570/year=2026/,members-sha256:b786802a8e2a4a0e414f70bfaebbfd322ea02fa6f4c95db03a17465909cc227f,2026-09-26T05:13:18+00:00,422561a681d2d43a39ffac66b40719322ec22dc6c0be39acbf8a856f9f37c099,298970,71 daily files 20260101..20260321
locationid=5559/year=2025.zip,https://openaq-data-archive.s3.amazonaws.com/records/csv.gz/locationid=5559/year=2025/,members-sha256:c49e0ef78ff8ed77ec9fa388f9b6234a0eb3f4c751068fbc7b30596b9a42e5a3,2026-09-26T05:13:20+00:00,10edc408582b5a4772370521e895b5cb040400d0e7b4e2609f3d3d65052f9f08,929043,293 daily files 20250219..20251231
locationid=5570/year=2022.zip,https://openaq-data-archive.s3.amazonaws.com/records/csv.gz/locationid=5570/year=2022/,members-sha256:e23006c1a6383d10142c716a8a9edb7eba3893c799b3d60be501798bfb0f9e23,2026-09-26T05:13:35+00:00,dcab2fd87e30934f3962b655f006a4c67e9e4c907779f57abba6e33bd759f966,92032,116 daily files 20220101..20221031
locationid=5569/year=2019.zip,https://openaq-data-archive.s3.amazonaws.com/records/csv.gz/locationid=5569/year=2019/,members-sha256:61263a8b33cede99b75e1adbc7443257ba37ffca69a2a0d5d3ca6997bd0f0b6f,2026-09-26T05:13:51+00:00,5df1945bcc33980556e30818d5e9a067721e2c8ffc7ee780d16d92b575e6be16,617221,195 daily files 20190103..20191231
locationid=5574/year=2026.zip,https://openaq-data-archive.s3.amazonaws.com/records/csv.gz/locationid=5574/year=2026/,members-sha256:7b93328d3d55a523e20c5aeb70b8bd6520f9d730e745f945cdb0f0dee4071c59,2026-09-26T05:14:01+00:00,f7a82b3a9d721eaccb070167715101b619115524851e59c1d1e0c5ecf0a14dbd,165502,61 daily files 20260101..20260328
locationid=5570/year=2018.zip,https://openaq-data-archive.s3.amazonaws.com/records/csv.gz/locationid=5570/year=2018/,members-sha256:a0dbe82556e5e8d29fa86ba5acb011c8253ed011ddd32de635d6b119ab4cd57a,2026-09-26T05:14:01+00:00,22538ef5136250dfb3fdcab9a4691cd77cefbe235e234fd884f484397b61a8c1,220019,153 daily files 20180309..20181228
locationid=5569/year=2021.zip,https://openaq-data-archive.s3.amazonaws.com/records/csv.gz/locationid=5569/year=2021/,members-sha256:7f1af16322a9b0da6544395ec4d0a19858472ded7a040a8e121bb18df2398c8d,2026-09-26T05:14:09+00:00,95525d3bf60877d6ac72d872a939092eb3d2f1e91577b23b269c530c9c5eda1d,316254,226 daily files 20210101..20211231
locationid=5574/year=2022.zip,https://openaq-data-archive.s3.amazonaws.com/records/csv.gz/locationid=5574/year=2022/,members-sha256:c821230a4d5f281433ec6448c301019226686b0c2e8705725a9920cc3d3c0df0,2026-09-26T05:14:10+00:00,a2b1f4d65d092b489c086e6664c61ad0053299a5d2dfaad4f627e45a9de09111,90319,98 daily files 20220101..20221031
locationid=5570/year=2019.zip,https://openaq-data-archive.s3.amazonaws.com/records/csv.gz/locationid=5570/year=2019/,members-sha256:a338da7f57994ed1ae35087bf1823ada127bb0bb9a15a0dcd7991e9e45f92926,2026-09-26T05:14:12+00:00,b47b9645f25230d59e0b75c2bd1f97686282ec80a7578e8e1b1c587780289113,428635,170 daily files 20190103..20191231
locationid=5574/year=2019.zip,https://openaq-data-archive.s3.amazonaws.com/records/csv.gz/locationid=5574/year=2019/,members-sha256:1280962687c75bc90d8aefd29527d38e74f886a8a6e9317117e403ad3c865ae9,2026-09-26T05:14:13+00:00,701de8667085bae5b758a82806263a17967303f4efaa264887a6e73966b662e6,243657,139 daily files 20190103..20191231
locationid=5565/year=2025.zip,https://openaq-data-archive.s3.amazonaws.com/records/csv.gz/locationid=5565/year=2025/,members-sha256:5327b0a463308ffddbf7e316c1c036f1ec6d175553fd0ff88c6699dce699ee87,2026-09-26T05:14:13+00:00,81519635916b4ec5e0f32aeff6e6e8671ef4adc5514950ea6e3407e84e829ec7,1582575,312 daily files 20250219..20251231
locationid=5565/year=2020.zip,https://openaq-data-archive.s3.amazonaws.com/records/csv.gz/locationid=5565/year=2020/,members-sha256:a0848ccebcde38cfd4b598355823c40d07af40c8d9292589c6024aff93b6b61e,2026-09-26T05:14:16+00:00,0e02b206e00d95c45d3aafe2343f00c08ebc46e8337adc705d6015c77a219fed,597607,337 daily files 20200102..20201231
locationid=5574/year=2018.zip,https://openaq-data-archive.s3.amazonaws.com/records/csv.gz/locationid=5574/year=2018/,members-sha256:3ab38fd78675c1084c9e12d7a532385b57026a892e933e94f749583c0d596c1a,2026-09-26T05:14:19+00:00,4cd5f4362d734c76750b9239b689b32789d52c35eaf38d54dbd5a08b6b5f11de,221883,147 daily files 20180309..20181119
locationid=5574/year=2021.zip,https://openaq-data-archive.s3.amazonaws.com/records/csv.gz/locationid=5574/year=2021/,members-sha256:1329837d52b62dac34a14550141fe98ec0934c58815fc8abd86f01aa2f83a346,2026-09-26T05:14:34+00:00,ae8a6f1389177bf8679c91fd255b6a558d54566d30f1bf4cadbe42dd1cc227ef,142007,133 daily files 20210101..20211231
locationid=5570/year=2021.zip,https://openaq-data-archive.s3.amazonaws.com/records/csv.gz/locationid=5570/year=2021/,members-sha256:9047169fd84336f958d0b62f847e27b81635eb6bb6c11cc70f459950d0603f15,2026-09-26T05:14:35+00:00,b69169731df222c2ea0b5afb9f0c3bb76ab8c98e7a979a283c9643fac8e69a72,258046,195 daily files 20210101..20211231
locationid=5566/year=2020.zip,https://openaq-data-archive.s3.amazonaws.com/records/csv.gz/locationid=5566/year=2020/,members-sha256:97ee562f5afe05c6393781596a4c044fd0661f075075c645cc2044b0d82e07de,2026-09-26T05:14:46+00:00,28d603a8182e60a356ea7842a55b0d016c2cff8561fc103a7ddce61ba08bcdaa,575426,318 daily files 20200101..20201231
locationid=5581/year=2018.zip,https://openaq-data-archive.s3.amazonaws.com/records/csv.gz/locationid=5581/year=2018/,members-sha256:3e388566119b4993d35ef5fe9cff5214f027a017df080e3aa44c11d884527018,2026-09-26T05:14:48+00:00,da988f1c2a69a1f7a137fcc46afbc65a75aeea450a154cad46c56c0c66ead310,48027,44 daily files 20180309..20180514
locationid=5566/year=2025.zip,https://openaq-data-archive.s3.amazonaws.com/records/csv.gz/locationid=5566/year=2025/,members-sha256:b3850180d86fdaa28a594ccd28fac1b554b6671ebdbb2a368c8291546fb8e3e7,2026-09-26T05:14:55+00:00,273876a499d9d6ded41b41a8997cd74bf155bdea84c41d1e44febd2ec5df7c4f,1593011,284 daily files 20250219..20251231
locationid=5576/year=2026.zip,https://openaq-data-archive.s3.amazonaws.com/records/csv.gz/locationid=5576/year=2026/,members-sha256:173da2b5e356a344c777fb0be4c7fc7c36e6179293f1c94cc2c9476988767f38,2026-09-26T05:15:14+00:00,393c7148c8dda934ecdfda0075d586cbbe62bb4f5ea4633129979ad0053422e1,518621,81 daily files 20260101..20260331
locationid=5576/year=2018.zip,https://openaq-data-archive.s3.amazonaws.com/records/csv.gz/locationid=5576/year=2018/,members-sha256:6d818cfa120c58d1b1d8f623f937b6769a448284430fe0b2b709bd5159bf1b9f,2026-09-26T05:15:21+00:00,c1e4d93ef9be0e351f745a2f715a5d40773ffc44e04fb7d31f8e668d0dcd3e1e,338921,154 daily files 20180309..20181228
locationid=5576/year=2022.zip,https://openaq-data-archive.s3.amazonaws.com/records/csv.gz/locationid=5576/year=2022/,members-sha256:726f45af0585b618e8ccfa7613a26bf5119fb69b242be42e18d8ec787995d0c8,2026-09-26T05:15:33+00:00,5afb356cfdba72856a3eda788fc55fa26a16b7523e7c81f515285981dc1e8732,161760,126 daily files 20220101..20221031
locationid=5585/year=2022.zip,https://openaq-data-archive.s3.amazonaws.com/records/csv.gz/locationid=5585/year=2022/,members-sha256:84fe270d2175f689bdfa1d077f59b41780f09fa171bf10a340eec18718baa643,2026-09-26T05:15:43+00:00,673c5e1db546a0bb93a2899f76eb3ab8d3e985d1e6ed2827e8b837442efe288b,127407,103 daily files 20220101..20221031
locationid=5585/year=2026.zip,https://openaq-data-archive.s3.amazonaws.com/records/csv.gz/locationid=5585/year=2026/,members-sha256:8eca2d839a95782c24a62817f66e82a5f2b7b4aa3651a1753a96d069e284f3a9,2026-09-26T05:15:43+00:00,4c1d94c400f9eeceb37b3389876548320ca4ae80098fd6360444b164af85e7c9,507947,80 daily files 20260101..20260331
locationid=5576/year=2019.zip,https://openaq-data-archive.s3.amazonaws.com/records/csv.gz/locationid=5576/year=2019/,members-sha256:a053a38e8b0ff5df26ddb1ef00b6008009dd71a0c9aa5b82ffbc73042d515e36,2026-09-26T05:15:51+00:00,ac89b938b6b3a2f0752ea5e9d82f2efa20ec446718e869cc5d28fe912fbdd78c,648095,194 daily files 20190103..20191231
locationid=5569/year=2025.zip,https://openaq-data-archive.s3.amazonaws.com/records/csv.gz/locationid=5569/year=2025/,members-sha256:c925dde8fad09617ac942b4ab64b98923f0e6551b972399ae54912bf66286951,2026-09-26T05:15:54+00:00,0e2fd5451c29a6c99ca5c735d5d3e727c502d11551e26e52f3d805d8c56d3be2,1340214,315 daily files 20250219..20251231
locationid=5569/year=2020.zip,https://openaq-data-archive.s3.amazonaws.com/records/csv.gz/locationid=5569/year=2020/,members-sha256:7165ffaf6d5f8ab13264a509ebaa490bf6e7bd58a58e7ed3f59cdefdf3a6caed,2026-09-26T05:15:55+00:00,b0d034c43aae9274fb96f6ecf9b8f79da4bdcf4f8abd3fe95c56d1044b4392f1,761415,360 daily files 20200101..20201231
locationid=5570/year=2025.zip,https://openaq-data-archive.s3.amazonaws.com/records/csv.gz/locationid=5570/year=2025/,members-sha256:4f88fe4904f7e2952f87ceabddd180380fc511e26598d06e6dc6c2345236a946,2026-09-26T05:16:11+00:00,63c28b15df9f3c4c5c603c8892c7a91e0e6f8685d47cb4046f822cf6f82fd88c,1237773,295 daily files 20250219..20251231
locationid=5585/year=2018.zip,https://openaq-data-archive.s3.amazonaws.com/records/csv.gz/locationid=5585/year=2018/,members-sha256:80581aee60e0564e2deda896ee17167d944e981d56c429d554a1f85a82b1f0ec,2026-09-26T05:16:15+00:00,6cf1cb9d26ff06d36e9ccf58281395081d98d880da39832eb8a891e9e3639c22,309916,149 daily files 20180310..20181118
locationid=5574/year=2020.zip,https://openaq-data-archive.s3.amazonaws.com/records/csv.gz/locationid=5574/year=2020/,members-sha256:d442c2b97840a0dd8d1fef8e28d0cfd1e1100e63c283b40e30e5516d8e40ea16,2026-09-26T05:16:32+00:00,d510c8c400e6c65476f3fa89ae22e59aa491387420dc69e76f40f24977c25b5c,359176,294 daily files 20200101..20201231
locationid=5585/year=2019.zip,https://openaq-data-archive.s3.amazonaws.com/records/csv.gz/locationid=5585/year=2019/,members-sha256:ea2b548210bb1f2bd315407ae007af8850791b4b68d56d28b15f3e412d399a7d,2026-09-26T05:16:41+00:00,307992c44d500784c2a3880242ee5c80edba516c750dd6820d6b2f5fc7df94ca,574955,173 daily files 20190103..20191231
locationid=5586/year=2018.zip,https://openaq-data-archive.s3.amazonaws.com/records/csv.gz/locationid=5586/year=2018/,members-sha256:b38998d9ab425e2292670324041e47d8e0976f47157fdc515c06fb6f963a324e,2026-09-26T05:16:43+00:00,a000c6086cf5c862c6d8d2ae95040eccc2c2e7698ca8370f050928c633cfe64a,218415,150 daily files 20180309..20181227
locationid=5586/year=2026.zip,https://openaq-data-archive.s3.amazonaws.com/records/csv.gz/locationid=5586/year=2026/,members-sha256:3d53b8257bb718e49a6c080a2cac2146971a4fda76a725de81142faf39591d0e,2026-09-26T05:16:45+00:00,220901c6077affb45c346f3d37cae28c1eadb3e558bd18fa73ebd869556f316c,496376,81 daily files 20260101..20260331
locationid=5574/year=2025.zip,https://openaq-data-archive.s3.amazonaws.com/records/csv.gz/locationid=5574/year=2025/,members-sha256:98e56e07a71380ab2fbc10855490402c81b8a809528a10efc07187722c819401,2026-09-26T05:16:45+00:00,45221ed90d93747f58f6ffe24a78a6a576030ed1b0941a9217d9010b4aef5676,764999,268 daily files 20250219..20251231
locationid=5570/year=2020.zip,https://openaq-data-archive.s3.amazonaws.com/records/csv.gz/locationid=5570/year=2020/,members-sha256:82aa373fc3dd77c42af7472b22a2d450fe4c3635d8254500da77a251ab92905f,2026-09-26T05:16:46+00:00,919c72d4ecd99763b5beedd95e4e873a850aa80d445cc129a24e5dcfefec8653,673388,354 daily files 20200101..20201231
locationid=5576/year=2021.zip,https://openaq-data-archive.s3.amazonaws.com/records/csv.gz/locationid=5576/year=2021/,members-sha256:2c6e88b5f30154d85ed213518435c3e654ff78163310d9d21d26c71ea27bf21f,2026-09-26T05:16:47+00:00,156823bf23928bc53c58cd0c8c481965ba056b582acdcb9cf257a0eaf7a45f71,287317,231 daily files 20210101..20211231
locationid=5586/year=2022.zip,https://openaq-data-archive.s3.amazonaws.com/records/csv.gz/locationid=5586/year=2022/,members-sha256:e3ff25b888f9fce117f73e8b365174972057b702ae36094e1641cb593116a053,2026-09-26T05:16:51+00:00,cc0359b302c3566926f79eb58984a154a7400ec22b96e91de878d6e600ed02da,134153,121 daily files 20220101..20221031
locationid=5586/year=2019.zip,https://openaq-data-archive.s3.amazonaws.com/records/csv.gz/locationid=5586/year=2019/,members-sha256:5d6a4b4278b6ae325a3f81ba5d5a4ae617295212636e6af37035b1eb591c132e,2026-09-26T05:17:04+00:00,48de5e79aade3fff2e70ef1dd0c04f604fe7b64a848c98e38510f4055bfb47a9,481665,173 daily files 20190103..20191231
locationid=5585/year=2021.zip,https://openaq-data-archive.s3.amazonaws.com/records/csv.gz/locationid=5585/year=2021/,members-sha256:75a63863f2ec25e570084edfa7f5b6a70b27c1b95c8e55fec5061eed46a3146e,2026-09-26T05:17:08+00:00,0e7a89d758b5a5c6a13af20e4c86607534911807ef283101e8801be4ca15592e,272706,211 daily files 20210101..20211231
locationid=5587/year=2022.zip,https://openaq-data-archive.s3.amazonaws.com/records/csv.gz/locationid=5587/year=2022/,members-sha256:2e7c2f6fed5fb709206ae59ece7845ecb91c3a2f44691c0ac609696e19d13eeb,2026-09-26T05:17:32+00:00,517850194cde3d126bc9cfb60bfa0fbd7eac3d3a2d8d8137dced68dfea3e69c2,149322,122 daily files 20220101..20221031
locationid=5587/year=2026.zip,https://openaq-data-archive.s3.amazonaws.com/records/csv.gz/locationid=5587/year=2026/,members-sha256:e412434c9c8489aa34a0b615eb4248dc13aa6fa751bf9d665494c1e9f9574847,2026-09-26T05:17:37+00:00,e6d26c8c9a431f4bbd1150c8eb400d740a89ca37fa91d9a583845a4b77a3965a,553022,81 daily files 20260101..20260331
locationid=5587/year=2018.zip,https://openaq-data-archive.s3.amazonaws.com/records/csv.gz/locationid=5587/year=2018/,members-sha256:31f9523cc226291c174d74636e2bd288ad40724339f62eeef64ba1bd0e4c324a,2026-09-26T05:17:44+00:00,980476abfd9f307447123904718425f6452e85ee327b6ea572e92379b5973ac2,317488,153 daily files 20180309..20181119
locationid=5576/year=2020.zip,https://openaq-data-archive.s3.amazonaws.com/records/csv.gz/locationid=5576/year=2020/,members-sha256:35f4f98df19d460c5699ca9643911738a1f6b0065b2d05770f76cfd181ad1600,2026-09-26T05:17:55+00:00,6e5062487c2f75ad60e50ea8a40a582a2159f8a0211918840c401a2765759a0f,674250,348 daily files 20200101..20201231
locationid=5588/year=2026.zip,https://openaq-data-archive.s3.amazonaws.com/records/csv.gz/locationid=5588/year=2026/,members-sha256:fd3ad01850fc50056476544690e8640829cce7004e673281fcf6bea6ef30b307,2026-09-26T05:17:59+00:00,8e45c23a905c3e6976774b4ca9371dec7df20ad20da623dcdd2ddfced816d272,519841,81 daily files 20260101..20260331
locationid=5586/year=2021.zip,https://openaq-data-archive.s3.amazonaws.com/records/csv.gz/locationid=5586/year=2021/,members-sha256:8bb3b4468cd6f8754a7a439abba1d83cfada59bb49e11a121c592fcee356322c,2026-09-26T05:18:01+00:00,6a1b7605e820a466f8d994ed2e66aca0ff2ba358ceae48835aca541a90cfec07,300142,241 daily files 20210101..20211231
locationid=5587/year=2019.zip,https://openaq-data-archive.s3.amazonaws.com/records/csv.gz/locationid=5587/year=2019/,members-sha256:74fc6d6fa9e5c795d43b7434c13dc5b193fd9783affefa921432a7a4b34befc3,2026-09-26T05:18:02+00:00,b1ae72259b8ba5aa4341e4fda13a973f216d7cff31194a34af4a7275c16a3c94,556627,167 daily files 20190103..20191231
locationid=5588/year=2022.zip,https://openaq-data-archive.s3.amazonaws.com/records/csv.gz/locationid=5588/year=2022/,members-sha256:bf86e72d70939407d26301d96a3b7f97f7d1c71c47b94756ef4fed99abe99dca,2026-09-26T05:18:07+00:00,5336223a62e3d85f1ea2918db03863beb2ec3a3f6338f3e260ad412c0d24c752,136188,104 daily files 20220101..20221031
locationid=5576/year=2025.zip,https://openaq-data-archive.s3.amazonaws.com/records/csv.gz/locationid=5576/year=2025/,members-sha256:7041d0ba6d50dab3673c6c4a707c0b0b29f93b90a1766663c477e42f6784c806,2026-09-26T05:18:42+00:00,6e09b0dfe6822f593500dbbe82bad8932969d40744f6b7f8c81dacd889105a39,1687258,308 daily files 20250219..20251231
locationid=5588/year=2018.zip,https://openaq-data-archive.s3.amazonaws.com/records/csv.gz/locationid=5588/year=2018/,members-sha256:6be883f474cb9cf17a9761adb16dc3a81409fa9d8ecc5ad39ce8e5c60814cc55,2026-09-26T05:18:45+00:00,5b46ff09fd05c0348e8f189e0fc054c72e3e4c13a4555e50559ffcbcea408844,280142,156 daily files 20180309..20181228
locationid=5585/year=2020.zip,https://openaq-data-archive.s3.amazonaws.com/records/csv.gz/locationid=5585/year=2020/,members-sha256:ffbce32010fb2f1c10904a6baad923baeeb41dbbf15c2943957784ac4c95b0d1,2026-09-26T05:18:48+00:00,1962967243313539242b68c462410dc0ab9ffe7fc454c9b099d1189edaec214b,681667,348 daily files 20200101..20201231
locationid=5588/year=2021.zip,https://openaq-data-archive.s3.amazonaws.com/records/csv.gz/locationid=5588/year=2021/,members-sha256:9e66c610bb02885770ae6a4522fcf2ff6b55d936072c1b9761a8296874e46c73,2026-09-26T05:18:48+00:00,294e6f97a0c3317807f48a511105edc05792ef7c72ea26f7cc296720b2467119,230928,156 daily files 20210101..20211231
locationid=5590/year=2018.zip,https://openaq-data-archive.s3.amazonaws.com/records/csv.gz/locationid=5590/year=2018/,members-sha256:da4aa57aae55d3626e5ad4f243f9379b861bd012b5c47ed1d0493b5bafecf466,2026-09-26T05:19:00+00:00,214bbb33ea21d53a0f9906d9462074a00c2fa94fde0a5655d11b9bf24846ad53,346819,153 daily files 20180309..20181119
locationid=5585/year=2025.zip,https://openaq-data-archive.s3.amazonaws.com/records/csv.gz/locationid=5585/year=2025/,members-sha256:29b88c4dea957ab71fb9958ce0d76759809b1010920e1d70410a963541d4c99b,2026-09-26T05:19:01+00:00,fd4b2b2c5131d88e92b8e60e58ff1a38c3d514be881788957f72a78ac733d295,1634307,312 daily files 20250219..20251231
locationid=5587/year=2021.zip,https://openaq-data-archive.s3.amazonaws.com/records/csv.gz/locationid=5587/year=2021/,members-sha256:f8390ee5369474de28439a1398b2704fdf6b3ff5518081da2ecc15454d0702c0,2026-09-26T05:19:04+00:00,0be002fb213f36522926a2fa686d4f7eed3832379a5fcb7fa35ddf24c9eff268,326869,239 daily files 20210101..20211231
locationid=5590/year=2026.zip,https://openaq-data-archive.s3.amazonaws.com/records/csv.gz/locationid=5590/year=2026/,members-sha256:632a1ac3ddfb2eeca6d352663554d3537133da8d8a748b57e3495e12fb6a61f5,2026-09-26T05:19:20+00:00,4778ec02e07803a3d1434a5ee84531b740424d71fd2a7d4aa702f2643e847c5b,423742,81 daily files 20260101..20260331
locationid=5590/year=2022.zip,https://openaq-data-archive.s3.amazonaws.com/records/csv.gz/locationid=5590/year=2022/,members-sha256:a1cfb9bfc0ecbb7fa98746f4eadeaad323715a2c34d37dec6b68e677c02f661f,2026-09-26T05:19:21+00:00,33c176137f8b0954e2abf5ace7731f5ec2a88edb8fc01e06af8c4691abd494bd,148661,127 daily files 20220101..20221031
locationid=5586/year=2020.zip,https://openaq-data-archive.s3.amazonaws.com/records/csv.gz/locationid=5586/year=2020/,members-sha256:8cd4eb47783a51e9e79ef571bcaded6596f1cab68f069d0b47779505aa659ad4,2026-09-26T05:19:22+00:00,cf7851c7b62cc367cf1108607892332fc681328f0610f8f1709340d2098818db,624362,357 daily files 20200101..20201231
locationid=5588/year=2019.zip,https://openaq-data-archive.s3.amazonaws.com/records/csv.gz/locationid=5588/year=2019/,members-sha256:b6913cd98ce253a07fb935961eeab84ccdced4fb523c71ba445db9f22fa8d49b,2026-09-26T05:19:22+00:00,e2aac3ccf22432b46a56fb31aa64555281237321eeb21dbca3a65cf92024f63a,642979,192 daily files 20190103..20191231
locationid=5590/year=2019.zip,https://openaq-data-archive.s3.amazonaws.com/records/csv.gz/locationid=5590/year=2019/,members-sha256:0ab01405597e4d1e0ffa405a810d6297685985ebb19e976de3d71dd55da47e8e,2026-09-26T05:19:39+00:00,7529713fe23dc00bc9153f7c1f6bfbf99839a397fbdda0c14f7ffb605e80712a,538913,186 daily files 20190103..20191228
locationid=5592/year=2022.zip,https://openaq-data-archive.s3.amazonaws.com/records/csv.gz/locationid=5592/year=2022/,members-sha256:65479ff679efe97b1f18e1309699b1ff805794ab549d32751942785377063835,2026-09-26T05:19:58+00:00,934bfe6060ac0aed3eb67e89b8be608c1f6fbd9080cf9518dc7154116f6aee46,73717,89 daily files 20220101..20221031
locationid=5586/year=2025.zip,https://openaq-data-archive.s3.amazonaws.com/records/csv.gz/locationid=5586/year=2025/,members-sha256:8e8d1d332867a84b7b9ab53eaffe5609def5ee79d4ec6110f19a335dc8a1b8f8,2026-09-26T05:20:04+00:00,24be390dc6773f1b36324765a7dcb2966c158bf8398872af9c92d6c70a790331,1639038,315 daily files 20250219..20251231
locationid=5590/year=2021.zip,https://openaq-data-archive.s3.amazonaws.com/records/csv.gz/locationid=5590/year=2021/,members-sha256:80d5c2c5898c3a07359ceebc6ae95c03bca1b4f38433fe3faa430ae686699e3d,2026-09-26T05:20:07+00:00,51ac194dbecae54417cb25276fc3c008061daf89b6078808d9e4513fada67d4f,236856,194 daily files 20210101..20211231
locationid=5592/year=2026.zip,https://openaq-data-archive.s3.amazonaws.com/records/csv.gz/locationid=5592/year=2026/,members-sha256:89516ea71c44d16aaac447426cfc75202bc8dc92b953cb1f16f2843680f62fef,2026-09-26T05:20:07+00:00,46e5a8726eeeb46a12967e596f4ef97ba5d125a02ef0f285156491913d1d9d12,496480,81 daily files 20260101..20260331
locationid=5592/year=2018.zip,https://openaq-data-archive.s3.amazonaws.com/records/csv.gz/locationid=5592/year=2018/,members-sha256:ce9f0fe07adcd8f34d9e51de0713f100a1b77b4939780fede91eb4d824c1b529,2026-09-26T05:20:11+00:00,8cac640b5fd072ddd3fd9eada3e80141dd3f2f0708ba04a512c0de1e1fbb71e6,356497,154 daily files 20180309..20181119
locationid=5593/year=2022.zip,https://openaq-data-archive.s3.amazonaws.com/records/csv.gz/locationid=5593/year=2022/,members-sha256:28fbf65fc978ea96132fbb97be18523feeb2eb9ec4122d9bf35ea3420668e08c,2026-09-26T05:20:18+00:00,1fb60a3e61f2a45ceb1f7795bf4e831849d59948c552fc135a31cf9605bee014,54600,67 daily files 20220101..20221016
locationid=5592/year=2019.zip,https://openaq-data-archive.s3.amazonaws.com/records/csv.gz/locationid=5592/year=2019/,members-sha256:729d9dbf44da38d59811a60e3ac9c6e3656ead73afd6948effe070f86f270a1a,2026-09-26T05:20:44+00:00,7ff2645c6e596fde0cdb57eb8f34d4bdb880f309719cb2f9e81cefb22e46003f,559378,183 daily files 20190103..20191231
locationid=5587/year=2020.zip,https://openaq-data-archive.s3.amazonaws.com/records/csv.gz/locationid=5587/year=2020/,members-sha256:dfbf42ab63d19211bd77f1117d8d073d6af2997faabcba9c72015ae633fe4207,2026-09-26T05:20:50+00:00,ecc2ed57d77e2b3a4eadba2e800f4739d36be9098ab031f66a41c368f7a1e301,756744,352 daily files 20200101..20201231
locationid=5592/year=2021.zip,https://openaq-data-archive.s3.amazonaws.com/records/csv.gz/locationid=5592/year=2021/,members-sha256:50e44a5e44585e357eedd19da68a06b65ba64a68357ea2e607bd1eb2868465c9,2026-09-26T05:20:55+00:00,80fd5e0041845cf2a2a81791d3e199f0d3bb523b1d0e67b7a5c9b617bd4b02bb,251171,191 daily files 20210102..20211231
locationid=5587/year=2025.zip,https://openaq-data-archive.s3.amazonaws.com/records/csv.gz/locationid=5587/year=2025/,members-sha256:14e8d14f0d280bcec4e5ef9d5e0aa9715534086cb625b00270d1fc452abf9f6c,2026-09-26T05:20:57+00:00,71b21b98bfb5562ccb0988005010bde75cbd033ec08ebf59cc090ca8670aa238,1799902,315 daily files 20250219..20251231
locationid=5593/year=2021.zip,https://openaq-data-archive.s3.amazonaws.com/records/csv.gz/locationid=5593/year=2021/,members-sha256:4b78a57cdbd032513ad58cf3de8bfc8b65d44df915a6feab5bcff1802c9b76d6,2026-09-26T05:20:59+00:00,07c027616b00a38c9f298d89a80ead6f7ff3a89cbbf103b3a804b56462a514a6,170165,134 daily files 20210101..20211231
locationid=5593/year=2018.zip,https://openaq-data-archive.s3.amazonaws.com/records/csv.gz/locationid=5593/year=2018/,members-sha256:71903b3535106f4400bc7ad8b5048218a7422321eb7d3264d44cdf6729868854,2026-09-26T05:21:05+00:00,5c2c09362b745024d978ecdecdb62e4b430464974a309f8216be8307b03c3d49,317181,146 daily files 20180309..20181119
locationid=5588/year=2020.zip,https://openaq-data-archive.s3.amazonaws.com/records/csv.gz/locationid=5588/year=2020/,members-sha256:b71dd159d3b259c518d088cde8cb189bdb33fe6a50ea844a3fc8b80f43041143,2026-09-26T05:21:18+00:00,539744df7cda0be46f1cdc08b59e96484521efadc6b31f4715ee87688ed27344,695922,338 daily files 20200101..20201231
locationid=5594/year=2022.zip,https://openaq-data-archive.s3.amazonaws.com/records/csv.gz/locationid=5594/year=2022/,members-sha256:9d15f9c9c96474e75cb0212ed77a69115e550fb418392774700d0ae3a00fb4c3,2026-09-26T05:21:19+00:00,1afab1b390fd5752d3a1bf57962c37166b2a66f9a9b0def90c4b5d06bbc33694,107913,100 daily files 20220101..20221016
locationid=5594/year=2019.zip,https://openaq-data-archive.s3.amazonaws.com/records/csv.gz/locationid=5594/year=2019/,members-sha256:dca6c19b56e93d8e8264f4385bfc5e15b478c77217d15ab52617672facb5fe1b,2026-09-26T05:21:22+00:00,002df8164b18e87d15fdb3247477c4d9f9a9affe4ab79e1ec9f72119cb889738,359872,137 daily files 20190103..20191231
locationid=5594/year=2026.zip,https://openaq-data-archive.s3.amazonaws.com/records/csv.gz/locationid=5594/year=2026/,members-sha256:97cdbca3cc2554d662c6579a3619f8f04f2d58be72c5553fb261ac9d47220d55,2026-09-26T05:21:23+00:00,6c8b3cbb62179a381df22927fad74ed40d48305ad907fc5c7927e92883516baf,310628,81 daily files 20260101..20260331
locationid=5593/year=2019.zip,https://openaq-data-archive.s3.amazonaws.com/records/csv.gz/locationid=5593/year=2019/,members-sha256:2d2cf520551951fea91fa2bc9df51a0f94bc847d44b77987951ef6a4257bbce2,2026-09-26T05:21:34+00:00,8aabe7c6d5fee01bb649157d33d85487893455b3d8676d6df01c92bc62002b6f,490565,177 daily files 20190103..20191231
locationid=5588/year=2025.zip,https://openaq-data-archive.s3.amazonaws.com/records/csv.gz/locationid=5588/year=2025/,members-sha256:aef78ed6f8788859bd4e1231d9310b464ef4573a1d469d017609c8e5f1be41bd,2026-09-26T05:21:34+00:00,d6bfd6b5b115119d1655efdc2a56b35c12066fe3bc3a2cb7e52cfbec1ac194e5,1750859,315 daily files 20250219..20251231
locationid=5594/year=2018.zip,https://openaq-data-archive.s3.amazonaws.com/records/csv.gz/locationid=5594/year=2018/,members-sha256:518b1570fbd868a1dbb5cd890349290cfa2b311594a26d65ca354d46b5d1c014,2026-09-26T05:21:38+00:00,5696f5546ae0b0b867dfb7ebbb886fdb6be2feadb9336731a3057ab130bb049c,293191,152 daily files 20180309..20181119
locationid=5590/year=2020.zip,https://openaq-data-archive.s3.amazonaws.com/records/csv.gz/locationid=5590/year=2020/,members-sha256:1abb1c2b3028b5ccf9f6f9fa367038ff74d6b540d8fdc2e688a133f4f642b0e7,2026-09-26T05:22:04+00:00,e57c76478463ff9020af938f46fd6b12a7b267cb47567ab5aa2d3cdaadefd19a,489860,351 daily files 20200101..20201231
locationid=5594/year=2021.zip,https://openaq-data-archive.s3.amazonaws.com/records/csv.gz/locationid=5594/year=2021/,members-sha256:6a45c61d8eecab1492032cfb86e3f1804539c025770bcaa248a277e91c6dceea,2026-09-26T05:22:04+00:00,04da7a4421a8b767f002484cad932cb40d339854f90e7c89bee9122fd32ce863,198721,181 daily files 20210101..20211231
locationid=5590/year=2025.zip,https://openaq-data-archive.s3.amazonaws.com/records/csv.gz/locationid=5590/year=2025/,members-sha256:843e9dbecc9504ef8b372035fe29e683900311bda181b696c0b747d8e6e7ca4c,2026-09-26T05:22:08+00:00,9b5f0d30e59e532b7a7b14b1b6639fc7a24d897ab1a5c41197bb6f4bc293a06a,1275823,314 daily files 20250219..20251231
locationid=5596/year=2022.zip,https://openaq-data-archive.s3.amazonaws.com/records/csv.gz/locationid=5596/year=2022/,members-sha256:63d57f0ae33cbb6774e42c5998c8db2226eb96c2a94a0b63f963a0cc45057f4c,2026-09-26T05:22:11+00:00,0da1606162f0b0bdb9c780ba7eafe1a965fd633b3c9703638b144f45107e7ec0,116250,104 daily files 20220101..20221031
locationid=5596/year=2019.zip,https://openaq-data-archive.s3.amazonaws.com/records/csv.gz/locationid=5596/year=2019/,members-sha256:4d34b5fea8ddce16850f274f2bf173b635cd8c51a0ce83cf229ac228b7bc7582,2026-09-26T05:22:17+00:00,0e69f4f993c0a7be2e1475c558554692dfa3e421de3fb729e4e4f1598723b696,405600,147 daily files 20190103..20191231
locationid=5596/year=2018.zip,https://openaq-data-archive.s3.amazonaws.com/records/csv.gz/locationid=5596/year=2018/,members-sha256:c8677cb5750cf149a367c87aeb3ec03891f17aa3976faf51204391ccc000c37b,2026-09-26T05:22:19+00:00,000e319b9c61c1e4748ae1c5d086f0a4c9994014fbabb456fb36bb18cd1cc459,241681,148 daily files 20180309..20181119
locationid=5598/year=2026.zip,https://openaq-data-archive.s3.amazonaws.com/records/csv.gz/locationid=5598/year=2026/,members-sha256:ef3d674e9ece150149532b2ffd12e8f5740b9c7d116aaea26ec20732024cb192,2026-09-26T05:22:29+00:00,b6f393e5560d11eaece4da0fcc862e5dcbc31b170d00fd6f10c31a2af6d5a5cb,434178,81 daily files 20260101..20260331
locationid=5592/year=2020.zip,https://openaq-data-archive.s3.amazonaws.com/records/csv.gz/locationid=5592/year=2020/,members-sha256:42f61b05f92127ba13a26a8c310e0f2704cfa8fa4e9dc0a3dfbd819a8b53d581,2026-09-26T05:22:37+00:00,141000841f01b4ce9618ee65d18a4d856f64e1da6fedfa74164347b21339a81b,655777,343 daily files 20200101..20201231
locationid=5601/year=2022.zip,https://openaq-data-archive.s3.amazonaws.com/records/csv.gz/locationid=5601/year=2022/,members-sha256:9f0f04c5049724d1f6ce91c907181ebfbde6e8af8e3b2a43a8b04717d1670706,2026-09-26T05:22:42+00:00,6d29de912527c3efb98561dcbc1b98e22687111b8fc483a8dacf5a2a166f6c0c,2283,3 daily files 20220111..20220113
locationid=5599/year=2026.zip,https://openaq-data-archive.s3.amazonaws.com/records/csv.gz/locationid=5599/year=2026/,members-sha256:32f462d8897cb19bbbee50bd235daf4908ee59da7bf0a092e9ee54b4e9b444f6,2026-09-26T05:22:51+00:00,b968c219f108e2097a36ce281f222c9ec106e4628ec332725f72c1410c24348a,240883,51 daily files 20260102..20260302
locationid=5598/year=2022.zip,https://openaq-data-archive.s3.amazonaws.com/records/csv.gz/locationid=5598/year=2022/,members-sha256:7ee7a6feb8fd25c86909af3cfe7287f73d2d60903520551d308a4f961afbf95b,2026-09-26T05:23:01+00:00,128ee2fc2623e28aba55da8f1a1c4874fe5bd419ad6b47debccc7a05045a885c,132032,126 daily files 20220101..20221031
locationid=5592/year=2025.zip,https://openaq-data-archive.s3.amazonaws.com/records/csv.gz/locationid=5592/year=2025/,members-sha256:388f250b179edddd513d272a1ff426a87de63f2e9335c6465818eb9bf3515850,2026-09-26T05:23:09+00:00,63e55725c2553607f88133281ecc634d883f2cf2b5e99e03fccc725653f5dde3,1549619,304 daily files 20250219..20251231
locationid=5598/year=2018.zip,https://openaq-data-archive.s3.amazonaws.com/records/csv.gz/locationid=5598/year=2018/,members-sha256:b926d4fc572b81d9774c4c1d6d741a2c7838172f766e2c9b80e8ad6ee036a8f4,2026-09-26T05:23:10+00:00,62fdc1bc7b98f06110c954ecc8846fbe102d628422f069ecc15cd07996b3b3dc,351586,163 daily files 20180309..20181228
locationid=5598/year=2019.zip,https://openaq-data-archive.s3.amazonaws.com/records/csv.gz/locationid=5598/year=2019/,members-sha256:2ca2b3ccdf6a1b1b151cb3bb0e7e65ffeb978fa23939e76ffd7fdf7403030acc,2026-09-26T05:23:17+00:00,9dd16a0664be22a9e91d0a05a9900cb3e62bd40451ae634c01bfeebdcc438768,446627,169 daily files 20190103..20191231
locationid=5596/year=2021.zip,https://openaq-data-archive.s3.amazonaws.com/records/csv.gz/locationid=5596/year=2021/,members-sha256:5b1f848bb872847a83649b10c5138f8b7fe40fb339baedcb10675a99b86a77bf,2026-09-26T05:23:18+00:00,4e739403572fb456dabfdff8babcb3b5dbfd1de3a10351241a9b0bef81e3dc71,244044,198 daily files 20210101..20211231
locationid=5593/year=2020.zip,https://openaq-data-archive.s3.amazonaws.com/records/csv.gz/locationid=5593/year=2020/,members-sha256:c0df380f421a24875130f662a2f09fdaef999b64be0f9e57b8078a6dbf6dc514,2026-09-26T05:23:32+00:00,0be70889196e2144597ad362735487ea27520fff90abf84798549d2dff84d5b8,576489,335 daily files 20200101..20201231
locationid=5599/year=2018.zip,https://openaq-data-archive.s3.amazonaws.com/records/csv.gz/locationid=5599/year=2018/,members-sha256:3cd5ef967cbf31141b5975651e821e2bc6c5ce44623c39d6fb50e3bae3d55da9,2026-09-26T05:23:33+00:00,511398b50fb2a7ac0f16702e2366f8c3668a8bd296384640f5a53d1c7d15ee09,322436,152 daily files 20180309..20181119
locationid=5599/year=2022.zip,https://openaq-data-archive.s3.amazonaws.com/records/csv.gz/locationid=5599/year=2022/,members-sha256:ffbcd998b6ff0f2c121c6ae8540aa77f7e95c8bd87973c9001adddf4503a8e0c,2026-09-26T05:23:38+00:00,a6c684aa9eb4cf6b8b112b98c98ef34b35fde3bc28ab140ed06fb4530f34afea,135919,119 daily files 20220101..20221031
locationid=5599/year=2019.zip,https://openaq-data-archive.s3.amazonaws.com/records/csv.gz/locationid=5599/year=2019/,members-sha256:0bc21aac860355116c10807dcb6cef6a846aeab0fdc945965bc3cdf76d5a0a87,2026-09-26T05:24:01+00:00,e3755df8ebe241442a887b9f351f90fb865df10c53cbff86f36f2c2f8ed0c6cc,528254,186 daily files 20190103..20191231
locationid=5599/year=2021.zip,https://openaq-data-archive.s3.amazonaws.com/records/csv.gz/locationid=5599/year=2021/,members-sha256:bcd576e2343383c1b4fad4407ef56e7ef21be8126b89fd7021ce848d4edea171,2026-09-26T05:24:02+00:00,82a54835b6956619a9582361b02e1a179f4831e17704d76458261befc1c907e8,212890,188 daily files 20210101..20211231
locationid=5594/year=2020.zip,https://openaq-data-archive.s3.amazonaws.com/records/csv.gz/locationid=5594/year=2020/,members-sha256:f6fb30c00f249d48b986d8d6285a6a724c18cb96223c1c50b18c0a3bc62b47cb,2026-09-26T05:24:06+00:00,f2f5e4a39b9db8beb44e685d62a3a15ba253fa09808626406b70ebb37a2151b2,571205,347 daily files 20200101..20201231
locationid=5601/year=2019.zip,https://openaq-data-archive.s3.amazonaws.com/records/csv.gz/locationid=5601/year=2019/,members-sha256:16fafb517f2121f50c7d5ebe65025ec9a9e430ce669e5971268f869e8f8db916,2026-09-26T05:24:13+00:00,f6c779b5928aee299df3d7adb207b15c6d71b8dbf386ca6714dc79179f32b810,384622,150 daily files 20190103..20191231
locationid=5594/year=2025.zip,https://openaq-data-archive.s3.amazonaws.com/records/csv.gz/locationid=5594/year=2025/,members-sha256:7669274d6e512963dbf984aceea9811043d4edc49eeef340d034cb13d40afa4e,2026-09-26T05:24:14+00:00,9a72540411313ab336894e669632310da1e51ec727355216f8f1ff7f356b0116,1042002,312 daily files 20250219..20251231
locationid=5601/year=2018.zip,https://openaq-data-archive.s3.amazonaws.com/records/csv.gz/locationid=5601/year=2018/,members-sha256:b8f1e59bc605621eb8e95a7736e3cb457d3447dfa46c4153cd8678ffdd4a5859,2026-09-26T05:24:15+00:00,6c9136f75ba8f32703c1e3f9f03e94ba9cd243fe97fe24f2b44eb92299f60447,318932,155 daily files 20180309..20181119
locationid=5598/year=2021.zip,https://openaq-data-archive.s3.amazonaws.com/records/csv.gz/locationid=5598/year=2021/,members-sha256:b6654ce921b6718b4729394e014f2d229d1716331786530269040f6fcff01f53,2026-09-26T05:24:23+00:00,aad849e8aacf9f1a9530c0e6aa130a8a65ebca773e275e5f2493944bb17b91a1,273183,248 daily files 20210101..20211231
locationid=5602/year=2026.zip,https://openaq-data-archive.s3.amazonaws.com/records/csv.gz/locationid=5602/year=2026/,members-sha256:3c2a5286235538cab027ce31c675b63943a0519b4a964cb42dc5401ccaf9142d,2026-09-26T05:24:26+00:00,1c1e0ce784c08ac68336decbf9175f68d092ae7d43c78bd65c8819fba7d5be88,514875,80 daily files 20260101..20260331
locationid=5596/year=2020.zip,https://openaq-data-archive.s3.amazonaws.com/records/csv.gz/locationid=5596/year=2020/,members-sha256:20016a54e5ba681d0709adf2c07a35a4a18b03dac80fe36b3ffdf244696f87c8,2026-09-26T05:24:42+00:00,f9ad0e16b9ed96f82f026f20160e1d3c2f4b0cfd23d36bd9106d22ab269465a1,518691,342 daily files 20200101..20201231
locationid=5602/year=2022.zip,https://openaq-data-archive.s3.amazonaws.com/records/csv.gz/locationid=5602/year=2022/,members-sha256:0d88f5403f8eb80ef2a1f41896fbadae61bf0539d58990f9c92d427c5b6f73b9,2026-09-26T05:24:43+00:00,bdc995de8aed42a2f10b2c1fe3f5ab1f9b13ac7dff3632deffba37e0a6acd6db,158963,125 daily files 20220101..20221031
locationid=5602/year=2018.zip,https://openaq-data-archive.s3.amazonaws.com/records/csv.gz/locationid=5602/year=2018/,members-sha256:030aef47211b8f1a572857ea15e7a72ae13192b0558db5337016fe9ffc783412,2026-09-26T05:24:48+00:00,09309788c50c3113c3006e8871a1d0e7a14f9b492559f4b4d66fdab32ff86064,298924,147 daily files 20180309..20181119
locationid=5598/year=2020.zip,https://openaq-data-archive.s3.amazonaws.com/records/csv.gz/locationid=5598/year=2020/,members-sha256:8181e86ff43391f370330a2ffe5bc9e2bfbe45b5ae859e41f03d6f49281d1ddc,2026-09-26T05:24:58+00:00,e92303b267c839ad0c270ae05ec5093eddfff537ff8a0552b79c0e934aa45c72,478344,300 daily files 20200101..20201231
locationid=5601/year=2021.zip,https://openaq-data-archive.s3.amazonaws.com/records/csv.gz/locationid=5601/year=2021/,members-sha256:57de14a61f026f43cfe299527feba1c5790b735f3344e5841a1f76fb659552b6,2026-09-26T05:25:02+00:00,faf9b37897b686cc0d1b41fce325519b78922b26b4bc45175d71ca8b6eef330a,234353,205 daily files 20210101..20211211
locationid=5604/year=2019.zip,https://openaq-data-archive.s3.amazonaws.com/records/csv.gz/locationid=5604/year=2019/,members-sha256:ea337a65f5953cefe4b3caa4bbaffb1a315a66baf13b0e2e9381663052bea3bc,2026-09-26T05:25:07+00:00,67787992d9e84e5b53ab099af044c30d4e4185d7787657a4d35bd7e6be26c6be,106679,61 daily files 20190103..20190820
locationid=5602/year=2019.zip,https://openaq-data-archive.s3.amazonaws.com/records/csv.gz/locationid=5602/year=2019/,members-sha256:b87211632323cc8f46b9d77ced3e4efa5d5fdf9a946e7a568245e8f2438596e3,2026-09-26T05:25:11+00:00,79804e930aa3e4ab34d465fef7d4ac5f865bcb32b476528a77475000e195d4f7,541813,173 daily files 20190103..20191231
locationid=5603/year=2026.zip,https://openaq-data-archive.s3.amazonaws.com/records/csv.gz/locationid=5603/year=2026/,members-sha256:c5a37e5ead9b4ce467f086192cdf23f141417e0683ab96dddbd18387a659de2a,2026-09-26T05:25:18+00:00,ec057423e0fc0043a1b97d06d72e5ccf72e53018b521e509bd2be6ee9779d865,354459,81 daily files 20260101..20260331
locationid=5598/year=2025.zip,https://openaq-data-archive.s3.amazonaws.com/records/csv.gz/locationid=5598/year=2025/,members-sha256:bbaae8182ac380ea64791624fbda2669279efa73970a6d2d6edb41af461784e1,2026-09-26T05:25:26+00:00,1f174536ec75d8f3217eb16d87f8edb90b7dedece8ae93e2d23641f6d45e9a5e,1389704,312 daily files 20250219..20251231
locationid=5603/year=2022.zip,https://openaq-data-archive.s3.amazonaws.com/records/csv.gz/locationid=5603/year=2022/,members-sha256:2988e9d09b21289e612b8edaffe83c0abbc64573484a8d95a1e6598cf9a6567f,2026-09-26T05:25:33+00:00,86fd19b67698b9fd107c9537b34e45d72c0eae82450f36fb43d6d8708bb9e8d3,140113,124 daily files 20220101..20221031
locationid=5601/year=2020.zip,https://openaq-data-archive.s3.amazonaws.com/records/csv.gz/locationid=5601/year=2020/,members-sha256:e86192c22358b1de17302aa8ac11a2ac481faaa6b4fef5565cbcf1287f6bebe1,2026-09-26T05:25:37+00:00,635da4c17e0b4321461cb681a0880f96c1a2ab7dd4405bc1921fe07d5af4eb10,256033,262 daily files 20200101..20201231
locationid=5603/year=2018.zip,https://openaq-data-archive.s3.amazonaws.com/records/csv.gz/locationid=5603/year=2018/,members-sha256:5c6a9b539f813b366e85ea96c4d8115553c1ff063111def2298b2883a1f66b7a,2026-09-26T05:25:46+00:00,b9338d57f5da926738adfcf472fe27a7e0331a1761993d43bd24508699be1d21,314783,156 daily files 20180309..20181119
locationid=5607/year=2026.zip,https://openaq-data-archive.s3.amazonaws.com/records/csv.gz/locationid=5607/year=2026/,members-sha256:80e9b9c4d7589a20df1805caf8cd222405475ec06ee66860635fdfffe0b13165,2026-09-26T05:25:49+00:00,ab02375435f5370fb4fa209381d8a2631d48fe97cc90033a791e2cd41f57b0e8,398331,68 daily files 20260101..20260331
locationid=5602/year=2021.zip,https://openaq-data-archive.s3.amazonaws.com/records/csv.gz/locationid=5602/year=2021/,members-sha256:5e85a812c1e969c77bb05afc54c961debfe454e1ba4ada3c9c793f16c8a8418c,2026-09-26T05:25:50+00:00,6230a5489c839e0506e8c027a726a8a26864634a6416a2317ea0bc96f43532b5,269068,221 daily files 20210101..20211231
locationid=5599/year=2020.zip,https://openaq-data-archive.s3.amazonaws.com/records/csv.gz/locationid=5599/year=2020/,members-sha256:3871554481cedcd3c940e533e2920a4ba2600c6e89ff610367d035340ce4d659,2026-09-26T05:25:54+00:00,a84d3f8f7675f4b2beb960018d7fb2f9cda47777b5df333cf0e5c7454b62a688,604291,341 daily files 20200101..20201231
locationid=5603/year=2019.zip,https://openaq-data-archive.s3.amazonaws.com/records/csv.gz/locationid=5603/year=2019/,members-sha256:520768e6fea47f4f374d61f7f78ac9640eac78f1858acc57b0774a825295f13e,2026-09-26T05:26:03+00:00,748244676ee9a0b9bcee27892c1c298f73c362c5c2de8be19bc4031fb9c208c2,535437,194 daily files 20190103..20191231
locationid=5607/year=2022.zip,https://openaq-data-archive.s3.amazonaws.com/records/csv.gz/locationid=5607/year=2022/,members-sha256:57d6c2e1e21eff6d1314c78315ec047b86c48583bca6aeb67b3b2052d7a1ab80,2026-09-26T05:26:07+00:00,b0e42fd9582d64b8e418a1109865282a4021586b2b69eea1a9583ee3a2afacab,114982,102 daily files 20220101..20221031
locationid=5599/year=2025.zip,https://openaq-data-archive.s3.amazonaws.com/records/csv.gz/locationid=5599/year=2025/,members-sha256:5527136ee0789064c775c9e6adb34e5f1b636f832df1308c5130107f69588f7e,2026-09-26T05:26:09+00:00,7e72067dedb969252bedbad3637cbf2b18ef7e114b3b0a977ae6351fa5d7ebea,1308251,306 daily files 20250219..20251231
locationid=5604/year=2018.zip,https://openaq-data-archive.s3.amazonaws.com/records/csv.gz/locationid=5604/year=2018/,members-sha256:e7ccef59b6192955f8177aac7e35e7a525f1f9c19d6aff38955630c84a0b95d3,2026-09-26T05:26:16+00:00,9a40a41514ebbcb7ba9b77d48b8402312f673161f1bb6cc10905b7bf7547c54b,213429,157 daily files 20180309..20181119
locationid=5608/year=2018.zip,https://openaq-data-archive.s3.amazonaws.com/records/csv.gz/locationid=5608/year=2018/,members-sha256:9b6c8c6142bc8883f506b5ccaeb726b27cf9c8fd15134273a1a3721a55fcb212,2026-09-26T05:26:24+00:00,46d29943cd1461deaef761645194d735cef82b62cf2eb78ebeeb35183f48f52d,169401,99 daily files 20180309..20181115
locationid=5607/year=2018.zip,https://openaq-data-archive.s3.amazonaws.com/records/csv.gz/locationid=5607/year=2018/,members-sha256:0f36d9115967377c24638f8e336ff7b9a43d9a8830df118fcb3558a3e57a4e39,2026-09-26T05:26:29+00:00,20e777d8028cd9ff9e647f7e7245e9f9cc5dfaf95f8701b173b7f9dcc88c915b,260442,153 daily files 20180309..20181119
locationid=5607/year=2019.zip,https://openaq-data-archive.s3.amazonaws.com/records/csv.gz/locationid=5607/year=2019/,members-sha256:2e4c802ccfd0dc9e750b34857487e4d8a9cdc6be583c3254d9d327d83b5f7bd8,2026-09-26T05:26:44+00:00,065728945b963eb0718a94173df379eb43cec03bb55345d1ed0ff12d1bbebbab,352633,166 daily files 20190103..20191231
locationid=5607/year=2021.zip,https://openaq-data-archive.s3.amazonaws.com/records/csv.gz/locationid=5607/year=2021/,members-sha256:f2d69051110e1269ae8d9b858b3214b98689e1629ec04b1742cc4c242b45a2c5,2026-09-26T05:26:48+00:00,2f9c22cfad368a044a3c9a4a7673843da52061d61c2bc23113bf95030a23d913,213582,154 daily files 20210101..20211231
locationid=5602/year=2020.zip,https://openaq-data-archive.s3.amazonaws.com/records/csv.gz/locationid=5602/year=2020/,members-sha256:459d08886a67b0fd9f43cfe3e800c1cb86b1cb9fd1e10036b747f063e1f5c0c4,2026-09-26T05:26:53+00:00,6300a03cab9d6692282c5ac000ad91bb4e9be7f14c2a2ef1bb2409fbbd7c711a,563461,313 daily files 20200101..20201226
locationid=5608/year=2022.zip,https://openaq-data-archive.s3.amazonaws.com/records/csv.gz/locationid=5608/year=2022/,members-sha256:b7b7ef09bae05f0b81bee92fd7c28213da1b00a8c9eb74e330cd32e0a5c70ade,2026-09-26T05:26:56+00:00,a1df873c1696486416642db14f2cb402f698c74cc1385403b4e91031489f6096,106949,103 daily files 20220101..20221015
locationid=5603/year=2021.zip,https://openaq-data-archive.s3.amazonaws.com/records/csv.gz/locationid=5603/year=2021/,members-sha256:4d91edc935aaf261a5eef7567d949d91c595d23412c54cf0a84baa27e0736779,2026-09-26T05:27:00+00:00,b46119dc2e5a7db4443c3b49b1e8831e468c1205db1c7e240ad01a85a5439aae,278520,233 daily files 20210101..20211231
locationid=5608/year=2026.zip,https://openaq-data-archive.s3.amazonaws.com/records/csv.gz/locationid=5608/year=2026/,members-sha256:d13a1ba02790f6fc582b78f55d86351d8e69af02b35485e9bc7337066a0877e6,2026-09-26T05:27:04+00:00,0415621134a185225f1c9c8913f3dbba38944e4128342ca5a6deb5cb65a426aa,449778,81 daily files 20260101..20260331
locationid=5602/year=2025.zip,https://openaq-data-archive.s3.amazonaws.com/records/csv.gz/locationid=5602/year=2025/,members-sha256:be61b34f078bfded29fb21095fc3f8081b12d82945bd53b63a2906519cfa047d,2026-09-26T05:27:16+00:00,00921699a3090143059a70ed309f9cf9e31f97f2de6a7faf09660675ebc7dfe2,1730358,314 daily files 20250219..20251231
locationid=5609/year=2026.zip,https://openaq-data-archive.s3.amazonaws.com/records/csv.gz/locationid=5609/year=2026/,members-sha256:dc8e5e5ca205f0a4227bf38d32f276a4624a0de59c1b2a7c9b35732f7b045f8b,2026-09-26T05:27:25+00:00,00457acae88e778bb07fa85304684d2a07ba5f35002dbb4e3a6e8bbc9e8eae43,406022,81 daily files 20260101..20260331
locationid=5608/year=2019.zip,https://openaq-data-archive.s3.amazonaws.com/records/csv.gz/locationid=5608/year=2019/,members-sha256:68379da74e8d265772cb8b3a717caae4cc8ad6a9a7a5ffcae2baaf785eae30a0,2026-09-26T05:27:38+00:00,2ac74e3a0894a7cb1f3d07b66a3ce25a0520863b9a49339dff5d068d258f9a67,590691,191 daily files 20190103..20191231
locationid=5609/year=2022.zip,https://openaq-data-archive.s3.amazonaws.com/records/csv.gz/locationid=5609/year=2022/,members-sha256:f84556658b06e05fba2220143fb09fa5e2693c9808a04b3a36cd32da4926c077,2026-09-26T05:27:42+00:00,0c8f0e9f8d76f176cbfeb7e521823c66dc8e3849891b1c61c371db1240c6117f,143288,126 daily files 20220101..20221031
locationid=5603/year=2020.zip,https://openaq-data-archive.s3.amazonaws.com/records/csv.gz/locationid=5603/year=2020/,members-sha256:cbaf08a230cd2a98ec4c669cc2cb5c75a3b42f91e98018c60aeb2e95329f77ff,2026-09-26T05:27:53+00:00,785ef0b98a6dff376eb956c51bcf8b31054a3aa4a08dc585777491fc73d88cd0,547162,347 daily files 20200101..20201231
locationid=5609/year=2018.zip,https://openaq-data-archive.s3.amazonaws.com/records/csv.gz/locationid=5609/year=2018/,members-sha256:407a3820f266b3631e98341d3ebccaf9aa03db69c847461d785af6a108324d38,2026-09-26T05:27:53+00:00,4e1bb31d3bb18512b8d97e653d36e5c4f43ab7f9cf32032bcca5430cddb4dfd8,313934,150 daily files 20180309..20181119
locationid=5608/year=2021.zip,https://openaq-data-archive.s3.amazonaws.com/records/csv.gz/locationid=5608/year=2021/,members-sha256:7e930c9ae88927ff2a035e97be78774941a1a54a1db218624a160f2249143e98,2026-09-26T05:28:05+00:00,79135e07a789944ac516e96db420f1a442d05de28443fd041ae9359a5409fe16,237860,211 daily files 20210101..20211231
locationid=5610/year=2026.zip,https://openaq-data-archive.s3.amazonaws.com/records/csv.gz/locationid=5610/year=2026/,members-sha256:4ce9371205566fa87aed3eab6b25782e0a92cb08344cd1f30d4e631c49b05c92,2026-09-26T05:28:06+00:00,12a27932fa9c875e6d7a2f6e5110e5588f1a78972a0c7b2d1eb2766e5813c43f,349241,80 daily files 20260102..20260331
locationid=5610/year=2022.zip,https://openaq-data-archive.s3.amazonaws.com/records/csv.gz/locationid=5610/year=2022/,members-sha256:d542ddab039807530ed7218952385bb5b2c7d2e2f7d48c15f7f3c5b7d183424a,2026-09-26T05:28:09+00:00,32c1540586810ccbea7119735a78728c89c9b2812327a4e5187bd0d72344a1ac,106717,103 daily files 20220101..20221031
locationid=5603/year=2025.zip,https://openaq-data-archive.s3.amazonaws.com/records/csv.gz/locationid=5603/year=2025/,members-sha256:1d99fdad5528be3db62681e7ad21725f93686a90a311be46fa22afaaca10c07e,2026-09-26T05:28:14+00:00,673d56bcaee901bcb0fcaf0a6c805d64fc41c12bf308277fc807aae042fc82c5,1355374,314 daily files 20250219..20251231
locationid=5610/year=2018.zip,https://openaq-data-archive.s3.amazonaws.com/records/csv.gz/locationid=5610/year=2018/,members-sha256:b99650cb5ee16ba8ef3827ca65dbac478e02c3b8e1aee106979ce2eee97dc265,2026-09-26T05:28:27+00:00,7133ddc5117e231cd443608eb25ad2410540c78046c727858af53401f1cf2410,225877,153 daily files 20180309..20181228
locationid=5609/year=2019.zip,https://openaq-data-archive.s3.amazonaws.com/records/csv.gz/locationid=5609/year=2019/,members-sha256:1769ed6cfc06bf097a9e0327c5fd03c31a63c6db00e80f1165674ebe5a8f3c32,2026-09-26T05:28:30+00:00,8adf621502c21a9589667368c53e7ff18a5224bccf5ca76de9bbfc9d5bca32bd,590455,195 daily files 20190103..20191231
locationid=5607/year=2025.zip,https://openaq-data-archive.s3.amazonaws.com/records/csv.gz/locationid=5607/year=2025/,members-sha256:f6f033bb3c95474ad51bfe2b82727be2a3ad1317e0d4e614b9c700dc6ed02f3a,2026-09-26T05:28:44+00:00,34ea4652b6b3b0b09950df06cc4f2e69e34b6f0c9557cad439dd0fb801e053d4,1429403,284 daily files 20250219..20251231
locationid=5610/year=2019.zip,https://openaq-data-archive.s3.amazonaws.com/records/csv.gz/locationid=5610/year=2019/,members-sha256:7bfd95760f1f7b867385ec6bf2422e47620b90ef9f7e1633e9c7770515a69d0e,2026-09-26T05:28:47+00:00,1b0bbe0ae2bceb05b71d974c53093bbb151dff9d1cad3343a1a0fe0fcad2014e,462047,169 daily files 20190103..20191231
locationid=5608/year=2020.zip,https://openaq-data-archive.s3.amazonaws.com/records/csv.gz/locationid=5608/year=2020/,members-sha256:bb86b746ec79d8eb85ba6fd910cf9a0837653f2c8e3940148f6a8b7f4cddec1e,2026-09-26T05:28:50+00:00,f8e702214039ba91def87979693ef29c2e4bca4d943f965403ace70fb596c06c,521085,290 daily files 20200101..20201231
locationid=5609/year=2021.zip,https://openaq-data-archive.s3.amazonaws.com/records/csv.gz/locationid=5609/year=2021/,members-sha256:1f58e8cd8ae6e42226fd5cfda3d332364ba37daf4e317da48a1287768403b042,2026-09-26T05:29:00+00:00,bba82b0db05ec3b14b28d932c9849da5c48e9a7cc840efcde22fac88217fb65b,271888,231 daily files 20210101..20211231
locationid=5613/year=2020.zip,https://openaq-data-archive.s3.amazonaws.com/records/csv.gz/locationid=5613/year=2020/,members-sha256:7af2ee44fe233539637a668a87dca38f974df907ffa396746bc8f2aadd0d8a67,2026-09-26T05:29:03+00:00,1be38c744a8fbadedd5b4701e0179a5990d50e671df6f0fbff11bce3eb878f48,59185,19 daily files 20200101..20200120
locationid=5607/year=2020.zip,https://openaq-data-archive.s3.amazonaws.com/records/csv.gz/locationid=5607/year=2020/,members-sha256:effcd62c2ac1dbc7db2f702ec7d78d92669a947db6bc5b3e79637cb284df5309,2026-09-26T05:29:04+00:00,25d4ffdc6ecff58ab1324f473812c5993c415a251656fe040ff09e9bc3136139,547611,350 daily files 20200101..20201231
locationid=5610/year=2021.zip,https://openaq-data-archive.s3.amazonaws.com/records/csv.gz/locationid=5610/year=2021/,members-sha256:8dfb1c6e3b0367380cc905e6e565d2b15df49619634d775b3b16323141713485,2026-09-26T05:29:07+00:00,ec19bd06007124b7899811af48fa247b5fe96f9cdc19586ca8de56909e3a68c6,258185,184 daily files 20210101..20211231
locationid=5611/year=2018.zip,https://openaq-data-archive.s3.amazonaws.com/records/csv.gz/locationid=5611/year=2018/,members-sha256:de115228dc8f208b57a3c1e2d60895893ec4737dde24b859e1f1529166af8d83,2026-09-26T05:29:11+00:00,9fe7ce5c79fc8dab09cf03656342fc72e14dbb4854f6069191e0df8749b728f0,288735,158 daily files 20180309..20181119
locationid=5611/year=2022.zip,https://openaq-data-archive.s3.amazonaws.com/records/csv.gz/locationid=5611/year=2022/,members-sha256:eef08b18b622a0aca9b9a0c699c2870ee2b47f6dc6e357a5dac6709958980db8,2026-09-26T05:29:14+00:00,7f10cd5efcb835600986a6bd76d52a95a04ca22b7f3848b02d01a4cfe9ddd610,134283,124 daily files 20220101..20221031
locationid=5611/year=2019.zip,https://openaq-data-archive.s3.amazonaws.com/records/csv.gz/locationid=5611/year=2019/,members-sha256:8fb0655b5ba2cc78dffdfe909a9aee8e477a222166456181f8032243c1c9d72f,2026-09-26T05:29:20+00:00,fe6f8db57731b5d995d0ed2ffbd23f4b9a97246485bceea044dbe2034f3b2557,399094,170 daily files 20190103..20191231
locationid=5612/year=2022.zip,https://openaq-data-archive.s3.amazonaws.com/records/csv.gz/locationid=5612/year=2022/,members-sha256:709f89e52a60541e80dab56ed089d8e2be242d2bd2a26a07dd6583711b458954,2026-09-26T05:29:21+00:00,e8237d6bbaeb609e0dd38cf9f7950e41d2dd7543ea002a5be932a17c75e2f7d7,120265,97 daily files 20220101..20221031
locationid=5612/year=2026.zip,https://openaq-data-archive.s3.amazonaws.com/records/csv.gz/locationid=5612/year=2026/,members-sha256:5d1b06ab23c9fcce71bffb0cdcb0b7e82a0a64705c9745b47b91903df9f4a2e8,2026-09-26T05:29:23+00:00,eb97b7e99bf3269c82569c1280d716fd83e656b1bdcb9ac1b6d3bde1942ca8d1,539095,81 daily files 20260101..20260331
locationid=5608/year=2025.zip,https://openaq-data-archive.s3.amazonaws.com/records/csv.gz/locationid=5608/year=2025/,members-sha256:fbe7ce0fc177fe21e20c4770914aafc0f5267ad8e610295e2702675740000f15,2026-09-26T05:29:36+00:00,eb0a990c0d824d6c2d9f551a92783c65451edf5f698e1d857bdc93cfea080666,1644146,315 daily files 20250219..20251231
locationid=5611/year=2021.zip,https://openaq-data-archive.s3.amazonaws.com/records/csv.gz/locationid=5611/year=2021/,members-sha256:b45046d91023376e929511381f664614176f1d4d10815c3c3949728e5f0f3524,2026-09-26T05:29:52+00:00,b8cabef54b90912fc1a25a141f55e84a4cacc6f2365758df3889a8f6da56b1fc,216688,184 daily files 20210101..20211231
locationid=5612/year=2018.zip,https://openaq-data-archive.s3.amazonaws.com/records/csv.gz/locationid=5612/year=2018/,members-sha256:0abc54991008c6a01fbd19b5bfb506ce984db153ac1c7af0ad29e86a557bf805,2026-09-26T05:29:58+00:00,e8403f3bff8d72611fa6c491eda5cdf6de8f6a87892fca7e4a933c0de2c99008,352292,156 daily files 20180309..20181119
locationid=5613/year=2026.zip,https://openaq-data-archive.s3.amazonaws.com/records/csv.gz/locationid=5613/year=2026/,members-sha256:0ce28134fe584150454604ffe9635adc1f11f1e780222bf5ce579fa34ea3a909,2026-09-26T05:30:00+00:00,96ea0d9a0f99b1fbaf785b09c567977ad48139e9becd6e72a06da56d6dc82d0a,304102,81 daily files 20260101..20260331
locationid=5612/year=2021.zip,https://openaq-data-archive.s3.amazonaws.com/records/csv.gz/locationid=5612/year=2021/,members-sha256:54a9856854d039b7b9a6259998dca1ac8a4861ce7698b571672bfa1d0046d3d1,2026-09-26T05:30:08+00:00,8c5ffae96642c92ea913595bab98174a7f4b73a83db195c639326d007fa6965e,232733,162 daily files 20210102..20211231
locationid=5609/year=2020.zip,https://openaq-data-archive.s3.amazonaws.com/records/csv.gz/locationid=5609/year=2020/,members-sha256:39ac5efb009c59cfb22ca669fcf0a8279d95e3cf8af79c5d76c006ad2a90f211,2026-09-26T05:30:08+00:00,79a0e7c7c0b902bbf1c4304da7df5b39d4957fdb8c9df735c22fa75cf2b4a173,553514,345 daily files 20200101..20201231
locationid=5609/year=2025.zip,https://openaq-data-archive.s3.amazonaws.com/records/csv.gz/locationid=5609/year=2025/,members-sha256:ff5de49119023c1798ba93c3827a3f527cf02d18313fab33bc229986aa289ea6,2026-09-26T05:30:08+00:00,dc5075a79f40f3f63932fbf08f8ee047d6b2d1ba0e5f9fc5983deb965c84edb5,1333588,312 daily files 20250219..20251231
locationid=5615/year=2020.zip,https://openaq-data-archive.s3.amazonaws.com/records/csv.gz/locationid=5615/year=2020/,members-sha256:f6e62037e1094687b3954d9faaac19646f80486b2e77f9258f04036175272f3e,2026-09-26T05:30:10+00:00,eb59094cfac1b6dbd3f7cc0fd05392c40508f2ad1fa65ca06a32816e49605e7d,16191,21 daily files 20201101..20201231
locationid=5613/year=2018.zip,https://openaq-data-archive.s3.amazonaws.com/records/csv.gz/locationid=5613/year=2018/,members-sha256:bf52d3cc6bede37ae9d74db461fea0e57305502fc72145021ae033229fce2eb5,2026-09-26T05:30:18+00:00,2d66cd149abe9b13aa768866c9b108c58584ac158cdbba3f1b13ae9c328912b3,225379,142 daily files 20180309..20181227
locationid=5614/year=2026.zip,https://openaq-data-archive.s3.amazonaws.com/records/csv.gz/locationid=5614/year=2026/,members-sha256:7aeb5b0180601d49cbeb7093f6574874a9b21e7bd01750a4404900c13d43486a,2026-09-26T05:30:27+00:00,e494bec463966c57c41361613be8badc129a7261d0740e419122afab7acb65ee,512899,81 daily files 20260101..20260331
locationid=5612/year=2019.zip,https://openaq-data-archive.s3.amazonaws.com/records/csv.gz/locationid=5612/year=2019/,members-sha256:c7165d0e2527194b4dd6d6634cfacc971c9750ebac35533766196db87525304b,2026-09-26T05:30:28+00:00,1736f34b45fc7ba67372f2243b072698d789d4f3fe9b9ebfec06dfab86fa564a,653224,191 daily files 20190103..20191231
locationid=5610/year=2020.zip,https://openaq-data-archive.s3.amazonaws.com/records/csv.gz/locationid=5610/year=2020/,members-sha256:45f174dbf4a9c22ab17cf2ba744b5ec6d8ec9c22f8b2483d6af698263bbd3cab,2026-09-26T05:30:36+00:00,331d3c5f4bf3c641c21afb2d07ac80b60c9cbc362a8ddb45307446ea6c6388ee,598393,318 daily files 20200101..20201231
locationid=5614/year=2022.zip,https://openaq-data-archive.s3.amazonaws.com/records/csv.gz/locationid=5614/year=2022/,members-sha256:52a191cdb194b798132724d78f08d94086b1442cba4ea49a0e093b24e59dc1b3,2026-09-26T05:30:43+00:00,0e1c547801db6beb6d82bbaba7c46bdac4e9663451289bb3bbfad7b690360158,146021,122 daily files 20220101..20221031
locationid=5615/year=2019.zip,https://openaq-data-archive.s3.amazonaws.com/records/csv.gz/locationid=5615/year=2019/,members-sha256:6d75c17e4cf4f9101c7e445824dd017135a58f6393abaefb89c538d2a64c4fd8,2026-09-26T05:30:44+00:00,e2fa4960784d80d155d955730c32286675cfb57db170bab369398f6c9266c408,125923,90 daily files 20190103..20191107
locationid=5613/year=2019.zip,https://openaq-data-archive.s3.amazonaws.com/records/csv.gz/locationid=5613/year=2019/,members-sha256:3318b9c0a621d4b28b86843a6fdb866ddb81d452c3dde0cb4202c807ac19e4c8,2026-09-26T05:30:48+00:00,63cbbf2e8c707132c51c0d661840564d77bc1cbfeb55afd974d4e9f33ea436b5,511696,166 daily files 20190103..20191231
locationid=5610/year=2025.zip,https://openaq-data-archive.s3.amazonaws.com/records/csv.gz/locationid=5610/year=2025/,members-sha256:3adc38fd112abd9afc780927ed4e8d6e22062104f469ad8f5a09f5ece1d25ff2,2026-09-26T05:30:51+00:00,d28bfce57ae819104af3beb1187fd7c040774b38a3522ab6187aa91767ce7622,1684762,309 daily files 20250219..20251231
locationid=5614/year=2018.zip,https://openaq-data-archive.s3.amazonaws.com/records/csv.gz/locationid=5614/year=2018/,members-sha256:fac32da8813829676ab12dba4ae3c53708188d72bf9b4a1b9ab1cbde6fddc96a,2026-09-26T05:30:56+00:00,a6a7d4cd460dee60e19f0477b58a392985ab5c7c84b171d179d8c3979979adb9,294072,151 daily files 20180309..20181119
locationid=5614/year=2019.zip,https://openaq-data-archive.s3.amazonaws.com/records/csv.gz/locationid=5614/year=2019/,members-sha256:0fa30b467ea935f5ad5553e889653e5a9a55c3752bfafb5b6e0e185d683d5179,2026-09-26T05:30:57+00:00,c1ab0f6c0f3cc5d060653dae4f8c2e76256c9c2154ffedecc67ff29e37ed6224,340125,159 daily files 20190103..20191231
locationid=5615/year=2026.zip,https://openaq-data-archive.s3.amazonaws.com/records/csv.gz/locationid=5615/year=2026/,members-sha256:68415bed1d7f6f0be942c3d80fdf26cb6d64572e9dac92f1beb7e77dc55ecd61,2026-09-26T05:31:08+00:00,d3739a316ca4b342dde0ad4126401d40106052bfb7554c44cddfe2a6ddfb93c2,530050,81 daily files 20260101..20260331
locationid=5611/year=2020.zip,https://openaq-data-archive.s3.amazonaws.com/records/csv.gz/locationid=5611/year=2020/,members-sha256:6e3a82a7e58bbb4382faa85acaa891e48c4323a69781381f3772a58030c94574,2026-09-26T05:31:13+00:00,62c3765cf3d1e911448368fac07c0d9d6791182e1ae0bdac67d4bae768ea0260,519339,325 daily files 20200101..20201231
locationid=5615/year=2018.zip,https://openaq-data-archive.s3.amazonaws.com/records/csv.gz/locationid=5615/year=2018/,members-sha256:e5f6c429ac96d3b5d3a23b87bc55dafaef25d142a18ac263e7b3464ad1fe1191,2026-09-26T05:31:17+00:00,0d59ac30f3530a424cc0e9c95bdec7c739a5e9ee051eb2b63cd07ae7ff2b4e0d,177176,147 daily files 20180309..20181119
locationid=5615/year=2022.zip,https://openaq-data-archive.s3.amazonaws.com/records/csv.gz/locationid=5615/year=2022/,members-sha256:afc6e3510b20f87e2f6de26b6e997218c7f3087cc9e41ef62ed1ba3042430e6a,2026-09-26T05:31:28+00:00,4fa9619ed8a7cbc0e4a1c997ac02ac65f0e97a730bc73a091a4a31662b598c6e,135296,121 daily files 20220101..20221031
locationid=5616/year=2022.zip,https://openaq-data-archive.s3.amazonaws.com/records/csv.gz/locationid=5616/year=2022/,members-sha256:460882282feda391d3be48885c14325e1003585948620716cddfd6fdcb141e5c,2026-09-26T05:31:31+00:00,b71ec5d13fc435f5b76fe140b653dedac8568cf43ebea12dcdb647280ddd7aac,59010,83 daily files 20220103..20221016
locationid=5616/year=2026.zip,https://openaq-data-archive.s3.amazonaws.com/records/csv.gz/locationid=5616/year=2026/,members-sha256:e56712961b078ddb97af0a5d95c19f2b2fd6a366cfb301dfd5f2226185c4f018,2026-09-26T05:31:42+00:00,a009fa305e16824bfdf3c8794b41dc56b6f8828a553b5fa59c1a66d0cb2a8a1e,337891,81 daily files 20260101..20260331
locationid=5617/year=2022.zip,https://openaq-data-archive.s3.amazonaws.com/records/csv.gz/locationid=5617/year=2022/,members-sha256:dd9e931683f95344c131ce07b7859c5c860660011c318b480d2baba3422cbb4d,2026-09-26T05:31:52+00:00,ad1bf0a8cd8877bea543f2b39e8b2c8eabe745ac1f5569a9df391c53d2bad3be,62090,70 daily files 20220101..20221031
locationid=5614/year=2021.zip,https://openaq-data-archive.s3.amazonaws.com/records/csv.gz/locationid=5614/year=2021/,members-sha256:e5931c03e6fc3a1330121f06bb516f9c5c971207f25666b14065977696348b9b,2026-09-26T05:32:02+00:00,bfeceda293fd34d00581ed1ed7b28c9f25e2c00ba1d54c478de08e34374ff865,298373,233 daily files 20210101..20211231
locationid=5616/year=2018.zip,https://openaq-data-archive.s3.amazonaws.com/records/csv.gz/locationid=5616/year=2018/,members-sha256:021a2b84a8b296e900f2f1ddf74873a6779767913db01097959b9c524bbe553f,2026-09-26T05:32:07+00:00,907f4e418aaef61b7ff80fdf02b4bb08fd14abd89ddf814be35522522afc4a3a,303986,151 daily files 20180309..20181228
locationid=5612/year=2025.zip,https://openaq-data-archive.s3.amazonaws.com/records/csv.gz/locationid=5612/year=2025/,members-sha256:eb66b8c64cfd712be132248b9aaa5e1a64612ae192074168ca971816aac5663d,2026-09-26T05:32:10+00:00,2005f203ed7b845214ccf92b19c9e15f8b08a81b681632df737f355ee4e5e663,1726862,311 daily files 20250219..20251231
locationid=5612/year=2020.zip,https://openaq-data-archive.s3.amazonaws.com/records/csv.gz/locationid=5612/year=2020/,members-sha256:3e20eaaecd625b93ab241f709a531c30178e3f802958d7d1f63e0edfa7d02ac1,2026-09-26T05:32:14+00:00,099d504faca13bffbf107dcac13d3cef123207075065673e5b3dda67bb3dc8c1,682847,347 daily files 20200101..20201231
locationid=5616/year=2021.zip,https://openaq-data-archive.s3.amazonaws.com/records/csv.gz/locationid=5616/year=2021/,members-sha256:e0910db89e2331b0892ad71be709bc10edf626912b341223a00c3643ba099b64,2026-09-26T05:32:18+00:00,12500a7fc895947d3cb6fa8430e3e96fcd17ed1eebe036a8851f9e6e00b6e4c5,213962,150 daily files 20210101..20211225
locationid=5616/year=2019.zip,https://openaq-data-archive.s3.amazonaws.com/records/csv.gz/locationid=5616/year=2019/,members-sha256:556866a33284244ff8e91dece346a7b15e065ed3a7b3008c48bbc5faf2546356,2026-09-26T05:32:20+00:00,106e6b9560738a0696caaab798ecb93651ddc5f6861e48c140952674f213e1de,507603,167 daily files 20190103..20191231
locationid=5615/year=2021.zip,https://openaq-data-archive.s3.amazonaws.com/records/csv.gz/locationid=5615/year=2021/,members-sha256:dbbcbca7337a9cfe721d014a301834810c7f05cdaf369e8f2914bca649069338,2026-09-26T05:32:35+00:00,1c1555b5aaed6edf9daec93d1026538be1318df5e722b350e6dceaa791f9c27d,214005,209 daily files 20210101..20211231
locationid=5614/year=2020.zip,https://openaq-data-archive.s3.amazonaws.com/records/csv.gz/locationid=5614/year=2020/,members-sha256:83b4c7c0fd6da3fdbd621d01db6540c69108213eaa21432d6b95776454edcca1,2026-09-26T05:32:39+00:00,d1bdd5ce2c66415d8533f7d85e5e21ed3801438a630093ab9d8eb5fb572528c1,546880,288 daily files 20200101..20201231
locationid=5617/year=2021.zip,https://openaq-data-archive.s3.amazonaws.com/records/csv.gz/locationid=5617/year=2021/,members-sha256:2629b7f91ea2ca1f765bbf027b92276bbdd5987c2e5c6218fecc6cba74e871e4,2026-09-26T05:32:40+00:00,b0e47f0111bd0ae636df38347bda542a981e00aad47b0e8d0c0ec39c4cf37d69,177522,134 daily files 20210101..20211231
locationid=5619/year=2022.zip,https://openaq-data-archive.s3.amazonaws.com/records/csv.gz/locationid=5619/year=2022/,members-sha256:46eec18b571cc28ea95e13b2eb45473818c14e9ece428d7c36d5a882bde6763f,2026-09-26T05:32:52+00:00,d13f187697a53601e655ceaee841cf29bd756d94bb0610e99726d2486d7bc21f,123662,102 daily files 20220101..20221016
locationid=5619/year=2026.zip,https://openaq-data-archive.s3.amazonaws.com/records/csv.gz/locationid=5619/year=2026/,members-sha256:007a9d3ffa4e4b4dc46efdcba2e87ec35305a6aff698c3de4ad7c57f71762089,2026-09-26T05:32:54+00:00,fb3549739ceeeb765581f25c6cdbf3fec9b116c48b76d970ce87999657e5c563,383503,81 daily files 20260101..20260331
locationid=5613/year=2025.zip,https://openaq-data-archive.s3.amazonaws.com/records/csv.gz/locationid=5613/year=2025/,members-sha256:50d1fa5c037b64312993f797342c26f5c1ab134476a1a2c4c51c4dd66d8e267b,2026-09-26T05:32:57+00:00,706753b4602c5e34f139e8e4210bce925f547664cfaa5ce9de470e199fb448a0,1148024,313 daily files 20250219..20251231
locationid=5617/year=2018.zip,https://openaq-data-archive.s3.amazonaws.com/records/csv.gz/locationid=5617/year=2018/,members-sha256:c3c98d8daf74690d03bdcc8cb6e3e8f4ba74fc9922f07afaca941021ad350b1b,2026-09-26T05:32:57+00:00,fdd4ca11b633f2b0350d60abed4564266fa456de2ba0d6980b61722ef813f7a0,289623,166 daily files 20180309..20181228
locationid=5617/year=2019.zip,https://openaq-data-archive.s3.amazonaws.com/records/csv.gz/locationid=5617/year=2019/,members-sha256:4419c3b86d782bd0da198a4f1c48e0407082ee69d1d9ad3cac1bf4b966966bfd,2026-09-26T05:33:00+00:00,00c64532c1eae05b51b24c22cccbe33cd04ba2a6559f4437ef7fba4f735f00b3,343595,168 daily files 20190103..20191231
locationid=5615/year=2025.zip,https://openaq-data-archive.s3.amazonaws.com/records/csv.gz/locationid=5615/year=2025/,members-sha256:2505f4c59b5ea703eb2d81f3802675b1c0d1161ef86b9db3da4b96196581901f,2026-09-26T05:33:05+00:00,3b6ca3f83b62f65d7113ae13f895a797802256d4a94cb65bb5287f3f7b80badc,1321353,235 daily files 20250219..20251231
locationid=5614/year=2025.zip,https://openaq-data-archive.s3.amazonaws.com/records/csv.gz/locationid=5614/year=2025/,members-sha256:9c896ad1666bc667e0c7d78925c3a0f698bca74c48f96b13694cd392b23a1eae,2026-09-26T05:33:10+00:00,2018c6c54bfb6d6f124bff33620148479b759f2ce03cc811ee7ffcf1a886149e,1629910,314 daily files 20250219..20251231
locationid=5619/year=2018.zip,https://openaq-data-archive.s3.amazonaws.com/records/csv.gz/locationid=5619/year=2018/,members-sha256:fff286002dfa4a67e9da4dd2a74a52643d98935c0699119d0c443bfd88db36c2,2026-09-26T05:33:16+00:00,d1e7e139bf1c4876699c3c8b92ff94659b09956731580fe3ab731537969e9bf6,301760,158 daily files 20180309..20181119
locationid=5621/year=2026.zip,https://openaq-data-archive.s3.amazonaws.com/records/csv.gz/locationid=5621/year=2026/,members-sha256:a98515fdc3bd5f8c8371e15a648526d8401048051e08228fab96fd70a7a6d0d5,2026-09-26T05:33:35+00:00,01d692228303cfbe2d6f95373c425c11ce9fe64125a8b0b7a6bf951f581b11fa,462610,81 daily files 20260101..20260331
locationid=5621/year=2022.zip,https://openaq-data-archive.s3.amazonaws.com/records/csv.gz/locationid=5621/year=2022/,members-sha256:14e1bb7f3f333b8fc9c2e293c36d4cde4484fa826eec4121bf041e2daf461a22,2026-09-26T05:33:35+00:00,d6e711601344c9110c754c46747ae5ce3d5ae2f673322ac09f8137caf7a498b6,133196,103 daily files 20220101..20221031
locationid=5619/year=2019.zip,https://openaq-data-archive.s3.amazonaws.com/records/csv.gz/locationid=5619/year=2019/,members-sha256:f7c4ae91eada5b5e1f4a918db893365095b6cda1979b1b767d544d8cdea9622c,2026-09-26T05:33:40+00:00,68538e307d818dfb174144c6a783cdd83c96f2071e9d04f5087cb098ea6390e1,429654,187 daily files 20190103..20191231
locationid=5619/year=2021.zip,https://openaq-data-archive.s3.amazonaws.com/records/csv.gz/locationid=5619/year=2021/,members-sha256:34ee9af2221ddc4f600360a1140ae8b16b68180b68e425af47d1369cd5d01257,2026-09-26T05:34:06+00:00,189ff21141e036f2de4c58b26f11e476f66a62d891e09bb925938391f543b6fe,236348,186 daily files 20210101..20211231
locationid=5621/year=2018.zip,https://openaq-data-archive.s3.amazonaws.com/records/csv.gz/locationid=5621/year=2018/,members-sha256:a5d06f20666af68a2f07c2622f3299c2315f2c77362089507b0a75d5a7f08614,2026-09-26T05:34:07+00:00,e72dff9cc1f37992beb98d685cb46e0f7d47bd677113edcc3c672df6e9bd65fc,173403,155 daily files 20180309..20181119
locationid=5622/year=2026.zip,https://openaq-data-archive.s3.amazonaws.com/records/csv.gz/locationid=5622/year=2026/,members-sha256:d1a2a4779fa961d907375f4b7f5cdcee96f8674ff3781ddb9c7dcb49bc70ce69,2026-09-26T05:34:15+00:00,e53cba50ef4978c01563205b9bc18427472d1c7bcd99550e5781a8d5a06abc72,502831,81 daily files 20260101..20260331
locationid=5621/year=2019.zip,https://openaq-data-archive.s3.amazonaws.com/records/csv.gz/locationid=5621/year=2019/,members-sha256:6d9a196eaff622ec6eaf6b9aa0d8a505fdb92810e0881d61089ea8ee13df9337,2026-09-26T05:34:19+00:00,0d826365834541685b921da2cb2702358bec7aec30d7d2cd5f4a516b73d943e2,276477,170 daily files 20190103..20191231
locationid=5622/year=2022.zip,https://openaq-data-archive.s3.amazonaws.com/records/csv.gz/locationid=5622/year=2022/,members-sha256:118abe787cb8870555f7bf18882a76d2065925c671513d0222bccac9e3d3ceaa,2026-09-26T05:34:19+00:00,218b93be01630c716eb81a53a084b3476d047f54f8f5779a614c8df8735d8ff6,128787,104 daily files 20220101..20221031
locationid=5616/year=2025.zip,https://openaq-data-archive.s3.amazonaws.com/records/csv.gz/locationid=5616/year=2025/,members-sha256:a81f1c73b93cdc0581cfec14c62f2f0f953b9be53dfaaf8b90b9edcc6c41551f,2026-09-26T05:34:23+00:00,60fc78703b0b69679bcff35ca5b890fbcfd1347bece03b315a13927a0c0d8df1,1257190,285 daily files 20250219..20251231
locationid=5621/year=2021.zip,https://openaq-data-archive.s3.amazonaws.com/records/csv.gz/locationid=5621/year=2021/,members-sha256:d8e890855b9a020f365adf90f99f9553a29b1e6b6b98125cef34414725fdac90,2026-09-26T05:34:29+00:00,2e6cc1517b230ba617c8076780aa7b3d7e9536e570c024ff0a06b45c48813e6e,179745,170 daily files 20210104..20211231
locationid=5616/year=2020.zip,https://openaq-data-archive.s3.amazonaws.com/records/csv.gz/locationid=5616/year=2020/,members-sha256:a26b1a893bba601c09e012e8d1b82b42c60f348bbc0b5a4af60b47806cf0622f,2026-09-26T05:34:30+00:00,aac70c90e1f6f7a95db181a2f962ee18704a58e3016de81b37fb55fd163700c3,706907,343 daily files 20200101..20201231
locationid=5622/year=2018.zip,https://openaq-data-archive.s3.amazonaws.com/records/csv.gz/locationid=5622/year=2018/,members-sha256:bf83e788052d9d9fc8cfa927f36f58d31448baa68b9f15e94bccfea7f4e15136,2026-09-26T05:34:55+00:00,24cde1714f2b735b3f8462b978e25eae1cb6d9e6f9b7c1109a7b1d58d6117e48,347655,168 daily files 20180309..20181228
locationid=5623/year=2022.zip,https://openaq-data-archive.s3.amazonaws.com/records/csv.gz/locationid=5623/year=2022/,members-sha256:39341cb797d4671d718e5663b83632fdf53bb0205e3bccd9461756eb9755441b,2026-09-26T05:34:58+00:00,e2ab51b16a0a6c1d50699ca16c055f013a2852923495c060cfb26ca818beb971,119059,103 daily files 20220101..20221031
locationid=5622/year=2019.zip,https://openaq-data-archive.s3.amazonaws.com/records/csv.gz/locationid=5622/year=2019/,members-sha256:901945199b676fecffd0b7427168109a6d4c645af13b90504106092a8b81300b,2026-09-26T05:35:00+00:00,c8696ff0da0e1495ac29211a690e0ebfc892b6900518a61b7a6d65c05ce2d455,497208,166 daily files 20190213..20191231
locationid=5617/year=2020.zip,https://openaq-data-archive.s3.amazonaws.com/records/csv.gz/locationid=5617/year=2020/,members-sha256:200fade9b68462e6083c20519b30010f04e3343fc9307036f606193e82b4663e,2026-09-26T05:35:05+00:00,43f6887f1738a12c13762ed6dd88f584df9e6fc79cac46eef9317158def7778c,481002,332 daily files 20200101..20201231
locationid=5623/year=2026.zip,https://openaq-data-archive.s3.amazonaws.com/records/csv.gz/locationid=5623/year=2026/,members-sha256:07dc2afc133e8ffd7ba1fd61455fb31e05ed38052132eba5509983cd73f475ed,2026-09-26T05:35:08+00:00,680abccae705718cd694c769afefa0ce92f076ac37cf723a4b785df5d9577eee,387845,79 daily files 20260101..20260331
locationid=5623/year=2018.zip,https://openaq-data-archive.s3.amazonaws.com/records/csv.gz/locationid=5623/year=2018/,members-sha256:b4333cfe58a8d1b2605eb22448e13fd4f042b6627785ca0732a1fe32da73556e,2026-09-26T05:35:21+00:00,8fabb9edeb04523fedc511bd2b6960d714cd1e398958b63d88d83fe7b5193dab,321816,156 daily files 20180309..20181119
locationid=5624/year=2022.zip,https://openaq-data-archive.s3.amazonaws.com/records/csv.gz/locationid=5624/year=2022/,members-sha256:5d774669b09c456b4dfa63e113cf8538c4e943c9a1294b68a0d756a6fee9d636,2026-09-26T05:35:34+00:00,10db08c859557e34010763dbea8dd9b4158c7762500c9c356cf736558036822f,97725,92 daily files 20220101..20221031
locationid=5623/year=2021.zip,https://openaq-data-archive.s3.amazonaws.com/records/csv.gz/locationid=5623/year=2021/,members-sha256:c5d0cc0d3b0c436319262d4757137f10cfe703b7afe489ba66d8b61666685ca6,2026-09-26T05:35:35+00:00,ed1b44d025c2c02ce30cb7d51b768385a07e1d763faee416c383cbee87b935ff,202739,148 daily files 20210101..20211231
locationid=5624/year=2026.zip,https://openaq-data-archive.s3.amazonaws.com/records/csv.gz/locationid=5624/year=2026/,members-sha256:3ca461c1d48f743cf6e1905912865f95abb4e4a0e7127410c7b2775d1c980b12,2026-09-26T05:35:35+00:00,f9ee4fd6685b7831af7889a37ca7ae5721a4c7352a2181dbaffa07b9505ee6ba,342267,78 daily files 20260101..20260331
locationid=5623/year=2019.zip,https://openaq-data-archive.s3.amazonaws.com/records/csv.gz/locationid=5623/year=2019/,members-sha256:1756911d557834b3ea57cb77397b839039271c933b929c305b5f9a76e01aaf4c,2026-09-26T05:35:39+00:00,a31e5716ac34ac7d9117802ddb31182c0d9d188150b0293a7879e7d11464203d,312818,190 daily files 20190103..20191231
locationid=5619/year=2020.zip,https://openaq-data-archive.s3.amazonaws.com/records/csv.gz/locationid=5619/year=2020/,members-sha256:23ea914b3890cb2468bd0c7dd74e7bddec78043d56a53724f1c7695ca3c0bb3b,2026-09-26T05:35:47+00:00,46e7af0d90a8c185bfd2bcb99e2a2381312b635b10b0079de2cc62b6da003a75,539913,343 daily files 20200101..20201231
locationid=5619/year=2025.zip,https://openaq-data-archive.s3.amazonaws.com/records/csv.gz/locationid=5619/year=2025/,members-sha256:cd37fab8cb1e9656b8e82cf60903d8b1e531b8898159f3f644f4581b6548e993,2026-09-26T05:35:49+00:00,4493634ae7d0f9a2fe043a3c8611de9098639c635d3d83f4dffe6e761172d348,1290407,304 daily files 20250219..20251231
locationid=5624/year=2021.zip,https://openaq-data-archive.s3.amazonaws.com/records/csv.gz/locationid=5624/year=2021/,members-sha256:91869817b4417ab39d8e017a7a4437137e63a68cf079ed258c804b507fd21624,2026-09-26T05:36:05+00:00,75d94fe0a78bb02fa4c8c00be6899952a53285f418e04c1058078ef0c3da620f,170080,140 daily files 20210101..20211231
locationid=5624/year=2018.zip,https://openaq-data-archive.s3.amazonaws.com/records/csv.gz/locationid=5624/year=2018/,members-sha256:2776dbb9a5f66025e590b7b48957758c322064e04e989d0d05841aab90222ef8,2026-09-26T05:36:15+00:00,84570390591bd0ad93875a5d2292ec1c1d4e353a14ba02ba3e9b4bc4ce979001,310486,152 daily files 20180309..20181119
locationid=5622/year=2021.zip,https://openaq-data-archive.s3.amazonaws.com/records/csv.gz/locationid=5622/year=2021/,members-sha256:39ab37dae174c5f3cff3dfc91b8a6e522173ae33ddaa39a39be4bf8d9470539b,2026-09-26T05:36:16+00:00,c9a98a560096609c9e4c66906411666bf71d46aec2ca42c8bad9e95c62df41d0,361251,267 daily files 20210101..20211231
locationid=5624/year=2019.zip,https://openaq-data-archive.s3.amazonaws.com/records/csv.gz/locationid=5624/year=2019/,members-sha256:abaad69940170d32ef94ed09bea8c4d08e68a4da72744c72f8e8858a7230d528,2026-09-26T05:36:24+00:00,d26ce7e47afc5788635a93ac78b522bb99640bf60f1e2f02afa8c501b22e77f5,446714,170 daily files 20190103..20191231
locationid=5621/year=2020.zip,https://openaq-data-archive.s3.amazonaws.com/records/csv.gz/locationid=5621/year=2020/,members-sha256:e0f672be8c1ccbbb43533a9a0ec301fb7e21385c46d2a3037e3e46b2ef18e49d,2026-09-26T05:36:25+00:00,1ea3b7bbc147248e321800f6cf643506534c50b70d37952acb15efe36f8fdd12,602684,326 daily files 20200101..20201231
locationid=5625/year=2022.zip,https://openaq-data-archive.s3.amazonaws.com/records/csv.gz/locationid=5625/year=2022/,members-sha256:46c80a1ed8df7470c8fa7f574ebd68898e02ae0ecad32845938c6e76f3d5587e,2026-09-26T05:36:30+00:00,96f9ebb1629a55d54e14df94e62d60824b3dcf737cec8a8f80f18b655d0c3ed4,130961,105 daily files 20220101..20221031
locationid=5621/year=2025.zip,https://openaq-data-archive.s3.amazonaws.com/records/csv.gz/locationid=5621/year=2025/,members-sha256:a1aca2f68e03191b6a07911583a9a11735dcf5b2934b296cebbb7cf09c7146e4,2026-09-26T05:36:30+00:00,522f351ffbc6771467e9f6083e2a557e705d636043c542a4a907b5767a09838c,1704993,315 daily files 20250219..20251231
locationid=5625/year=2026.zip,https://openaq-data-archive.s3.amazonaws.com/records/csv.gz/locationid=5625/year=2026/,members-sha256:eeea33c184aa9c07d0d4f8c709c231b9ffd68de6f9c29ef3c91a53506d5daa19,2026-09-26T05:36:38+00:00,58cf46019dbb033098ef2fed9b9285166867db306137662daca39a9630d90112,467977,81 daily files 20260101..20260331
locationid=5625/year=2021.zip,https://openaq-data-archive.s3.amazonaws.com/records/csv.gz/locationid=5625/year=2021/,members-sha256:54bc985c1867f29ab978cc87c50d2d0a70264f7f316f67c97bfa10fd7e7e9ba9,2026-09-26T05:36:43+00:00,9a456019e4cd5e8ab72bf3a86e1db8dfb7dd0215d50a96441533c705f68b9a8e,200791,138 daily files 20210101..20211231
locationid=5625/year=2018.zip,https://openaq-data-archive.s3.amazonaws.com/records/csv.gz/locationid=5625/year=2018/,members-sha256:798576001b0f11846b41a908a5d414416465d83ed743d164fc7d6024469279ca,2026-09-26T05:36:51+00:00,aff7ddaac4bb6d5b45d987ba0c9bd7caf1352aac84af9861abbe841effda984e,288584,154 daily files 20180309..20181119
locationid=5622/year=2025.zip,https://openaq-data-archive.s3.amazonaws.com/records/csv.gz/locationid=5622/year=2025/,members-sha256:eacd554ab421768a46404dce1585cec82d6e6f4e131377b45317e25d8d7f0ea1,2026-09-26T05:37:02+00:00,0dd8237f237085fb8c4fa179b424d69a8cf11cd37713ef63075b0dd9ccc53c6a,1687454,314 daily files 20250219..20251231
locationid=5626/year=2022.zip,https://openaq-data-archive.s3.amazonaws.com/records/csv.gz/locationid=5626/year=2022/,members-sha256:b7c646901b6bc1d8a8995778d952df4e919d78698d781275db399b1a07ee92da,2026-09-26T05:37:06+00:00,e4dc95a730950561966c42381074a9402c4ec8860f13e3a7f66d28bdbff404ba,117558,108 daily files 20220101..20221031
locationid=5626/year=2026.zip,https://openaq-data-archive.s3.amazonaws.com/records/csv.gz/locationid=5626/year=2026/,members-sha256:cd6ab91de7a13fe07910b3cbf1b646e2b419484140b96d9528855f530ac63c2f,2026-09-26T05:37:10+00:00,23efea08656b66cfe83c43f2a7838ef96a51648cf941d55b2136dc2bfbf91153,479105,81 daily files 20260101..20260331
locationid=5625/year=2019.zip,https://openaq-data-archive.s3.amazonaws.com/records/csv.gz/locationid=5625/year=2019/,members-sha256:b2d966843d019dd0635deaf0f8f4da0ad87068ff031bfcd4f5c460b34ed92368,2026-09-26T05:37:13+00:00,20444e81456f216f7ab763966a32c45e589d02fbe0266620c3eb3a7dee1e6d43,551032,193 daily files 20190103..20191231
locationid=5622/year=2020.zip,https://openaq-data-archive.s3.amazonaws.com/records/csv.gz/locationid=5622/year=2020/,members-sha256:e823983f1617114f0bbb14b44bc9485c6c6c9d4e3011aaf87011dfb0af2e1d0a,2026-09-26T05:37:15+00:00,be230fb01888df8f2096dd24cb976b3f614dd7f35d0df577a4857ab9573d4dad,694067,356 daily files 20200101..20201231
locationid=5626/year=2018.zip,https://openaq-data-archive.s3.amazonaws.com/records/csv.gz/locationid=5626/year=2018/,members-sha256:189f3ec11013f2936d488a9cf86693521b3942a7307de5ad23736ce2d7e4f358,2026-09-26T05:37:30+00:00,02a92f2b765801a5a34ac424de3868d82af378d5acc1842aeb9b5f571f6cc94c,286768,157 daily files 20180309..20181228
locationid=5623/year=2025.zip,https://openaq-data-archive.s3.amazonaws.com/records/csv.gz/locationid=5623/year=2025/,members-sha256:58efaf8e551b1d90955a8865030421d123129602f6c1db5a6202e4ba67a20e0f,2026-09-26T05:37:34+00:00,1aaa1297383501b9317e9865fe7d21c2aae84bf27944784dd2d10fdc32cf15cf,1214184,296 daily files 20250219..20251231
locationid=5623/year=2020.zip,https://openaq-data-archive.s3.amazonaws.com/records/csv.gz/locationid=5623/year=2020/,members-sha256:72f5851a55b1d54003d8efccb91a423d7e97417a913600a65ff7143146a7177c,2026-09-26T05:37:38+00:00,8f567ab5d3c51c50ce64831036b06c4899cb12388aaa1b70aba13d6236c777fc,565566,348 daily files 20200101..20201231
locationid=5627/year=2022.zip,https://openaq-data-archive.s3.amazonaws.com/records/csv.gz/locationid=5627/year=2022/,members-sha256:c28343998cff9b9f717c628eebe41bfea0091ed3bfbba4e7cf6112992f11ac24,2026-09-26T05:37:38+00:00,74e7dce9891a6c9877713faf9a839b56b7365bc89f9b799677ff2807724b9cc2,74566,97 daily files 20220101..20221031
locationid=5627/year=2026.zip,https://openaq-data-archive.s3.amazonaws.com/records/csv.gz/locationid=5627/year=2026/,members-sha256:9fced2843e5d409d851eb6971e0cba4d9004e8829992952c40c94cc2eb1104bf,2026-09-26T05:37:40+00:00,4601bc47da2f0dbc672c2abbf80e9352425ec86adf83a10c83003a84a671e2c9,356597,81 daily files 20260101..20260331
locationid=5626/year=2019.zip,https://openaq-data-archive.s3.amazonaws.com/records/csv.gz/locationid=5626/year=2019/,members-sha256:53b2ad0e001c66732917f74d9ea4457e9dc7b5e04829d80ecbeadc44a8199999,2026-09-26T05:37:44+00:00,e72dedc26b2e37e259eacc1572c2332ff7c5369ae5723932cd8018b0a22e5ae5,533534,174 daily files 20190103..20191231
locationid=5624/year=2025.zip,https://openaq-data-archive.s3.amazonaws.com/records/csv.gz/locationid=5624/year=2025/,members-sha256:db170cd5c24f33198ace2f8af63c77e0d4febc951658193401a2855066d7a20f,2026-09-26T05:38:02+00:00,c9a50a348c6a0cb2798f44516827db97bffcb0dbcd7bfb3b2df0fa1386a89fd1,1153687,281 daily files 20250219..20251231
locationid=5627/year=2018.zip,https://openaq-data-archive.s3.amazonaws.com/records/csv.gz/locationid=5627/year=2018/,members-sha256:af04a39dd65bea9367ecf958f0eb05bbf24961cbd37d8b1edd0f42dd3dea0243,2026-09-26T05:38:13+00:00,0fe160cf011afeb70d1ade7451ef14cdabc60b68e2df41fe3a71407748b26608,296949,151 daily files 20180309..20181228
locationid=5624/year=2020.zip,https://openaq-data-archive.s3.amazonaws.com/records/csv.gz/locationid=5624/year=2020/,members-sha256:9667b5486bd049d3b50df532b1a4374bad9eaf2a48d38eb64b29020f3a3c3784,2026-09-26T05:39:03+00:00,a92d9e89847aabf6559a2dee8463472c238a47ab16739e215dc79645bf5b170a,585896,342 daily files 20200101..20201231
locationid=5627/year=2019.zip,https://openaq-data-archive.s3.amazonaws.com/records/csv.gz/locationid=5627/year=2019/,members-sha256:4d7392e7327e10855a9bbb977caf0750861a7bd5bf191ee601916cad1c92fe0f,2026-09-26T05:39:09+00:00,11c8fcdc9a560a3222e2936353021e0fa4b08a897f3c0bd65fe1c3b2f8bcbea1,543543,173 daily files 20190103..20191231
locationid=5628/year=2026.zip,https://openaq-data-archive.s3.amazonaws.com/records/csv.gz/locationid=5628/year=2026/,members-sha256:e13d192cc38c591cf06ad2b06e4a9e1c0e6f7e135f1f8f36164b4753810366c4,2026-09-26T05:39:13+00:00,46deb1cd85d3cee17d3b443fab8a63a177115da04acda9313ac3f62f73747edc,421603,81 daily files 20260101..20260331
locationid=5628/year=2018.zip,https://openaq-data-archive.s3.amazonaws.com/records/csv.gz/locationid=5628/year=2018/,members-sha256:b714f2c6ff6538f1702c38a42da69f5a9a9a9909456a73093c63fabc346e53dc,2026-09-26T05:39:27+00:00,db9906cb4672ce440e6fcca05834edff27927631e00ac206dfdb012a45381434,298150,155 daily files 20180309..20181119
locationid=5627/year=2021.zip,https://openaq-data-archive.s3.amazonaws.com/records/csv.gz/locationid=5627/year=2021/,members-sha256:f45a5cbbd3566128d4743b03559ed5984a83e5ec749bdc02f2b66a5124320d27,2026-09-26T05:39:33+00:00,5bb8a9654f012399ad60b5fb1aff4f3b88f6bf80aef38693b5ba52fc24d8912f,285848,201 daily files 20210101..20211231
locationid=5628/year=2022.zip,https://openaq-data-archive.s3.amazonaws.com/records/csv.gz/locationid=5628/year=2022/,members-sha256:08c53bea6de5a7618c713c8d79c4686ef30e20963829dc72dad939328b3b2cee,2026-09-26T05:39:37+00:00,bde78e3e3c8f310b731e838e2b9662065c354df1e9380f61ea11a450e1014fdc,154970,134 daily files 20220101..20221031
locationid=5626/year=2021.zip,https://openaq-data-archive.s3.amazonaws.com/records/csv.gz/locationid=5626/year=2021/,members-sha256:a6b9a942a2c2e90629aaeb622ecbf8d6fa98a8d1f6747f76d33d808e4182217d,2026-09-26T05:39:48+00:00,96338a4292f0f9b7c80e6ff473bebec2c555b7cd7c727ec125889b4f0b52c39d,337981,274 daily files 20210101..20211231
locationid=5625/year=2020.zip,https://openaq-data-archive.s3.amazonaws.com/records/csv.gz/locationid=5625/year=2020/,members-sha256:e5d26094015a3961d555f1baa6793f981d87e308333a4f2c6343c09bfeae60c0,2026-09-26T05:39:55+00:00,68f0129b04e21e3bf5c410754bfa48ecdd66ceb9106c4a4a7673587e1b401b63,686143,356 daily files 20200101..20201231
locationid=5628/year=2019.zip,https://openaq-data-archive.s3.amazonaws.com/records/csv.gz/locationid=5628/year=2019/,members-sha256:da35c65d85af24529547b68707b48f98c01e9ce1fa7543aafc5ba3472285ecc0,2026-09-26T05:39:56+00:00,b8e2966e2df45aa4a49999fccad6c9ec7a664c7af14c659727a2599b713009e2,480487,184 daily files 20190103..20191231
locationid=5630/year=2022.zip,https://openaq-data-archive.s3.amazonaws.com/records/csv.gz/locationid=5630/year=2022/,members-sha256:684c0b6e8c907e7027e6313a8d0d4472f12b625c817d5d40b435aac1fc24c70a,2026-09-26T05:40:00+00:00,2dcac9da035fb12a6fcad5ba89063c17d87e7ebf0a57638d4dd7b096ac32030c,159510,126 daily files 20220101..20221031
locationid=5625/year=2025.zip,https://openaq-data-archive.s3.amazonaws.com/records/csv.gz/locationid=5625/year=2025/,members-sha256:de192941fce93203866bbce85896312be3878c4f20e9bcd24fd89310a104f109,2026-09-26T05:40:05+00:00,c408badaa934e24a9c6f3e4b6afabe604376794d6efcd29c8b8ffd80f822d53a,1594258,314 daily files 20250219..20251231
locationid=5630/year=2026.zip,https://openaq-data-archive.s3.amazonaws.com/records/csv.gz/locationid=5630/year=2026/,members-sha256:6c8a91b0b93096c5c70df40763a94c2b82a0e694dc06765dcc2b537b95206aaf,2026-09-26T05:40:08+00:00,4de067df7f16a8abe64c757034f5122610fe77ccdfd7ef352007def3c24a7d05,481133,81 daily files 20260101..20260331
locationid=5630/year=2018.zip,https://openaq-data-archive.s3.amazonaws.com/records/csv.gz/locationid=5630/year=2018/,members-sha256:1895c283e880e02a42d43a037444e28d4d32a7bc258d0e5dec2e9e78df193057,2026-09-26T05:40:32+00:00,e8e7f01234b616face8150687e7d6e6155d2f2f203438c78db61065c47dcf8e1,347142,168 daily files 20180309..20181228
locationid=5628/year=2021.zip,https://openaq-data-archive.s3.amazonaws.com/records/csv.gz/locationid=5628/year=2021/,members-sha256:e6621cf315ee714c316fb0766d24cd32b72d656a5329bd2cd859347036e13959,2026-09-26T05:40:34+00:00,0273eff17ef5a62b4b0531e7d474572e7f9f3bb4ea90682954e34fc59e126224,269953,218 daily files 20210101..20211231
locationid=5630/year=2019.zip,https://openaq-data-archive.s3.amazonaws.com/records/csv.gz/locationid=5630/year=2019/,members-sha256:fada9faeddca43a8ababaad4fcd9b8dfa34e922d93564a6678660a45a256efaa,2026-09-26T05:40:37+00:00,8c9219a6d90b798d7809e9849816321adf752c93783273dd9a50c88ed8839f83,509701,173 daily files 20190103..20191231
locationid=5626/year=2020.zip,https://openaq-data-archive.s3.amazonaws.com/records/csv.gz/locationid=5626/year=2020/,members-sha256:f992179a53a33c35626004d0b2decc5b59c76ad997b18e0ddab2e1bfdef68cf9,2026-09-26T05:40:43+00:00,3313db96231fa634e090ac223809a1e1e4e79de6363fc0640111e03dc7983f5d,719223,356 daily files 20200101..20201231
locationid=5626/year=2025.zip,https://openaq-data-archive.s3.amazonaws.com/records/csv.gz/locationid=5626/year=2025/,members-sha256:9d44b83aa69f654d12d2ee06d7d3d46d197f0ced84071421c5c454edfadf8e8e,2026-09-26T05:40:50+00:00,1dd44b31f59b8498ded6f7003222a642f8d8c1fe518f87a0096a9c61e315f83e,1619323,315 daily files 20250219..20251231
locationid=5631/year=2022.zip,https://openaq-data-archive.s3.amazonaws.com/records/csv.gz/locationid=5631/year=2022/,members-sha256:a825b209d93fc63e33c1d56ab12565160359225926066d018dc97301597688bb,2026-09-26T05:40:58+00:00,929af61f8415f02d500b33295af1069b85c54da88abe640a76132676eebe9f08,138662,106 daily files 20220101..20221031
locationid=5631/year=2026.zip,https://openaq-data-archive.s3.amazonaws.com/records/csv.gz/locationid=5631/year=2026/,members-sha256:494ece649870fbdb0b6b38f86cd959c83f879caab8a19709eeae422627611229,2026-09-26T05:41:04+00:00,434ac6fdf054411efcd0561390c5647a1ffbfeda831afb725f9b85911b41cb9a,539198,81 daily files 20260101..20260331
locationid=5631/year=2018.zip,https://openaq-data-archive.s3.amazonaws.com/records/csv.gz/locationid=5631/year=2018/,members-sha256:d05ab22b76f584c5b7b324e1f033ca2198f52cc6c682903305b80101f85efd5e,2026-09-26T05:41:13+00:00,915948998651e3ff967dd0d2f1cb4973ee437a1f239c5febdc96b37904ffc41e,284230,156 daily files 20180309..20181119
locationid=5627/year=2025.zip,https://openaq-data-archive.s3.amazonaws.com/records/csv.gz/locationid=5627/year=2025/,members-sha256:1ff0692710b507f36eee70a75f4abe8079b36c15dc61f651799cae0baa83c809,2026-09-26T05:41:15+00:00,90cc321ea9e7ff08a019a8317b530ccedf3f40fb7a326074e1175e088f56b6cc,1463421,311 daily files 20250219..20251231
locationid=5627/year=2020.zip,https://openaq-data-archive.s3.amazonaws.com/records/csv.gz/locationid=5627/year=2020/,members-sha256:8ae51a881d44e67ea5e8696ebc9bb218a12c8ce92f856a91b69b26a3ba231d24,2026-09-26T05:41:30+00:00,4d3749fc55d8597303ed0cb550ba2b702360c5301dea4fde7b54520ff513b2a8,725119,358 daily files 20200101..20201231
locationid=5631/year=2021.zip,https://openaq-data-archive.s3.amazonaws.com/records/csv.gz/locationid=5631/year=2021/,members-sha256:0502bc2dde41c8d1d3c5a4827a89a31424d9d3d1f4be1e1e3f16d03f918252b7,2026-09-26T05:41:32+00:00,6c46c4f5b705bd9c2f245722f888e11d7308adff4ed1ffd5fd81f76a4cb70c34,230650,157 daily files 20210101..20211231
locationid=5632/year=2026.zip,https://openaq-data-archive.s3.amazonaws.com/records/csv.gz/locationid=5632/year=2026/,members-sha256:03ff9f313aac9d3453b720e537f50a7591751391ded0fec386d29f8aca34642f,2026-09-26T05:41:41+00:00,622728e2eaa56052cf8be512d986a66fe7bfab8cd614e96a5264ef6510d038fb,408737,81 daily files 20260101..20260331
locationid=5630/year=2021.zip,https://openaq-data-archive.s3.amazonaws.com/records/csv.gz/locationid=5630/year=2021/,members-sha256:887cd94485422a2f77aa5566465457812f499e24e1b02d9f50cd37fa7829ee0e,2026-09-26T05:41:46+00:00,4e38df5275fa0ef31d17291bf72265dfb27724b0f3f06420558cc44d1b76f039,370941,274 daily files 20210101..20211231
locationid=5631/year=2019.zip,https://openaq-data-archive.s3.amazonaws.com/records/csv.gz/locationid=5631/year=2019/,members-sha256:c8608976c5ac970035a454d3886a795f22176ca7aeb26cc289422bc1c806b0a6,2026-09-26T05:41:47+00:00,c474c1b4169a498e291e1789d355d146401c578c684b30c28a2452baa493f003,627124,193 daily files 20190103..20191231
locationid=5632/year=2022.zip,https://openaq-data-archive.s3.amazonaws.com/records/csv.gz/locationid=5632/year=2022/,members-sha256:3bbf29bc2fb2f1dc4eacbb97de3ee22022ba3eecd560ec3c0a6de65cea389f69,2026-09-26T05:41:48+00:00,348ed8b5a8cf254ec26fc9517a2dec1cdd34e316fbf1f9bb36724fed9a380064,143011,125 daily files 20220101..20221031
locationid=5632/year=2018.zip,https://openaq-data-archive.s3.amazonaws.com/records/csv.gz/locationid=5632/year=2018/,members-sha256:620e8529023862308600bc05eae3ea9b87fb0cb4f95906eb547565580ce16c68,2026-09-26T05:42:00+00:00,4884ba9fe5b0589c67beefc9fee0bce306c2ac8c719351cba51a8130ea5a96ac,315548,153 daily files 20180309..20181119
locationid=5628/year=2025.zip,https://openaq-data-archive.s3.amazonaws.com/records/csv.gz/locationid=5628/year=2025/,members-sha256:a46ad0d238cb6c93549a05166336ca77187e7e629bda1687151e4736b40dc80a,2026-09-26T05:42:04+00:00,2a870e1d9eccbbfd2eaeec7a177cb81d6bdc40b1c5ed20f79a63b5c9b5e995eb,1372776,311 daily files 20250219..20251231
locationid=5628/year=2020.zip,https://openaq-data-archive.s3.amazonaws.com/records/csv.gz/locationid=5628/year=2020/,members-sha256:3aa27820cef70ab6ebfaa8e4db48f2116bf079660f5f283c2e5e016700d714ca,2026-09-26T05:42:12+00:00,d673f65f81d9c5dc19954e9e5d7b8e8eb606f6539a96541f6c3d5f7d4d09a187,613353,351 daily files 20200101..20201231
locationid=5633/year=2026.zip,https://openaq-data-archive.s3.amazonaws.com/records/csv.gz/locationid=5633/year=2026/,members-sha256:808ca5d952fc986e0443b2e18a3eefcae30a1d83d85de13ef062dbc4057c6c08,2026-09-26T05:42:23+00:00,c4566240b8c150ab72c5b4c04d428b20e9e477b2ef2c03fe8487ccb88d810e4c,537398,81 daily files 20260101..20260331
locationid=5633/year=2018.zip,https://openaq-data-archive.s3.amazonaws.com/records/csv.gz/locationid=5633/year=2018/,members-sha256:fb0bcd734ed987a38807115a246548b466053b0ef660c3a32876d7f06214c89a,2026-09-26T05:42:32+00:00,6b9ae247e79833a7b99385ff635d291a972144d2be39ae8bfda8590046b76667,158627,147 daily files 20180311..20181119
locationid=5632/year=2019.zip,https://openaq-data-archive.s3.amazonaws.com/records/csv.gz/locationid=5632/year=2019/,members-sha256:90aaaf8e760497663533ed134a66effb256b00edc60d74f3d7f140f5bd7d1e6d,2026-09-26T05:42:36+00:00,8c4ead8bea54c3ec579364ef295c1cc1e3baeaab4f7d8bb112b32d0a964f5e4c,550110,194 daily files 20190103..20191231
locationid=5633/year=2022.zip,https://openaq-data-archive.s3.amazonaws.com/records/csv.gz/locationid=5633/year=2022/,members-sha256:5f769f4417e20209781058aef7a39c745808f19708e9a15fe9db66b9ced984c1,2026-09-26T05:42:38+00:00,f5ce751254de1b7b37b64619c2b889fab732c8b53b0d4a6521be472715091ace,141655,122 daily files 20220101..20221031
locationid=5632/year=2021.zip,https://openaq-data-archive.s3.amazonaws.com/records/csv.gz/locationid=5632/year=2021/,members-sha256:7a48a3e3676a40c3c8dec9175c5c2a398cd06d4ee6462cd36fbfd017e5a94d78,2026-09-26T05:42:50+00:00,4082c06cfe95065a1558dae132b3e6a54036048720c066ea5cbf74cd2e6b7c73,258622,219 daily files 20210101..20211231
locationid=5630/year=2025.zip,https://openaq-data-archive.s3.amazonaws.com/records/csv.gz/locationid=5630/year=2025/,members-sha256:429530b707588fd4424b965617c4f8fcd6750bbd6d3b2bd660da8ed5f12372b6,2026-09-26T05:42:50+00:00,d5393a97f294501f9a0efc2caf5fc020aedc5a42a5e2c889a4c7255e5e4581c5,1619862,311 daily files 20250219..20251231
locationid=5633/year=2019.zip,https://openaq-data-archive.s3.amazonaws.com/records/csv.gz/locationid=5633/year=2019/,members-sha256:05fa8ebc3336d96f88ccbb63195f3225b1e384b1c3ef3e1a595ebae3530d28a7,2026-09-26T05:42:54+00:00,23f2f1c469389d732236a01950dc485bfd40bb81a73b2745adf3937d05da41f6,461209,170 daily files 20190103..20191231
locationid=5634/year=2022.zip,https://openaq-data-archive.s3.amazonaws.com/records/csv.gz/locationid=5634/year=2022/,members-sha256:cf8fa75fe3962c5ec61a71429f66a3f3a27c47f1d68bcd925b6897f066265f2e,2026-09-26T05:42:59+00:00,873285127294de640f75626636fc90259276c830cdc8aaa21d4de955e0b563ac,72873,97 daily files 20220101..20221016
locationid=5634/year=2026.zip,https://openaq-data-archive.s3.amazonaws.com/records/csv.gz/locationid=5634/year=2026/,members-sha256:e002dad73a5b15d81e9bd1528fc3db3f6e5fa85c312851de098f0b5d528c8510,2026-09-26T05:43:00+00:00,8bf8ebf7fd0e7cdb714b8e4c64c5ce393d12c12b5f80ae49131aec13db36a1d6,334224,81 daily files 20260101..20260331
locationid=5630/year=2020.zip,https://openaq-data-archive.s3.amazonaws.com/records/csv.gz/locationid=5630/year=2020/,members-sha256:b462f2ff905bbb97bec03d4e03ea2a454d749f9c10d3de243ef5b6e20f1a8a7d,2026-09-26T05:43:00+00:00,52fc1943dda5da5b06032d029e716e270f755123e4a425fd28c8c5cf499026a2,724093,360 daily files 20200101..20201231
locationid=5634/year=2018.zip,https://openaq-data-archive.s3.amazonaws.com/records/csv.gz/locationid=5634/year=2018/,members-sha256:01a8f5b2297fca824613556e4bb328c31331d224a07b9f680336303ed3f05e41,2026-09-26T05:43:20+00:00,66a2c0a33020c6674762ec91a052fc862a4fa3c1fea7210c5c2be65a7b81b0ff,272198,149 daily files 20180309..20181228
locationid=5634/year=2019.zip,https://openaq-data-archive.s3.amazonaws.com/records/csv.gz/locationid=5634/year=2019/,members-sha256:22ede01d684fab48907f1f1a9f6c95f8c0f72121d6037a26eb9daa9fc002c30b,2026-09-26T05:43:37+00:00,f54408104970b0b1aeb612b62c1b06f1f5b4e616a7c767bd64ee546d249790cd,403418,166 daily files 20190103..20191226
locationid=5631/year=2020.zip,https://openaq-data-archive.s3.amazonaws.com/records/csv.gz/locationid=5631/year=2020/,members-sha256:209527d61381b2d444df22901fc3020ead0b9909e419b2676dbb18436a87b9ea,2026-09-26T05:43:39+00:00,8d510b1292d6b62ead3b35cf43beccd248248f4fd5ee072deb17a5f4f963ffbc,664724,348 daily files 20200101..20201231
locationid=5631/year=2025.zip,https://openaq-data-archive.s3.amazonaws.com/records/csv.gz/locationid=5631/year=2025/,members-sha256:7a94c1441b289e262b1bb51b9034b7e282f26786091b2eb643731b660a270ab4,2026-09-26T05:43:44+00:00,a8e9b169496dd1fb8708d9620566d6e6add6f487672a25a2c6e55bf8e8791b07,1766317,313 daily files 20250219..20251231
locationid=5633/year=2021.zip,https://openaq-data-archive.s3.amazonaws.com/records/csv.gz/locationid=5633/year=2021/,members-sha256:b22580dac8f600974afae76d72665b6e931882e1f1ca623ebbd064b26ce2bf4e,2026-09-26T05:43:45+00:00,c6773ea429b144f6f702571a5f74f401bac70786cac7ec9af1ac416a60849cc9,240877,230 daily files 20210101..20211231
locationid=5635/year=2026.zip,https://openaq-data-archive.s3.amazonaws.com/records/csv.gz/locationid=5635/year=2026/,members-sha256:d9b0c4adef8dea6eef98d2342fc0cf51becfa9266bcc81870e4bf3d3bba74e9a,2026-09-26T05:43:54+00:00,275a453d589c4f335e7a25fa60e02cecf198ae0cf7b7965a727ca9da04a6933a,495903,81 daily files 20260101..20260331
locationid=5635/year=2018.zip,https://openaq-data-archive.s3.amazonaws.com/records/csv.gz/locationid=5635/year=2018/,members-sha256:523e3d823545615a6615060ad2ae180b31f309958f44911123dd096db05ac514,2026-09-26T05:44:12+00:00,9f417212d9f9f2c7fcbf1c20a21d76629d4bafa1bf432281f3d241a3c5416583,196994,155 daily files 20180309..20181119
locationid=5635/year=2022.zip,https://openaq-data-archive.s3.amazonaws.com/records/csv.gz/locationid=5635/year=2022/,members-sha256:a4e4868e8a25b485bc6c0962e523ad680edc978887947e649a364eaa44f3c314,2026-09-26T05:44:14+00:00,ac3108203fad810d75475345eacb3dc3f72cc66a4223b3821ff9b540ad198e06,161585,125 daily files 20220101..20221031
locationid=5634/year=2021.zip,https://openaq-data-archive.s3.amazonaws.com/records/csv.gz/locationid=5634/year=2021/,members-sha256:69f0faeb8c9004e59bea93e9af9e21ac328165ded777ad368f9fe0db9c0ad437,2026-09-26T05:44:18+00:00,de40567ea34bb6ebe40bc610ae7c94f6cb5a90d5666ce8121e1c5346810cdddb,280785,197 daily files 20210101..20211231
locationid=5636/year=2022.zip,https://openaq-data-archive.s3.amazonaws.com/records/csv.gz/locationid=5636/year=2022/,members-sha256:fa3e018160e31d39173bc061205b7b707a3bcb4f7d17822d2b8e8cb525f3167b,2026-09-26T05:44:23+00:00,1e6b9f44c0b3931241f4bc1963c5b4e63b521e8d4a4e1507eb95da3000038eae,128767,105 daily files 20220101..20221031
locationid=5632/year=2020.zip,https://openaq-data-archive.s3.amazonaws.com/records/csv.gz/locationid=5632/year=2020/,members-sha256:e00d81321c707006e7e0bc3e4cfd26c241bd3e4d1d933ded68dc4dc565f5304c,2026-09-26T05:44:27+00:00,765ba62e64bfe7ae9dbef08fc745081d85b96c484c756dfbb8575ddb4ad516dd,536535,346 daily files 20200101..20201231
locationid=5635/year=2019.zip,https://openaq-data-archive.s3.amazonaws.com/records/csv.gz/locationid=5635/year=2019/,members-sha256:d0e6b7ca56da9355faf5421759b714aa47410cbd04b484300320f042c1c99d2d,2026-09-26T05:44:31+00:00,f313c3b2db7b1a2512251a8a7129ac204fc464dbb9459f496456cbcbcabb1472,570758,172 daily files 20190103..20191231
locationid=5632/year=2025.zip,https://openaq-data-archive.s3.amazonaws.com/records/csv.gz/locationid=5632/year=2025/,members-sha256:c65cedb31f297f9b4aa08d3bb8af03f6b637e56d3eb3d5494a4ccbf48562e2a6,2026-09-26T05:44:40+00:00,ae9c5d11dd923e7a3bdbd03fe6cbcd8a83f723fe482f0b4740f0903091d17746,1276920,309 daily files 20250219..20251231
locationid=5636/year=2026.zip,https://openaq-data-archive.s3.amazonaws.com/records/csv.gz/locationid=5636/year=2026/,members-sha256:2034700455dd2a2bf552ee5f27987232df284b1552c1a7dfed4af3568f595e5f,2026-09-26T05:44:55+00:00,cf707a6748b3e8e6edffeb358e871a81d5794a3c0ded5144f3a79f129f39d149,502619,81 daily files 20260101..20260331
locationid=5636/year=2018.zip,https://openaq-data-archive.s3.amazonaws.com/records/csv.gz/locationid=5636/year=2018/,members-sha256:f2969af875b232544203ff58bb09caedd8ceb4a853bbf0d2c03ce0cc5d894d24,2026-09-26T05:44:59+00:00,2c663149ad1f7ab84c7e52ab70a01e84f6bd350b1a96a318849509c9a49dc9f2,335755,156 daily files 20180309..20181118
locationid=5639/year=2018.zip,https://openaq-data-archive.s3.amazonaws.com/records/csv.gz/locationid=5639/year=2018/,members-sha256:44b1ff58609463facf56adb7672ed09897a3445ce32cd1487f22f9e0adfb6b00,2026-09-26T05:45:00+00:00,84420af40e8b470a5a1ca607828a6f14e6de765e3612db7f2f329be7496fd48c,27921,42 daily files 20180309..20180512
locationid=5636/year=2021.zip,https://openaq-data-archive.s3.amazonaws.com/records/csv.gz/locationid=5636/year=2021/,members-sha256:c5ea79cd43e3da65bf7ad92994c707a28d1dcda6d4d031a09ee545479b18953f,2026-09-26T05:45:03+00:00,651f92d6278cc0b329ee81ef1d0ad9ec020b9a521d9fe922548512081e0314ca,226289,163 daily files 20210101..20211231
locationid=5634/year=2025.zip,https://openaq-data-archive.s3.amazonaws.com/records/csv.gz/locationid=5634/year=2025/,members-sha256:8ef284524c2325a0eca21039ce269cc5b7716f5709cdd33d71b3379b10912cc4,2026-09-26T05:45:09+00:00,08b65eea797dbcf5938067837ee05ebe79410ff66018a3735d70d13822746be4,1135697,249 daily files 20250219..20251231
locationid=5641/year=2018.zip,https://openaq-data-archive.s3.amazonaws.com/records/csv.gz/locationid=5641/year=2018/,members-sha256:00551cc9fb8eb7b5f470d8f57ac1615a7806af3d4831d2f50628c3f974bb8859,2026-09-26T05:45:13+00:00,d8057fadfa3f68a63a3e9f2a1dbe55375b88b01ed6ae858fb35c7b2c0ee08578,26361,40 daily files 20180309..20180512
locationid=5633/year=2020.zip,https://openaq-data-archive.s3.amazonaws.com/records/csv.gz/locationid=5633/year=2020/,members-sha256:173ff2a8c21eaed1be7dbdb707e9d6bf9e0073e7b86f02c1fa8b142f0f46d73b,2026-09-26T05:45:17+00:00,d9c7a064988810023aec4d611c4318c5d812c8a68d109f847e0cacd9b11766d2,661072,354 daily files 20200101..20201231
locationid=5638/year=2026.zip,https://openaq-data-archive.s3.amazonaws.com/records/csv.gz/locationid=5638/year=2026/,members-sha256:ab3c460af3d9f2dc189c555f5ecbceea475454c14cdadd1b8213dbd9bde93f29,2026-09-26T05:45:21+00:00,afc003bc9ae3cf751515bb7acd5045244005e33a7efdfd0daeed98c0665337d5,534434,81 daily files 20260101..20260331
locationid=5633/year=2025.zip,https://openaq-data-archive.s3.amazonaws.com/records/csv.gz/locationid=5633/year=2025/,members-sha256:a74fc1c715853489136cc1f572046c7c3ba0fe684879b0ad0e6130f6468e95a1,2026-09-26T05:45:23+00:00,684b8722734bba6b8e0ca0c398f4953f96b55bc26fbeb12166993299fab86855,1702062,311 daily files 20250219..20251231
locationid=5636/year=2019.zip,https://openaq-data-archive.s3.amazonaws.com/records/csv.gz/locationid=5636/year=2019/,members-sha256:791fcb75e547c559e84d4001667a36ca27861397b917362f6c39153a35eb7427,2026-09-26T05:45:24+00:00,53ef0bebc3233764807d0bce4c393ad04f59b16ebd6417c073da8c98766bdffe,624437,193 daily files 20190103..20191231
locationid=5635/year=2021.zip,https://openaq-data-archive.s3.amazonaws.com/records/csv.gz/locationid=5635/year=2021/,members-sha256:089e21fdad6f0ca9b4e659034e592456d0d858d8c6800f1eb4b44345212ef4e5,2026-09-26T05:45:27+00:00,9e9a1bc313629af53b460f269236a949b20fb2f498db81e79b83e64fe55bae4d,299222,232 daily files 20210101..20211231
locationid=5638/year=2022.zip,https://openaq-data-archive.s3.amazonaws.com/records/csv.gz/locationid=5638/year=2022/,members-sha256:e03858af338afa78aaddabd1f912858575cf602711d27f7587f1426646554372,2026-09-26T05:45:35+00:00,977e85f71320139b10155f82de38507095ecf2244557d517e7a0e0aa27868df4,130985,105 daily files 20220101..20221031
locationid=5638/year=2018.zip,https://openaq-data-archive.s3.amazonaws.com/records/csv.gz/locationid=5638/year=2018/,members-sha256:2f5512aecd7c1fc212ef7533d31f2e6eaf438a2f59ebd8758c993c44635dc5b5,2026-09-26T05:45:47+00:00,e23ed38873791fda5bd2291be3ca4da120c799684e8afdf0cbbf5fcb44ead836,356525,153 daily files 20180309..20181119
locationid=5634/year=2020.zip,https://openaq-data-archive.s3.amazonaws.com/records/csv.gz/locationid=5634/year=2020/,members-sha256:ce72dd426e9b0f1ada1394db6203fd265ce62d6f86de25774577a9e14ead2463,2026-09-26T05:45:58+00:00,4a2e1bdd47b117e6084f1734fc82769d7d5c644e0f11d316858e2ae51a0d140f,678476,337 daily files 20200101..20201231
locationid=5638/year=2019.zip,https://openaq-data-archive.s3.amazonaws.com/records/csv.gz/locationid=5638/year=2019/,members-sha256:178fa1a4bc906b54c12f6aab0cff4ec46b0b2c18632c4710d038ecc8ea2e4e45,2026-09-26T05:46:03+00:00,07e2630db3e7dfe70b5ec6535c21b3dad4ffa94e08f16c29f6e6b38a95011be6,615877,187 daily files 20190103..20191231
locationid=5642/year=2026.zip,https://openaq-data-archive.s3.amazonaws.com/records/csv.gz/locationid=5642/year=2026/,members-sha256:52f3bddd21fb526b012df9d437f878e9e8d8db68fd3ad76e7a972e6549f284a8,2026-09-26T05:46:05+00:00,bc946fb97febd2a1a462ba9a63c8086816b1915b847885525861f96dcfecebc3,475839,77 daily files 20260101..20260331
locationid=5642/year=2022.zip,https://openaq-data-archive.s3.amazonaws.com/records/csv.gz/locationid=5642/year=2022/,members-sha256:678f39f5d21d423af6a152df2672c6397390eb2e59926ea054bd5d5e054cc6f5,2026-09-26T05:46:10+00:00,7527d7abb75e8ae34304dfedb283dd681be6246122ae68dddc9ea6515f9962c3,118622,98 daily files 20220103..20221031
locationid=5644/year=2026.zip,https://openaq-data-archive.s3.amazonaws.com/records/csv.gz/locationid=5644/year=2026/,members-sha256:45c76de77940d008ed0c0cd724188128ea7515414591b63eb8bb795cccc80cd2,2026-09-26T05:46:26+00:00,e7daa57b555c9697fe4b6e41cef99ef5115e7077f4ec3a332d46fda3a63f14d7,315773,72 daily files 20260101..20260331
locationid=5644/year=2022.zip,https://openaq-data-archive.s3.amazonaws.com/records/csv.gz/locationid=5644/year=2022/,members-sha256:37ead3df54101a4bfbd1aa7c6bb73f9b08f66c46c8049b31e1dc5b37a804d63a,2026-09-26T05:46:35+00:00,5d59fad8a97bc13e45e170cd32657129814da77261163316008140b5a79657a8,80816,96 daily files 20220101..20221031
locationid=5642/year=2021.zip,https://openaq-data-archive.s3.amazonaws.com/records/csv.gz/locationid=5642/year=2021/,members-sha256:27aca406617f04f541310f4105dc55215c4200d39100ee8281ef1e1249752590,2026-09-26T05:46:39+00:00,a529c01aa086360ed5a1fd0f734e3840d31d0a39aef6c1b301e1c200ad5a7c60,191044,139 daily files 20210101..20211231
locationid=5638/year=2021.zip,https://openaq-data-archive.s3.amazonaws.com/records/csv.gz/locationid=5638/year=2021/,members-sha256:3a2cc8152fbf4f4d4c1df034eddddf5ab366e28537e234a37c0397fa58796116,2026-09-26T05:46:42+00:00,43d15129d0b0c7a5ba6084853c649dcc2a04c3693195aec3b241c93fe94eecf9,281013,219 daily files 20210101..20211231
locationid=5635/year=2025.zip,https://openaq-data-archive.s3.amazonaws.com/records/csv.gz/locationid=5635/year=2025/,members-sha256:5509e29d88deb987a0bb1655bc1485bdd9e6a38858a18f5a71f0441b01e76c92,2026-09-26T05:46:44+00:00,241ea74a6cac0e44b317d166ceef5135fe54f39696ccae2761ec57f9728fae14,1527191,312 daily files 20250219..20251231
locationid=5642/year=2018.zip,https://openaq-data-archive.s3.amazonaws.com/records/csv.gz/locationid=5642/year=2018/,members-sha256:1c1030482e2ccf6f00efd659b7f64847265fbaa7413ad57a32104fe8862f2aea,2026-09-26T05:46:44+00:00,f20c37553e1351198f036eca92b5469319ce06c86e7cbda4c4c68e37fdf0a861,212456,146 daily files 20180309..20181118
locationid=5644/year=2021.zip,https://openaq-data-archive.s3.amazonaws.com/records/csv.gz/locationid=5644/year=2021/,members-sha256:76df17acd584c3b789b607d810cd9fce5f2446cb645dee00b4af232c35078a88,2026-09-26T05:46:53+00:00,50a2f97d49f16b0d32e4b151a0b21173d412250b55797c23050fdcad864b0d78,125169,126 daily files 20210101..20211231
locationid=5635/year=2020.zip,https://openaq-data-archive.s3.amazonaws.com/records/csv.gz/locationid=5635/year=2020/,members-sha256:22612d42d1a8ec6e92180ceca4bf9d6126112bacb7af0e4e9f79726df8487182,2026-09-26T05:46:55+00:00,dc7043734a03d9a512f5ee30138da6354b70311e849182247e5a2265860f667b,709299,349 daily files 20200101..20201231
locationid=5642/year=2019.zip,https://openaq-data-archive.s3.amazonaws.com/records/csv.gz/locationid=5642/year=2019/,members-sha256:1ee86739a955ebdc4d75c4eb0fc5859e249eef5d97d8cbdba63960aaf2402acd,2026-09-26T05:47:00+00:00,ae3286b72afefe1b39a4c5e29507f96252625aaf01c9e8da708f44d3b0bfe887,530388,171 daily files 20190103..20191231
locationid=5644/year=2018.zip,https://openaq-data-archive.s3.amazonaws.com/records/csv.gz/locationid=5644/year=2018/,members-sha256:68ae492f9efb17b569e88feea32c35d429fd3cf68c118e2d23e4b70fedab09f2,2026-09-26T05:47:04+00:00,bd46406626c3cbe5e62253df1ca50d75dbb4a0965b50aac780da435880f78e53,194735,140 daily files 20180309..20181119
locationid=5645/year=2026.zip,https://openaq-data-archive.s3.amazonaws.com/records/csv.gz/locationid=5645/year=2026/,members-sha256:2ec01793ba9ab6b72697c0e9cc7169ab4f31cdb359abcd983c69cf7b5111a5ac,2026-09-26T05:47:15+00:00,7fd91101ebffffe708640baacfec1e211b4df6b04521701e26f6d9c0f897ce33,374177,80 daily files 20260101..20260331
locationid=5644/year=2019.zip,https://openaq-data-archive.s3.amazonaws.com/records/csv.gz/locationid=5644/year=2019/,members-sha256:de56ed830e9d91b32c4cae95b87afc8978df77bfda5b17e346d94846dda6871e,2026-09-26T05:47:19+00:00,1c7d2d04af5e23aa6835c32a31de64b42147d59d9233924a53baac64de99aebb,378544,161 daily files 20190103..20191231
locationid=5636/year=2020.zip,https://openaq-data-archive.s3.amazonaws.com/records/csv.gz/locationid=5636/year=2020/,members-sha256:3fd2a50277bf66bc181ee5996a42cef4e324679fb18f3e6230d619a59d713b5a,2026-09-26T05:47:25+00:00,ba71c1238c4e4605aea579d384e59bedfd66b64e3e98756edb68f8fac7f8198c,663913,345 daily files 20200101..20201231
locationid=5645/year=2020.zip,https://openaq-data-archive.s3.amazonaws.com/records/csv.gz/locationid=5645/year=2020/,members-sha256:6d1b5c704300769e4162497624f1ff4a98d998b0fcea7c7f5db67b30084fcbce,2026-09-26T05:47:36+00:00,db398fc29ee75692a157614c4d57e25c661e46ae93817b1232d50c17fb1cc6ac,333334,115 daily files 20200101..20200428
locationid=5636/year=2025.zip,https://openaq-data-archive.s3.amazonaws.com/records/csv.gz/locationid=5636/year=2025/,members-sha256:6ad7b3e20abb8102e28a20024893b30a685e9c08296bc68ae3e1cbdf70b7f832,2026-09-26T05:47:38+00:00,c146ed1adc979d7f8379eccb1a097500c6fb4b2b319140155ea1d0b42ab82fa1,1662277,315 daily files 20250219..20251231
locationid=5646/year=2026.zip,https://openaq-data-archive.s3.amazonaws.com/records/csv.gz/locationid=5646/year=2026/,members-sha256:c7fa03d47b9ad988c688cb4fd0e9b6dc3a344a44b1d9de97f584c65f2e625ddd,2026-09-26T05:47:54+00:00,d4089f2257389823e28b49e7e24ba75c749b7bf31f30c46ba62bffd09db44f62,374315,80 daily files 20260101..20260331
locationid=5645/year=2018.zip,https://openaq-data-archive.s3.amazonaws.com/records/csv.gz/locationid=5645/year=2018/,members-sha256:4d4b4dd35ac55f9e3427fea5aa2567228dc4c5885ca7c02381536ec36d1cb3ac,2026-09-26T05:47:56+00:00,3d8f7e430ff8b2ee6bbf09628dfdad6433812a5c8647730b7443cc502e0df238,328900,156 daily files 20180311..20181119
locationid=5638/year=2020.zip,https://openaq-data-archive.s3.amazonaws.com/records/csv.gz/locationid=5638/year=2020/,members-sha256:35aa300821420e9618e56d32adb61a813bf492bc531a1ce1b9ad8b1b7e482867,2026-09-26T05:47:57+00:00,ff4b76b443c668a55e36f18234125c85c0529c0a816ba78da0233b30e506f8c5,677322,341 daily files 20200101..20201231
locationid=5638/year=2025.zip,https://openaq-data-archive.s3.amazonaws.com/records/csv.gz/locationid=5638/year=2025/,members-sha256:d78ccac9d6f00dd24a6eb2735efd4d6054ee0b68f371b16c3d8e3369140fc542,2026-09-26T05:48:21+00:00,72c3d015f6bc18bf24aa2cdcd4a70f81782f0d3e1c7b4863719b3db9985e4a96,1750577,314 daily files 20250219..20251231
locationid=5646/year=2022.zip,https://openaq-data-archive.s3.amazonaws.com/records/csv.gz/locationid=5646/year=2022/,members-sha256:93a4839a9ab926fbf2e03c6d93e38453de2bc1cbd8af6cc834418f9ffe1fe5c6,2026-09-26T05:48:26+00:00,a41afc9d90c6ba4c362df707340f3d849fabbb39fdd67e59a64993fae2590bb2,154838,136 daily files 20220101..20221031
locationid=5645/year=2019.zip,https://openaq-data-archive.s3.amazonaws.com/records/csv.gz/locationid=5645/year=2019/,members-sha256:9d100cf5b4940145ee55de546e059bae7a688a9984b1298242e5528fc75aedbc,2026-09-26T05:48:27+00:00,771057fb8727da01cf844141d11b6d9a9a59f13ace97444410dd606b87e1a7e3,567866,194 daily files 20190103..20191231
locationid=5646/year=2018.zip,https://openaq-data-archive.s3.amazonaws.com/records/csv.gz/locationid=5646/year=2018/,members-sha256:0ee96a4d6195f26ca5c5efcf25bb708d589a37bfb818de52e772f546868a0ede,2026-09-26T05:48:27+00:00,bde154a8d84055fce4e026ede24d7975c51a0e329d3e5114ddf8e7d005443eb8,307445,153 daily files 20180309..20181119
locationid=5647/year=2022.zip,https://openaq-data-archive.s3.amazonaws.com/records/csv.gz/locationid=5647/year=2022/,members-sha256:1f51eda406a7d92d400153159e1e8502896641c71b312e842b21e028c7403acc,2026-09-26T05:48:33+00:00,05acf0dc1d04d9f418804fc22bc408e13ea691258d5e4c968f1b56a0bb08531b,104249,103 daily files 20220101..20221031
locationid=5647/year=2026.zip,https://openaq-data-archive.s3.amazonaws.com/records/csv.gz/locationid=5647/year=2026/,members-sha256:415ff605a413df544a17ad01e081706541240891e257248d46fcefe606ab2fa0,2026-09-26T05:48:35+00:00,99b6f24bcd5ba0ebccfa6f5707848cf175408133c0e8d68f963c102a1f2c420b,374399,81 daily files 20260101..20260331
locationid=5642/year=2025.zip,https://openaq-data-archive.s3.amazonaws.com/records/csv.gz/locationid=5642/year=2025/,members-sha256:133d79c4721ca50ca6fdc7dc8fca2422f585377fca1991f00ed16f7ba93b49d4,2026-09-26T05:48:39+00:00,ddb32aec6c36bdfbe0ddbad4f3f4a432e5c0afbf53ab6840c64d093902524d9a,1497596,294 daily files 20250219..20251231
locationid=5647/year=2018.zip,https://openaq-data-archive.s3.amazonaws.com/records/csv.gz/locationid=5647/year=2018/,members-sha256:3d43a50799389695daa45616caf01a2cf2553d588960afe5cc510414b7ef3dcf,2026-09-26T05:48:46+00:00,eeb2ff4ad8b4b35ff710f1391339cf820a0eea95b9a45026e66c6400dc4068c3,285181,151 daily files 20180309..20181119
locationid=5646/year=2019.zip,https://openaq-data-archive.s3.amazonaws.com/records/csv.gz/locationid=5646/year=2019/,members-sha256:747ed47a8b7403bd424a6ef7b77dffdd72b4a3b6a0fa0d9bc4e87dfc04294d9d,2026-09-26T05:48:46+00:00,82899de5ccd031510e34f0c25cb3b3ec931ce6447f2b034708c8c35153814e98,519853,189 daily files 20190103..20191231
locationid=5647/year=2019.zip,https://openaq-data-archive.s3.amazonaws.com/records/csv.gz/locationid=5647/year=2019/,members-sha256:922aa8c80bd39b78d54afc4a78dba01685c29a34b0c28b0662a897b7391ec40d,2026-09-26T05:48:48+00:00,0051da11c629fc21b4a98f3ad49b8ac569f7bb20f94d6adca13cf46af165f358,387038,158 daily files 20190103..20191231
locationid=5647/year=2021.zip,https://openaq-data-archive.s3.amazonaws.com/records/csv.gz/locationid=5647/year=2021/,members-sha256:96d2db269f22dd8ae3d7c8bab525ae7305d2c33c043c17b2d06134d8b5b07d24,2026-09-26T05:48:52+00:00,07989ebd1e5e0623bf9d8667cc308024f6c22b326e7435e1e8a1fd9d48f897b6,170569,151 daily files 20210101..20211231
locationid=5644/year=2020.zip,https://openaq-data-archive.s3.amazonaws.com/records/csv.gz/locationid=5644/year=2020/,members-sha256:dc2e65ca10dd35e65fb7f13d12929444c9b9d0c68f71c64acf132da4ae4c504e,2026-09-26T05:48:54+00:00,1e39ea1920efa1dac4ae716d6098009e121cbcc2a820faa6e9fdb726ff209ef5,486433,316 daily files 20200101..20201231
locationid=5644/year=2025.zip,https://openaq-data-archive.s3.amazonaws.com/records/csv.gz/locationid=5644/year=2025/,members-sha256:9a7a174a84d822a92c5b6e7f6ef93cc4d0564513b29816c84ad7f543ef231976,2026-09-26T05:48:54+00:00,358fa11a3bee116aa5236b4f64599651431dc046e4aa7c0cc6ed2698180e246c,1156882,296 daily files 20250219..20251231
locationid=5642/year=2020.zip,https://openaq-data-archive.s3.amazonaws.com/records/csv.gz/locationid=5642/year=2020/,members-sha256:f521799996954b0b87512bfaecaf6587e5b5447ce11b14e1c405e9b2fb41d16e,2026-09-26T05:48:57+00:00,e5d1216e6c69a707c3d011498cdb3ef0d36a29abe9a37c58437e448c828bd00e,663671,344 daily files 20200101..20201231
locationid=5648/year=2026.zip,https://openaq-data-archive.s3.amazonaws.com/records/csv.gz/locationid=5648/year=2026/,members-sha256:966164b4a7a5846cf2dbf3ae0f5b73bd998dcbb5247e210b158c70ff74298a04,2026-09-26T05:49:11+00:00,72239fdbccabb3616c2a2abfaeda98e1fd78de92dd16a36560f74c1c44acc134,507963,80 daily files 20260101..20260331
locationid=5646/year=2021.zip,https://openaq-data-archive.s3.amazonaws.com/records/csv.gz/locationid=5646/year=2021/,members-sha256:99856d99d044e10c4fe9df18445eb1db196dee0bf46daeecc602f20955afa0a1,2026-09-26T05:49:13+00:00,10099cbe581cd121f2d2d0addf2bc16c2a516a34af3a0ff8f5c7c3f87d5cccd8,278396,226 daily files 20210101..20211231
locationid=5648/year=2022.zip,https://openaq-data-archive.s3.amazonaws.com/records/csv.gz/locationid=5648/year=2022/,members-sha256:a0bff6f5f1ddc327e9ef3d3af007616b970d2c8224ce305b8928335fbbcbd3cc,2026-09-26T05:49:19+00:00,f27417f539629f1984b32aac2d243ba15116ac85e5e49690ed962a10c39ff99d,114877,104 daily files 20220101..20221031
locationid=5648/year=2018.zip,https://openaq-data-archive.s3.amazonaws.com/records/csv.gz/locationid=5648/year=2018/,members-sha256:fc8da8d7a6ab9a71d8da84f6151f70bb779e12bbe9e31de1b5cfd8f9b02f8777,2026-09-26T05:49:19+00:00,03ec495c2469b873cdebc5f72aa919361ab3fd23c00655115bb58d6118dfb2ac,185270,151 daily files 20180309..20181119
locationid=5649/year=2026.zip,https://openaq-data-archive.s3.amazonaws.com/records/csv.gz/locationid=5649/year=2026/,members-sha256:71a61d0f4b345e0ec93f71b882cf121eddb6b19b8380263370903da728ff6141,2026-09-26T05:49:44+00:00,51b8a2c4dfe30521af591892be6658f5285607f9aebc7f74c9b4b9807a1ca689,421206,81 daily files 20260101..20260331
locationid=5648/year=2019.zip,https://openaq-data-archive.s3.amazonaws.com/records/csv.gz/locationid=5648/year=2019/,members-sha256:3eb6c12cf247dd13fd63650029e0c6a210418d3b06a3d4950fd0c6ef1d6cff01,2026-09-26T05:49:45+00:00,098088c4185a0d4ac65feb83ef3da0e6002377cc4b21a634110c25a8eee1dbe7,481950,189 daily files 20190103..20191231
locationid=5645/year=2025.zip,https://openaq-data-archive.s3.amazonaws.com/records/csv.gz/locationid=5645/year=2025/,members-sha256:97b5b009891b4df5103831ed46b5074a97f5632927714758c9efb6209ca95801,2026-09-26T05:49:49+00:00,47d9803005c57e4d0a88504a035ba3438b33af62733cbfcdf794addd1581c33a,1396129,314 daily files 20250219..20251231
locationid=5649/year=2018.zip,https://openaq-data-archive.s3.amazonaws.com/records/csv.gz/locationid=5649/year=2018/,members-sha256:47da00830c34f54785ce093d3dc939dbb433a37ffaf7ab2363c6944c24842443,2026-09-26T05:49:52+00:00,268eed81f39428e208e26dfd8f043ef6ca21069fa0ec43352df0105e74376e70,260804,139 daily files 20180309..20181119
locationid=5648/year=2021.zip,https://openaq-data-archive.s3.amazonaws.com/records/csv.gz/locationid=5648/year=2021/,members-sha256:616e2617fd5d2a297bc0da7256491a643087ce0693ab246c2b80e524b8fef02c,2026-09-26T05:49:58+00:00,e710c24ec197bac79fd590fa565fd06a3976805bf5df4c5ac8efbffaae489db6,240832,199 daily files 20210101..20211231
locationid=5649/year=2022.zip,https://openaq-data-archive.s3.amazonaws.com/records/csv.gz/locationid=5649/year=2022/,members-sha256:00c936b3ed6ba9ad758a2ddead4b30f496e29a90c63c01d31e2cf645868f8547,2026-09-26T05:50:08+00:00,3a6838185e7c4ba511dad735c431e34b8e4c60ff676be7cb5c3c178aab219658,141513,126 daily files 20220101..20221031
locationid=5650/year=2026.zip,https://openaq-data-archive.s3.amazonaws.com/records/csv.gz/locationid=5650/year=2026/,members-sha256:ca1e74e5ace9d40e0a28a7e78d41a1aa033540ba01768e3ccefad913edcb4797,2026-09-26T05:50:13+00:00,32d48f9007ca5e863ff050d169651843f7091b5fb7e07b75c10f46fc7032e97f,362482,81 daily files 20260101..20260331
locationid=5646/year=2025.zip,https://openaq-data-archive.s3.amazonaws.com/records/csv.gz/locationid=5646/year=2025/,members-sha256:45a8c73551c60a934ea5583b410ac66703cce180927c9d646881b6c095cec2e3,2026-09-26T05:50:17+00:00,5f4b621e79bb5cce59bf0ea8e79e3f629a1920aedf34602d3b9334217606a90a,1313324,309 daily files 20250219..20251231
locationid=5650/year=2022.zip,https://openaq-data-archive.s3.amazonaws.com/records/csv.gz/locationid=5650/year=2022/,members-sha256:f2894dc6915143128529db20b1f6ad1c8c729a203f960d9b0bdbbd189d06ae14,2026-09-26T05:50:18+00:00,b50910eded0c266bf7fcbee7802397f25607d9d9e60f8b0557718c3f01ac7b13,85703,102 daily files 20220101..20221016
locationid=5646/year=2020.zip,https://openaq-data-archive.s3.amazonaws.com/records/csv.gz/locationid=5646/year=2020/,members-sha256:659bdfbea885f613b64bbc938cb544747b313ddd2c1533b9eab1da6271c79f12,2026-09-26T05:50:25+00:00,4412352c56f5a892d9e8ad7080a64a7c29804f6feedf0bf5f07cfbc401d18395,655249,353 daily files 20200101..20201231
locationid=5647/year=2020.zip,https://openaq-data-archive.s3.amazonaws.com/records/csv.gz/locationid=5647/year=2020/,members-sha256:7839733344ad0184b8554eaa79e34815c9738683d476429d6c12a3fbf1df47d0,2026-09-26T05:50:28+00:00,39d99731560374c097936961bf1d56f0bed9691bada2242f0595d745d2926dca,516518,342 daily files 20200101..20201231
locationid=5649/year=2019.zip,https://openaq-data-archive.s3.amazonaws.com/records/csv.gz/locationid=5649/year=2019/,members-sha256:553f6a5b254c0cb6a79c48e032c36ed1339cebe82157e4d6fc4402f15f213b91,2026-09-26T05:50:30+00:00,58e007bb99f2f3145caed295342ddd07f519472b54c4505b7ac556892f0009c1,550566,194 daily files 20190103..20191231
locationid=5650/year=2018.zip,https://openaq-data-archive.s3.amazonaws.com/records/csv.gz/locationid=5650/year=2018/,members-sha256:477ae7a652c1c01a81045c0ff2630f537f9a89d87a97e332391337fcbce08ace,2026-09-26T05:50:31+00:00,63071dfc062e40bb5ea5a39df92c260f2fcc1121873727a9c0223f95f48d0928,238929,158 daily files 20180309..20181228
locationid=5650/year=2019.zip,https://openaq-data-archive.s3.amazonaws.com/records/csv.gz/locationid=5650/year=2019/,members-sha256:624174b842c385787a047fedf4cad8c54772bd26915f2ce185e686e585dd17a3,2026-09-26T05:50:32+00:00,21cc68efbbcfd1a8b6851a613183a711a38fe4b3b8c35154e1b0b0f18793d20d,315764,156 daily files 20190103..20191231
locationid=5647/year=2025.zip,https://openaq-data-archive.s3.amazonaws.com/records/csv.gz/locationid=5647/year=2025/,members-sha256:6c14bfe9db03b18ce20b6b3d56090b8d203295fdd657a30e4d6bcd326384eedc,2026-09-26T05:50:40+00:00,05d5a3c1d94ee412b88644fff0cca056deabec8bf468d245c87e7e4493f10ec7,1261976,315 daily files 20250219..20251231
locationid=5648/year=2020.zip,https://openaq-data-archive.s3.amazonaws.com/records/csv.gz/locationid=5648/year=2020/,members-sha256:16bd47346881dbad11eec707073434bbdc4c1b56f6ad2365e8d9f22b57660807,2026-09-26T05:50:40+00:00,60775c5c255a91351f4fa0540a77a03d838b739ee17d0b75d92000fa4642950e,426691,286 daily files 20200101..20201226
locationid=5649/year=2021.zip,https://openaq-data-archive.s3.amazonaws.com/records/csv.gz/locationid=5649/year=2021/,members-sha256:6aa0388a1de48f05955986b62e8a687cc96fa437aa87be3a965196cdc866767a,2026-09-26T05:50:41+00:00,8807d90a4a2e31f1855d00dbc0fe1f23306a84a605e927e1483137c8af48197b,260030,213 daily files 20210101..20211231
locationid=5652/year=2021.zip,https://openaq-data-archive.s3.amazonaws.com/records/csv.gz/locationid=5652/year=2021/,members-sha256:78b30eaa3a52e223042b6482dcdd244a328140c58df6991c9bc187e46135c967,2026-09-26T05:50:41+00:00,63f0af8bddf0cc24f72e9615c36479782d421db78efe9890439a4097d70a1e3f,84127,98 daily files 20210101..20211231
locationid=5650/year=2021.zip,https://openaq-data-archive.s3.amazonaws.com/records/csv.gz/locationid=5650/year=2021/,members-sha256:29bc235869bfe6e8dde23cdc2da4f83e96e7f8f532b987f9317d4316071433aa,2026-09-26T05:50:41+00:00,51541e21fd6558ba8c38b29856ec7dc0583d3bab9258f1e1efc48b9b5d1b3e7e,255248,179 daily files 20210101..20211231
locationid=5652/year=2018.zip,https://openaq-data-archive.s3.amazonaws.com/records/csv.gz/locationid=5652/year=2018/,members-sha256:f8c2f9e5f0d9cb01a25af19d0b84d0af334dbafc8b40f49fa756b49e0c7b9418,2026-09-26T05:50:46+00:00,5a6d49f345134ce669dddebea5923efccc49d9e91d1c2b15849b0cc6f60be28c,289546,154 daily files 20180310..20181119
locationid=5652/year=2026.zip,https://openaq-data-archive.s3.amazonaws.com/records/csv.gz/locationid=5652/year=2026/,members-sha256:d39e9cc0e36b2493c00be14c30cb6d8f72316226f7d4aeeb622fabad802373ae,2026-09-26T05:50:46+00:00,5b0c988b5800f7d779b2c5083d9f251791ba27aef6c5c84e334d771279304a17,315306,80 daily files 20260101..20260331
locationid=5652/year=2022.zip,https://openaq-data-archive.s3.amazonaws.com/records/csv.gz/locationid=5652/year=2022/,members-sha256:8eb4c14ab3bb83624877656d0d0a5238abc4d4d9ca6c9a2dc365c47e91ce2ad0,2026-09-26T05:50:58+00:00,0c963340a1767815475f675357f4138d2ff54282d00eaa165f43fb90aae48fef,119533,125 daily files 20220101..20221031
locationid=5652/year=2019.zip,https://openaq-data-archive.s3.amazonaws.com/records/csv.gz/locationid=5652/year=2019/,members-sha256:fbff7e59fa8b10ef650673b202906849486f12e0d8bb55623864e9421952c49a,2026-09-26T05:51:23+00:00,c2e09581bfe70e5680582a2620e77e95cc49ae2d99a1e3b931237e120920d8ae,412225,169 daily files 20190103..20191231
locationid=5655/year=2026.zip,https://openaq-data-archive.s3.amazonaws.com/records/csv.gz/locationid=5655/year=2026/,members-sha256:00115f863459ac67caf6f6ce85261f00636a98876b18419013c2dd67d8d13c10,2026-09-26T05:51:23+00:00,514f35dd8f890b7efcd23e9ffb19ad6df24063a951f18b768a39424113044872,457271,79 daily files 20260101..20260331
locationid=5655/year=2022.zip,https://openaq-data-archive.s3.amazonaws.com/records/csv.gz/locationid=5655/year=2022/,members-sha256:357eb9657837f9b1a29b6ccb6886571f73ca24538d073cceed6ef019dac0d2ca,2026-09-26T05:51:40+00:00,f0e6bf6660ef38bd3663d781f9cc00fbfef31b9af3465ea20e17c06e7c7ec2dc,136330,114 daily files 20220101..20221031
locationid=5648/year=2025.zip,https://openaq-data-archive.s3.amazonaws.com/records/csv.gz/locationid=5648/year=2025/,members-sha256:c54160501548a24ae527a1cebffaa454cb3699b5d4f5465b1e006c6a1c5c8d67,2026-09-26T05:51:40+00:00,fc5f5404be68364a2c38640e9b3bae7050ec57677d767a44fa9906bccee37328,1675941,310 daily files 20250219..20251231
locationid=5655/year=2018.zip,https://openaq-data-archive.s3.amazonaws.com/records/csv.gz/locationid=5655/year=2018/,members-sha256:9891ffc454ea99d1b56654f25482838f9fa3043e5447b4dcfe390fa35e7ce638,2026-09-26T05:51:49+00:00,29be6c937e28d1c2e4a643ac991f49aa018a64c01b1eb941231569704c6159bb,251680,156 daily files 20180309..20181119
locationid=5649/year=2025.zip,https://openaq-data-archive.s3.amazonaws.com/records/csv.gz/locationid=5649/year=2025/,members-sha256:5d11915e727a0472433dcd70572edcf9445dc6c3f95c9d491fb5e0f350772c39,2026-09-26T05:52:04+00:00,6341edc739c051bdad6312de6796f4956ca14e117963f1708f96950eddb37dc8,1366129,313 daily files 20250219..20251231
locationid=5650/year=2025.zip,https://openaq-data-archive.s3.amazonaws.com/records/csv.gz/locationid=5650/year=2025/,members-sha256:bf06d33517792d254e192d9ca7dc17bd9bd3bca5cafc395e4ab9560828654b03,2026-09-26T05:52:05+00:00,7cebee41d071f2ccffe4bca87dfc57adfaf6d33a1bd9ab22f0de92e3df6e08cc,1351576,268 daily files 20250219..20251231
locationid=5655/year=2019.zip,https://openaq-data-archive.s3.amazonaws.com/records/csv.gz/locationid=5655/year=2019/,members-sha256:3870383f77f8d508fc766361c37a6c57095f313cbac613ad5614983afc4e4576,2026-09-26T05:52:06+00:00,3befe440e098f8007d87050cc618b28fadb58406205c370ae1884bd31ed9ad76,386582,176 daily files 20190103..20191231
locationid=5657/year=2022.zip,https://openaq-data-archive.s3.amazonaws.com/records/csv.gz/locationid=5657/year=2022/,members-sha256:6032e62113ce704da9c765e3d2e70ce19ee215161b763dbb9b3dab99797d4cc3,2026-09-26T05:52:13+00:00,e09bcf655358f162aa9009ff150430a9179c725400c00ebeddaacb6386d31457,159860,126 daily files 20220101..20221031
locationid=5657/year=2018.zip,https://openaq-data-archive.s3.amazonaws.com/records/csv.gz/locationid=5657/year=2018/,members-sha256:d3e25b92c870ad7c8147ccb26cb7c325f13f07556dfb1b8c102260be38c958e0,2026-09-26T05:52:25+00:00,fe97460a52f4076223df79c7f9c21f065e0f107c651e836095737ffe8b75eff9,317028,154 daily files 20180309..20181119
locationid=5649/year=2020.zip,https://openaq-data-archive.s3.amazonaws.com/records/csv.gz/locationid=5649/year=2020/,members-sha256:519abe77879bb2859ea1c21a69dd17f7bf649506694c35506c57c01bc897926b,2026-09-26T05:52:28+00:00,ca0e33d5bf7ca78cad7321cddbeb0d9dca935270b725ab54be04f7f03a7947d8,642296,355 daily files 20200101..20201231
locationid=5652/year=2020.zip,https://openaq-data-archive.s3.amazonaws.com/records/csv.gz/locationid=5652/year=2020/,members-sha256:eded8f58965f108d5ecd39916b502bfebba3d1eda00db3dd49629a336e5b2672,2026-09-26T05:52:32+00:00,b8d32881f9be0ff982dd5e8344726ab75760b746276f888c7d9565c4eca834ca,345000,257 daily files 20200101..20201231
locationid=5661/year=2022.zip,https://openaq-data-archive.s3.amazonaws.com/records/csv.gz/locationid=5661/year=2022/,members-sha256:a960eb5650ffed267c0b3aadc0102528a41f2423424fd54e879a12b6c6aff059,2026-09-26T05:52:38+00:00,16aebfbf195a75d85dac8da8ee2861cd643aa0635c0e0f66603674ae592be57f,33899,39 daily files 20220507..20221010
locationid=5655/year=2021.zip,https://openaq-data-archive.s3.amazonaws.com/records/csv.gz/locationid=5655/year=2021/,members-sha256:3475781cb56590e8581751481cfa43aae9668211ec66e6730ebf584b49525754,2026-09-26T05:52:45+00:00,aede4fe52f000634c85cc9f7803420380a658c0f8e4048b8893147c4b8c61129,252356,205 daily files 20210101..20211231
locationid=5659/year=2018.zip,https://openaq-data-archive.s3.amazonaws.com/records/csv.gz/locationid=5659/year=2018/,members-sha256:48a876982434379eccea5b8abe279a5d08c7904b103a4aab89db344db28e7a4e,2026-09-26T05:52:47+00:00,ef6fd7812a221dfce037ad0270a6f41869504e647f07d42f30d62aa1aefd8fa9,325766,156 daily files 20180309..20181119
locationid=5659/year=2026.zip,https://openaq-data-archive.s3.amazonaws.com/records/csv.gz/locationid=5659/year=2026/,members-sha256:a0edd6746d9b4b0c4a25ccc7ead0804fe18e39c7eecc2ffa12c14d20eba3d666,2026-09-26T05:52:48+00:00,a61b3ac9ad5c1a955d1af62fc365dd87bf73dc35e8e9dd69db6e5e6f570bdbf4,514074,81 daily files 20260101..20260331
locationid=5650/year=2020.zip,https://openaq-data-archive.s3.amazonaws.com/records/csv.gz/locationid=5650/year=2020/,members-sha256:230f57f8ce258399d14b94882ba84fae61c82d439e116ef02d4364325e92e08b,2026-09-26T05:52:48+00:00,baa4dfdd589bc0b5ebd2ea6c22aa5a1b49d92a07605b4805ad24cfcd3800d1e9,558144,355 daily files 20200101..20201231
locationid=5659/year=2022.zip,https://openaq-data-archive.s3.amazonaws.com/records/csv.gz/locationid=5659/year=2022/,members-sha256:72ebb40e8341397b385479837177c4f74d37c77d9b18c83038fb49a39ae66f71,2026-09-26T05:53:03+00:00,b6f1f0b8a5e06e0af80594b83646eb0e88ddff4d87b844a9865ca4d4f11efe73,164250,127 daily files 20220101..20221031
locationid=5659/year=2019.zip,https://openaq-data-archive.s3.amazonaws.com/records/csv.gz/locationid=5659/year=2019/,members-sha256:25368b4d0d48d18ba5d281e9950ae81e14f7ff2d3deba121d510701f5c6f77b4,2026-09-26T05:53:04+00:00,f38491b74db1adf2fbcc82184f8e94b1aa3a008eb144a2818cd58d296432122a,511591,174 daily files 20190103..20191231
locationid=5657/year=2019.zip,https://openaq-data-archive.s3.amazonaws.com/records/csv.gz/locationid=5657/year=2019/,members-sha256:da98b5995bde9aa38ae3d614e21bcf0b2a3c1fda10ba97eacea566ab0ae6e730,2026-09-26T05:53:06+00:00,2d9d76c2ccbb6731f90278a349644e94b378968483709e0e1139d3315ce86f16,552841,195 daily files 20190103..20191231
locationid=5657/year=2021.zip,https://openaq-data-archive.s3.amazonaws.com/records/csv.gz/locationid=5657/year=2021/,members-sha256:12d74a4f75d82759f60563484a368dc8ec539706e2f3eacdfdff024ff464ffcd,2026-09-26T05:53:06+00:00,7737dd2de466c5eeb0092fb5020aaeb89d26a73c41e3b7ca35ef41dabf34dc9e,255203,191 daily files 20210101..20211231
locationid=5664/year=2020.zip,https://openaq-data-archive.s3.amazonaws.com/records/csv.gz/locationid=5664/year=2020/,members-sha256:609ee339b600645f4db65faef958dee5262146eb1d975854bdc18affb639d3c7,2026-09-26T05:53:10+00:00,10b806dace0973fcb8f1e07272395e6bbd9e7bcbd9c5db05ffa7ecb0313f4916,2712,4 daily files 20201112..20201120
locationid=5661/year=2025.zip,https://openaq-data-archive.s3.amazonaws.com/records/csv.gz/locationid=5661/year=2025/,members-sha256:3e85f9360e432a5c88e385a96a3d6e99e2eee275acd9e173b5192a8fb89f5787,2026-09-26T05:53:27+00:00,62f2c5a77deeaa8b67d884435fe36490dae942139a4264b83f7e02b370cbd48c,245283,92 daily files 20250219..20250523
locationid=5659/year=2021.zip,https://openaq-data-archive.s3.amazonaws.com/records/csv.gz/locationid=5659/year=2021/,members-sha256:26cd7cacf3038e9b01cac0bbb15793827053aeee8db6bf6d77ec4696649f54dc,2026-09-26T05:53:29+00:00,935e0e35b8a47149301d4b6e78a2b75b71cb079824deed82dc432beb147eb807,258394,199 daily files 20210101..20211231
locationid=5661/year=2018.zip,https://openaq-data-archive.s3.amazonaws.com/records/csv.gz/locationid=5661/year=2018/,members-sha256:2a9c0d63134281d47b44681413b64ca2ba2da7b548f4c964eaa99069729fb1d7,2026-09-26T05:53:30+00:00,f33262d637bb878dddd10549ce7851d3a85189fbc1a8358e970f8342ed29e91e,256794,137 daily files 20180309..20181115
locationid=5652/year=2025.zip,https://openaq-data-archive.s3.amazonaws.com/records/csv.gz/locationid=5652/year=2025/,members-sha256:4483ba0e0b0c16a397b5fbd51d8770f86f6b6784b4a7210b5b8bacf05bb0d2f6,2026-09-26T05:53:40+00:00,9f4681e127802998348f9e3beb9f4f7f1255ce84a1065ba5733dfc7c5685850a,1067805,312 daily files 20250219..20251231
locationid=5662/year=2026.zip,https://openaq-data-archive.s3.amazonaws.com/records/csv.gz/locationid=5662/year=2026/,members-sha256:e769135ac1318a31f311eba073e8d468fcc6ef4af03b5c775ab1676c88a35d9f,2026-09-26T05:53:54+00:00,dcd8bacf2a50650d32fb04ec3ef316c36e205e51bcd52895339e0d6b7e089341,385436,81 daily files 20260101..20260331
locationid=5661/year=2019.zip,https://openaq-data-archive.s3.amazonaws.com/records/csv.gz/locationid=5661/year=2019/,members-sha256:30610a9c475ec408bceda73ce82bda4ea74e3a468b994235772815197a3da072,2026-09-26T05:54:03+00:00,bcc621d18615e53ea14454dc67971cb4522517734e3c33901c85524dbfd6c4ea,509292,174 daily files 20190103..20191231
locationid=5661/year=2021.zip,https://openaq-data-archive.s3.amazonaws.com/records/csv.gz/locationid=5661/year=2021/,members-sha256:5774647b9d7612dec26b7e58efaa9920f35a5bebd864a211f55047d0b1a5438a,2026-09-26T05:54:04+00:00,3d1136e648f1bc59fc2d9eef0b6c691c8594a80d3e7d958b56c63e6946e411e9,189877,160 daily files 20210101..20211209
locationid=5662/year=2022.zip,https://openaq-data-archive.s3.amazonaws.com/records/csv.gz/locationid=5662/year=2022/,members-sha256:08b47133581127d4cc46c49e122579904b066d47349619ae7ecb72d1de99a9fd,2026-09-26T05:54:10+00:00,5f0a59b124e72be71a19d056b9cb7e1cdb51c6d65810a1ac534e7ad3306cf233,120981,112 daily files 20220101..20221031
locationid=5655/year=2025.zip,https://openaq-data-archive.s3.amazonaws.com/records/csv.gz/locationid=5655/year=2025/,members-sha256:dde1a11e46cc2bf78797825bab0749886fc3d585b4e556597225980783de3a52,2026-09-26T05:54:11+00:00,f3e16f75ba80ab5b47ab033f1978bc4f7a2049953b16c4d1e1d7b75f7dc97b1f,1484544,286 daily files 20250219..20251231
locationid=5655/year=2020.zip,https://openaq-data-archive.s3.amazonaws.com/records/csv.gz/locationid=5655/year=2020/,members-sha256:da311f295bf4ca1b932490e31d071f48be436f5301c03550e0a77f68c85342f6,2026-09-26T05:54:12+00:00,3a925362912281dcaabbbb980cc9f99121a6dd01ace050052bdaad0ebcabb49d,589968,348 daily files 20200101..20201231
locationid=5662/year=2018.zip,https://openaq-data-archive.s3.amazonaws.com/records/csv.gz/locationid=5662/year=2018/,members-sha256:5f94e97d8e4745a22f8f0e308c1b5068914a58aa25e8e0a749c671bb0fdae82e,2026-09-26T05:54:27+00:00,24ede91262f58c1ce7631fe2a093d078abd8f84ec470532384227187fbef7706,291842,155 daily files 20180309..20181119
locationid=5661/year=2020.zip,https://openaq-data-archive.s3.amazonaws.com/records/csv.gz/locationid=5661/year=2020/,members-sha256:9c4784438030286a2f2c91b51ecd969a360b4753f53695c8a3f0ffd847df95a1,2026-09-26T05:54:28+00:00,729eb24b69216b261f9dac79ac5d1684fe938c6a994677656eaf288ec70aec25,425517,190 daily files 20200101..20201231
locationid=5662/year=2019.zip,https://openaq-data-archive.s3.amazonaws.com/records/csv.gz/locationid=5662/year=2019/,members-sha256:0d82352766bc5fb87b3605185899967010d72b84506e095a5a15ad950a195040,2026-09-26T05:54:32+00:00,695c45ff2519d6a8f706dfd9a324a80f35c22693af8d950ebedf9927888823fa,370040,164 daily files 20190103..20191231
locationid=5664/year=2019.zip,https://openaq-data-archive.s3.amazonaws.com/records/csv.gz/locationid=5664/year=2019/,members-sha256:5f35ca2723218f25f21621366861d2d56d50f80ce91dc27e1649661a4d4fe6b6,2026-09-26T05:54:36+00:00,a519a62de2d54c0605e129e15663ae016e85266eabb9415100b39ccf0859b91b,297788,124 daily files 20190103..20191105
locationid=5665/year=2026.zip,https://openaq-data-archive.s3.amazonaws.com/records/csv.gz/locationid=5665/year=2026/,members-sha256:e042da742a1b08fd6030700a1eb533e8e9b924a9dc54c5810576d007e5ed9555,2026-09-26T05:54:44+00:00,509877f9f4156fa6a71c6ec5b759d44eb0f3daa3845c15ec2ce319b50fa740e5,436026,81 daily files 20260101..20260331
locationid=5742/year=2018.zip,https://openaq-data-archive.s3.amazonaws.com/records/csv.gz/locationid=5742/year=2018/,members-sha256:7bc39986c8f2176cd05b41b6dc4cb0a98227e9b922ac60223e1cba4d67918a1a,2026-09-26T05:54:51+00:00,87dd1b433d8943677a431999bcb1f3045e0f324df1cda720cbe062a0d9f7b3cd,11456,19 daily files 20180416..20180513
locationid=5664/year=2018.zip,https://openaq-data-archive.s3.amazonaws.com/records/csv.gz/locationid=5664/year=2018/,members-sha256:f93350c3fa1162c9fc1b1aadb9ddc4d4ee2d7b676ff71851193cee6b0c752a88,2026-09-26T05:54:54+00:00,6de3fa3877d8fce326ca5e810f07ec73a431fd9704702bee81a8e37eceda418f,199230,153 daily files 20180309..20181119
locationid=5657/year=2020.zip,https://openaq-data-archive.s3.amazonaws.com/records/csv.gz/locationid=5657/year=2020/,members-sha256:0c20a3980f01829d6d3a32028f7cacaa07c5ae7f5e3b3924ee57504f0e79fcf4,2026-09-26T05:54:57+00:00,0719728e48ef1a5841736cb0fcab4d8e7fc46459fa74ad3ed24efb7567cec94a,655759,350 daily files 20200101..20201231
locationid=5743/year=2018.zip,https://openaq-data-archive.s3.amazonaws.com/records/csv.gz/locationid=5743/year=2018/,members-sha256:30912d1568ee1af83a8ca740e62cc9238045ae529fa731ca96f5b57ed93115b5,2026-09-26T05:55:00+00:00,c67e72781742278feecc44115b093b8eee29b91537536361f190a46b84bc663d,9541,16 daily files 20180426..20180512
locationid=5745/year=2018.zip,https://openaq-data-archive.s3.amazonaws.com/records/csv.gz/locationid=5745/year=2018/,members-sha256:a9e49db164c3af83c14ce2894c0006f492ad1ee18ec3cbe43d872ae306f90c2b,2026-09-26T05:55:03+00:00,bdb6d1bf47982dc6be30686b6331d63ebd8f4bf0b72a9247362e75634faeafc0,1096,1 daily files 20180509..20180509
locationid=5665/year=2022.zip,https://openaq-data-archive.s3.amazonaws.com/records/csv.gz/locationid=5665/year=2022/,members-sha256:dfdd52b56d20a939e11dcc70f7a4758921eecb1c0cebbcc8dbb49d6d9705405d,2026-09-26T05:55:04+00:00,a7b0ca6ae340ff5bf6835fa122a5caef3d7648cb9ce2c613c4943d3513235807,144871,124 daily files 20220101..20221031
locationid=5662/year=2021.zip,https://openaq-data-archive.s3.amazonaws.com/records/csv.gz/locationid=5662/year=2021/,members-sha256:8e68a96f7234dc409221eb7af57f5cceb5fb697b1d75bb5da588e229fd52eb9e,2026-09-26T05:55:06+00:00,386c7a2e7bd29df64f3383be7979039d247faf9026dfe82b659b06d0bb3500a2,229152,197 daily files 20210101..20211231
locationid=5744/year=2018.zip,https://openaq-data-archive.s3.amazonaws.com/records/csv.gz/locationid=5744/year=2018/,members-sha256:a45a59e63d6fde501bab9a231bc6d55ee2b438ed0e6e366e95910773abf08beb,2026-09-26T05:55:10+00:00,b606faf5995f98c95bb295b1171b385ca87764cca43e279ddfdc74a50830e9fb,11259,19 daily files 20180416..20180512
locationid=5665/year=2018.zip,https://openaq-data-archive.s3.amazonaws.com/records/csv.gz/locationid=5665/year=2018/,members-sha256:dff8a5438f7cd945aea47b00074a34df4e99328b0ac8f8b2c6b8e49547687765,2026-09-26T05:55:17+00:00,29054096301750e3856fbe236fcf933235320f1b9d5cbc913d1fc03d185bd923,347157,165 daily files 20180309..20181228
locationid=5755/year=2018.zip,https://openaq-data-archive.s3.amazonaws.com/records/csv.gz/locationid=5755/year=2018/,members-sha256:427f7588999fb17554d86ca8794b25ec173e5b14fc50ac9e7ec182571efe2714,2026-09-26T05:55:21+00:00,e4dc7279773ec0142bc18e8de2e27b3635cc741b30449063fa46d2032a327d5a,6434,11 daily files 20180427..20180512
locationid=5753/year=2018.zip,https://openaq-data-archive.s3.amazonaws.com/records/csv.gz/locationid=5753/year=2018/,members-sha256:c6702b9e71a28fb3f8d7896641bdcdc91f885d1428609ac33710df1196ea735f,2026-09-26T05:55:22+00:00,b4331a8a364720bcc3f52c4d030b702ea0a5ffd14db985246b21cdd0e5816e1f,11829,20 daily files 20180416..20180512
locationid=5659/year=2020.zip,https://openaq-data-archive.s3.amazonaws.com/records/csv.gz/locationid=5659/year=2020/,members-sha256:6606e8fa90366ffb39511b7f60f50c00106d40caed189b89e8469af20f4e98ed,2026-09-26T05:55:23+00:00,ed05663ad99e3c1af4e1d2d636aecda130f1906cd5d2362bb93bcf7613c32837,625792,351 daily files 20200101..20201231
locationid=5754/year=2018.zip,https://openaq-data-archive.s3.amazonaws.com/records/csv.gz/locationid=5754/year=2018/,members-sha256:067df43538cba269a94642629ead88d7e06104ee0daa1083df52df5dde4325ab,2026-09-26T05:55:24+00:00,a7d61ac15f94776269ba090b38e66ec7949f8ed4eac469cd7d1d3cc911946bf3,11146,19 daily files 20180416..20180512
locationid=5665/year=2019.zip,https://openaq-data-archive.s3.amazonaws.com/records/csv.gz/locationid=5665/year=2019/,members-sha256:dbffd9a59aba0b85c0788bcf2a5685e391542fd87074822c4fe7bc837685d0b2,2026-09-26T05:55:26+00:00,5da40a971dbd679a0922cf17796cc3bd98cf0e9b01676d6e6a920c0ec72069a6,508317,172 daily files 20190103..20191231
locationid=5667/year=2022.zip,https://openaq-data-archive.s3.amazonaws.com/records/csv.gz/locationid=5667/year=2022/,members-sha256:55ad31a19673751fdf866c8cbb935dc536b3371f1c952a5a7b95a1b4e9236f67,2026-09-26T05:55:27+00:00,4d65a9424b79607d5a0fd7def617db15794c81f9f131111a0f36b3f97930460c,116351,102 daily files 20220102..20221031
locationid=5667/year=2026.zip,https://openaq-data-archive.s3.amazonaws.com/records/csv.gz/locationid=5667/year=2026/,members-sha256:35017874710ac1ec4d015fed7545d0160346cef403b04fd859d352e53d48b1b5,2026-09-26T05:55:28+00:00,266b08989250c2f10a8580106e370674719a99a982394f16c47af571d457ef83,412309,81 daily files 20260101..20260331
locationid=5759/year=2018.zip,https://openaq-data-archive.s3.amazonaws.com/records/csv.gz/locationid=5759/year=2018/,members-sha256:907ee9794504ba904d429697922a7bc5f663cb2f5b658db0d52915e299eb2547,2026-09-26T05:55:31+00:00,b03a15f590f93386c6025bc1e3172413af9eff42ef3eed6a534aedea25d65f1c,11279,19 daily files 20180416..20180512
locationid=5659/year=2025.zip,https://openaq-data-archive.s3.amazonaws.com/records/csv.gz/locationid=5659/year=2025/,members-sha256:27757ea4270c368b734f0be7c51f0b931bbd9bcee2c4bce577f9eb9dcefdd749,2026-09-26T05:55:32+00:00,b50b554ddad0c46f20900f3b605c24c96eb7fc88f522310c1b12bfcf8521c678,1661039,310 daily files 20250219..20251231
locationid=5760/year=2018.zip,https://openaq-data-archive.s3.amazonaws.com/records/csv.gz/locationid=5760/year=2018/,members-sha256:5cbbdb5bdc4bc0b94eb4c757a7bb6daecacfa4d9ec2a9bfa8e260a34a8c5edbe,2026-09-26T05:55:37+00:00,4dbc3f98091885f21dac64e98060315d12fd94effe5bda498ef0a9d97b97f196,12647,20 daily files 20180416..20180512
locationid=5762/year=2018.zip,https://openaq-data-archive.s3.amazonaws.com/records/csv.gz/locationid=5762/year=2018/,members-sha256:27ab5ce9a990680e0d29f5c5cfea80e8562e66b020f5c39cc6c1646ce105e7c1,2026-09-26T05:55:38+00:00,b9e3c7dd17f40514116a1305847fdf38ee4dee32a1f964ad539baa4570ae4244,8839,16 daily files 20180416..20180512
locationid=5761/year=2018.zip,https://openaq-data-archive.s3.amazonaws.com/records/csv.gz/locationid=5761/year=2018/,members-sha256:8bf8e53dc1b9f4b160177312f4a545e532bfe40e41955f2788d71c2a4a8a175e,2026-09-26T05:55:40+00:00,2150fb284ed85735aba324615b342897779753131dec5e8c8d90b0821fcc824c,13616,21 daily files 20180416..20180512
locationid=6310/year=2018.zip,https://openaq-data-archive.s3.amazonaws.com/records/csv.gz/locationid=6310/year=2018/,members-sha256:cebc2f1516ccc0a2d2f6e1ce808c7d16b6366600efc9791c3f7eac2d9c8f4737,2026-09-26T05:55:41+00:00,dc2039e8ed6fd8b2598772ab8fc4361a9380a2d153b3508d74aeb5912f2ad635,939,1 daily files 20181106..20181106
locationid=6314/year=2018.zip,https://openaq-data-archive.s3.amazonaws.com/records/csv.gz/locationid=6314/year=2018/,members-sha256:e259bc201f20d82f45ab334e01ef61735eb7e7f514360e26365e20754381801f,2026-09-26T05:55:42+00:00,0c05a8bbbd909f09c08f3713a1eb0b54ba8d49e415e223d0325aa54b4f06740a,1581,2 daily files 20181115..20181116
locationid=5763/year=2018.zip,https://openaq-data-archive.s3.amazonaws.com/records/csv.gz/locationid=5763/year=2018/,members-sha256:de6585b94d775e74b1cb6a2e39c8e20ad7efee3905b5024b02fb63faa9d0ea20,2026-09-26T05:55:43+00:00,8016578c2454be3d4ed690b85e2247982d314ac5035da1fc54f968d320ca5d1d,12287,20 daily files 20180416..20180512
locationid=5765/year=2018.zip,https://openaq-data-archive.s3.amazonaws.com/records/csv.gz/locationid=5765/year=2018/,members-sha256:3be309cbe2c6736756d15f921891399367b742494c37ad92e1e6e1599e237369,2026-09-26T05:55:43+00:00,009c9451dc12f40f99ad931552af040d2d004e9e0fc747d5fbdb5928fd8a00a6,11303,18 daily files 20180426..20180513
locationid=5766/year=2018.zip,https://openaq-data-archive.s3.amazonaws.com/records/csv.gz/locationid=5766/year=2018/,members-sha256:02a6e45a6c8136dc57d0863c621ddf604804bc9202b91bef36391553e37ed9a1,2026-09-26T05:55:46+00:00,6b004678b21c972db2eeb18d37809c92887f83167ca0ea88298a46ab74534826,13159,21 daily files 20180416..20180513
locationid=5667/year=2018.zip,https://openaq-data-archive.s3.amazonaws.com/records/csv.gz/locationid=5667/year=2018/,members-sha256:4cecca4bbc157f8266c9c2c85c8bc153b50b40082586e1cc62dd18301839a032,2026-09-26T05:55:47+00:00,41aabd1a636f930226556ffc00c4b478ad8f8396908e116811461ee999a7e257,312385,157 daily files 20180309..20181119
locationid=5667/year=2021.zip,https://openaq-data-archive.s3.amazonaws.com/records/csv.gz/locationid=5667/year=2021/,members-sha256:39ce4b923623570dd0eca8809371600cf89adea216d6df2ba3589376e8430c44,2026-09-26T05:55:49+00:00,367abe10c32384ef67d2d6d3e5c25f93121fa8cbe782393eb1a439dc5083e381,195628,151 daily files 20210101..20211231
locationid=5667/year=2019.zip,https://openaq-data-archive.s3.amazonaws.com/records/csv.gz/locationid=5667/year=2019/,members-sha256:7ae9956ca50fc0b6561fbe063dc8a85262b7e9775e7da00bcd6d80be59601045,2026-09-26T05:56:03+00:00,66c6db25c219e41257c14d5df89f35d1df1e3c65fd2476c6295520a5b0f89980,558003,194 daily files 20190103..20191231
locationid=5662/year=2025.zip,https://openaq-data-archive.s3.amazonaws.com/records/csv.gz/locationid=5662/year=2025/,members-sha256:ce3bf2609fba253b5987be0e0932d577761f859a388e91de7119cb0566a1d5d3,2026-09-26T05:56:09+00:00,daac94eedc7018708a573a480693be98688192f150b96787adff6078615d6d91,1323938,310 daily files 20250219..20251231
locationid=6356/year=2026.zip,https://openaq-data-archive.s3.amazonaws.com/records/csv.gz/locationid=6356/year=2026/,members-sha256:4390fe77c51a341a129422d15597ab26a0e7867df04343183043bebc889fb657,2026-09-26T05:56:13+00:00,09f08913d8fcabcbe3842027d881f31e4512080ee3c866b6995161a0c20dc00a,417601,81 daily files 20260101..20260331
locationid=5665/year=2021.zip,https://openaq-data-archive.s3.amazonaws.com/records/csv.gz/locationid=5665/year=2021/,members-sha256:e93eff1f81891006769fd29c1dd713348dd3cb630005cd92c6b4badda618b7e6,2026-09-26T05:56:14+00:00,5687bbec64fce4a103e49703597cc39b55aff0fbe7161eb615388f41ea5040fe,344476,274 daily files 20210101..20211231
locationid=5662/year=2020.zip,https://openaq-data-archive.s3.amazonaws.com/records/csv.gz/locationid=5662/year=2020/,members-sha256:34e6b5109e9870d6c216be4d24849e7acf5fd56b84e501a2d60fe50c709a7bb9,2026-09-26T05:56:16+00:00,99482a9f528e3c0155242e2ca5623b539029cc8bdde5e1e5108df65830c484e4,486344,346 daily files 20200101..20201231
locationid=6356/year=2018.zip,https://openaq-data-archive.s3.amazonaws.com/records/csv.gz/locationid=6356/year=2018/,members-sha256:5712a09e414864c3a1396f49e7d5562d8ab6f7af38da2c710e529593a33fd48e,2026-09-26T05:56:16+00:00,40ed0279421c3c61928ffa7eba670a59d583dbb1832c8e6c42ce2641ccc95f1f,175709,90 daily files 20180810..20181228
locationid=6356/year=2022.zip,https://openaq-data-archive.s3.amazonaws.com/records/csv.gz/locationid=6356/year=2022/,members-sha256:f8389b0c3be9453e038ba79aaa7e2e891d8b3043649009cf7269192bc90602bb,2026-09-26T05:56:19+00:00,17a4f108028e1aaee09602841f20f2992bd962b9bc05dc169bfaad124aa89ffc,141855,106 daily files 20220101..20221031
locationid=6357/year=2018.zip,https://openaq-data-archive.s3.amazonaws.com/records/csv.gz/locationid=6357/year=2018/,members-sha256:ac3821bf959cc4aba7f68e587c4dbcddfd7d2d4ff77d39459b99c3d8ea18f7d1,2026-09-26T05:56:23+00:00,d7301da437a4c7c341ff87e1e63e87594d88f3c7e4d015c9f4f2c465d2a81f49,202610,104 daily files 20180810..20181228
locationid=6357/year=2022.zip,https://openaq-data-archive.s3.amazonaws.com/records/csv.gz/locationid=6357/year=2022/,members-sha256:254b63753891914d48800ada760c2f75aa779a144aff48ec19288313f206b8e1,2026-09-26T05:56:23+00:00,45fe61276285d3b3305b6e45e4ae1e272a73dae6436ef9d80e057a4d77a88540,113266,104 daily files 20220101..20221016
locationid=6358/year=2018.zip,https://openaq-data-archive.s3.amazonaws.com/records/csv.gz/locationid=6358/year=2018/,members-sha256:704e600620752a7587b98647c1c325b8d02ad02c35fc7c1628a94490baac91e1,2026-09-26T05:56:25+00:00,622be0529f40aad8298af48ddde326ac816cbfae027d4d9400f494cbc3d20b90,176157,101 daily files 20180810..20181228
locationid=5665/year=2020.zip,https://openaq-data-archive.s3.amazonaws.com/records/csv.gz/locationid=5665/year=2020/,members-sha256:727b82737e7b3f77da19063ea060dff26941cbe6d6b75f77257c635b53d7f7e6,2026-09-26T05:56:34+00:00,bab010b91ce0847a345bbd8ecd94f4ce984ba280061c9a5810d9e0820957d6ed,683793,351 daily files 20200101..20201231
locationid=5665/year=2025.zip,https://openaq-data-archive.s3.amazonaws.com/records/csv.gz/locationid=5665/year=2025/,members-sha256:f1fd6e314be702aa2b508720ca3d8d036787767d0dc85cbd055d5ece16e11241,2026-09-26T05:56:38+00:00,20e5b6ccb9bf12ababe3a1e0f1d7a5d2139bce391c18bf36aa3cba33d83b1ca9,1355533,314 daily files 20250219..20251231
locationid=6356/year=2019.zip,https://openaq-data-archive.s3.amazonaws.com/records/csv.gz/locationid=6356/year=2019/,members-sha256:6f4dc74df512028adb2ac2645c4694a86d28f8f80dbafc1bf4a98baa1b6a66a2,2026-09-26T05:56:43+00:00,551ead86a6709ad2cc330fe994971f9d49480a3df8ddf7a8a93f051e466a6661,520017,172 daily files 20190103..20191231
locationid=6358/year=2026.zip,https://openaq-data-archive.s3.amazonaws.com/records/csv.gz/locationid=6358/year=2026/,members-sha256:89d2283e1867bed53217f128795a778c7caa77dd52c88c073cc0f98e4cf1ada1,2026-09-26T05:56:43+00:00,cc55bb4997501f046d97ac356fcad1adaddfe43c662791be3e1c5410fe1bef23,432179,81 daily files 20260101..20260331
locationid=6356/year=2021.zip,https://openaq-data-archive.s3.amazonaws.com/records/csv.gz/locationid=6356/year=2021/,members-sha256:ee34763ad41ec2d3c43aced47d62df780c8c5201587cb9f7e9f175de3c03f579,2026-09-26T05:56:45+00:00,7e68037a9954f7b36528bbace1f0e0fa1a332074c9df40cd8d6b60559415b2a3,282703,178 daily files 20210101..20211231
locationid=6357/year=2021.zip,https://openaq-data-archive.s3.amazonaws.com/records/csv.gz/locationid=6357/year=2021/,members-sha256:3a519a6aacfcf3eefece2be4a35fba2844f58230c07f6ecbe6c316bc087169f7,2026-09-26T05:56:45+00:00,eccdf4ba0ee6ce5f14eea0bf9596889bd977310c38a7b96910e27d932ff8505e,222583,172 daily files 20210101..20211231
locationid=6358/year=2022.zip,https://openaq-data-archive.s3.amazonaws.com/records/csv.gz/locationid=6358/year=2022/,members-sha256:00f1f214546f7061c5b969a7cc92ac775be56c1ddbbd535389b0516a65280f2f,2026-09-26T05:56:45+00:00,c805229988462b0b314aa161166ed27b11339399d217df1554970b0179bdc7b1,138817,125 daily files 20220101..20221031
locationid=6357/year=2019.zip,https://openaq-data-archive.s3.amazonaws.com/records/csv.gz/locationid=6357/year=2019/,members-sha256:57fe3ea901c754cbe722e6dc760a9a6df44e84ec4c68bbaf394b17bae9079d80,2026-09-26T05:56:45+00:00,aab1e3a7130dc17a64ba0b3a86947e4a02c5eb7724da162877d37781a2a69ba5,424945,172 daily files 20190103..20191231
locationid=6358/year=2019.zip,https://openaq-data-archive.s3.amazonaws.com/records/csv.gz/locationid=6358/year=2019/,members-sha256:b411397728d3806101db07c648146755a3a36ce626ad3f45b64f31d2f0866a75,2026-09-26T05:56:51+00:00,7df2d9d25c6a57766faa5dab4341ce0acb6aaac98366239b79c741149e39eb63,423603,174 daily files 20190103..20191231
locationid=5667/year=2020.zip,https://openaq-data-archive.s3.amazonaws.com/records/csv.gz/locationid=5667/year=2020/,members-sha256:f855f3b11e67bc66a8d01b67015171bfb20976fbb1dab341f756005ff5c72b02,2026-09-26T05:56:51+00:00,5221bc379f584da87458708c39c5faed1f46fad02b93046c446b107fbebd49cc,589015,341 daily files 20200101..20201231
locationid=6359/year=2026.zip,https://openaq-data-archive.s3.amazonaws.com/records/csv.gz/locationid=6359/year=2026/,members-sha256:fba8f01faeb4a690141740a2aa5e2de191cca314e0c147a02311de33c0c6a92f,2026-09-26T05:56:55+00:00,bb91352928c2c46efd49e14276f938f4bd9bbfed1645ab3bee149c9dc57807f5,441852,81 daily files 20260101..20260331
locationid=5667/year=2025.zip,https://openaq-data-archive.s3.amazonaws.com/records/csv.gz/locationid=5667/year=2025/,members-sha256:e8cc39430256b0f2b9dfede65702c2366379f12f33e687b8949bc71b07aa94a4,2026-09-26T05:56:55+00:00,82bd8d166fdcb8d228895a8434c3152adbad99575a42d954bd1fa94c21e2f89c,1348930,315 daily files 20250219..20251231
locationid=6442/year=2020.zip,https://openaq-data-archive.s3.amazonaws.com/records/csv.gz/locationid=6442/year=2020/,members-sha256:aedb02e3dc9f24ee104f0efb21916ef5040c61c515293ebeaf708e4601a396aa,2026-09-26T05:56:56+00:00,aa74cb3bbba848b722455557ad7b361dbe2e095adb99f201106c5b3f07e69843,77696,30 daily files 20200101..20200130
locationid=6442/year=2021.zip,https://openaq-data-archive.s3.amazonaws.com/records/csv.gz/locationid=6442/year=2021/,members-sha256:b5bebe7da0f5fcebf1c2850e6d0a1eab0a2f5c9b0cc2a110d901dba9e481288e,2026-09-26T05:56:57+00:00,6343194af87874d9e129085fece9c0ba5eecab7a4d1ab3792b2be544c8c28928,54490,36 daily files 20211123..20211230
locationid=6359/year=2022.zip,https://openaq-data-archive.s3.amazonaws.com/records/csv.gz/locationid=6359/year=2022/,members-sha256:47c3c2b378da32130b3dfbe7175442d3f5fd608f2334e7ef4941bfc70efdea30,2026-09-26T05:56:59+00:00,9a1d3bd6cf40d8102fe0d6cb9ca07b01c6e64ef0f76e24ded9cf7a34fb7943bb,124961,102 daily files 20220101..20221031
locationid=6359/year=2018.zip,https://openaq-data-archive.s3.amazonaws.com/records/csv.gz/locationid=6359/year=2018/,members-sha256:93ce6c474e3d7b23b428ac134cc46ad7eab4fbd4a920ace517947fe534a42973,2026-09-26T05:57:01+00:00,f6f8491a97f8546e4cde1fdbd72043ec9f3b7d039795d19ac0c909f0e473ce1b,236036,126 daily files 20180428..20181228
locationid=6920/year=2019.zip,https://openaq-data-archive.s3.amazonaws.com/records/csv.gz/locationid=6920/year=2019/,members-sha256:8f3cf9b32091efdc9e537e148277a5df9bc27c2ad702b689de880caca5c30bcd,2026-09-26T05:57:04+00:00,358728812eef8927d5228161b20057ca2b0d4c5a0e10f83d7c341cc5cf092e6c,10039,7 daily files 20190619..20190719
locationid=6442/year=2026.zip,https://openaq-data-archive.s3.amazonaws.com/records/csv.gz/locationid=6442/year=2026/,members-sha256:0f4ac3f2be2c0d7c82e2de1a30198b6dbbed4c18fd095b5aff72aca5fa01042c,2026-09-26T05:57:14+00:00,e0f2117825f3b925ed56483d2acc33cea0eee54efd0e863da995959f5123033b,388420,78 daily files 20260101..20260331
locationid=6359/year=2021.zip,https://openaq-data-archive.s3.amazonaws.com/records/csv.gz/locationid=6359/year=2021/,members-sha256:ec9e5b2c17af9aeb9686a7f25167d30a84a16ee2a7e9dce54f931f2c4724b3bc,2026-09-26T05:57:16+00:00,1899faed916d938864cd0bd5e517d9cccd28bbfd026ce7faba2d3b00861d9f4d,259508,172 daily files 20210101..20211231
locationid=6442/year=2018.zip,https://openaq-data-archive.s3.amazonaws.com/records/csv.gz/locationid=6442/year=2018/,members-sha256:b9a48d1a0df6723825c98c54f92a9a96c1cbf9ceee9de1d0fbf45faba8ab0163,2026-09-26T05:57:17+00:00,e77edda79f16962d7915b1502188399ed0e5aae8af99f93c84bf2e8ee021321e,200460,110 daily files 20180502..20181119
locationid=6359/year=2019.zip,https://openaq-data-archive.s3.amazonaws.com/records/csv.gz/locationid=6359/year=2019/,members-sha256:db677167789930c641e2ad5ea627c2f436116ca115cd6089f9b364bc2239de59,2026-09-26T05:57:18+00:00,e8bb3c190dbb79b1c134f712d02fa5a49aaed1cb89902b43dacd2449edd31631,410538,173 daily files 20190103..20191231
locationid=6358/year=2021.zip,https://openaq-data-archive.s3.amazonaws.com/records/csv.gz/locationid=6358/year=2021/,members-sha256:5ff1b0b314b491c331069f412b4fb4cc63cbc047bd5863ebaab2f2c9ef8673a0,2026-09-26T05:57:23+00:00,279a3996209bd6c976446d5760debeb7e6247c4c2d9cde1ceccf320c5de3921c,308705,269 daily files 20210101..20211231
locationid=6443/year=2026.zip,https://openaq-data-archive.s3.amazonaws.com/records/csv.gz/locationid=6443/year=2026/,members-sha256:c86b5185591230bcad022341ae2930b35f29846b9069e0596205bef09c5fd585,2026-09-26T05:57:28+00:00,dde2c93e649a088dd3c43abf337751b0cee60cfe36ad7445b2f37c796d401efe,282372,81 daily files 20260101..20260331
locationid=6356/year=2025.zip,https://openaq-data-archive.s3.amazonaws.com/records/csv.gz/locationid=6356/year=2025/,members-sha256:304e3c4cb6ae7aa3c5bf7b3064d58cc0c0a89637b2e198ae7229e747149c8260,2026-09-26T05:57:31+00:00,86694f3d8cd018e42438454aa8ada4ae4695e3bd2280719687b37b9578f146fd,1383316,314 daily files 20250219..20251231
locationid=6443/year=2022.zip,https://openaq-data-archive.s3.amazonaws.com/records/csv.gz/locationid=6443/year=2022/,members-sha256:86e7ba7734c2f268e98599c3b5d01184424865ca37c5ac484183e0dff76c1091,2026-09-26T05:57:31+00:00,41698946586a7c42701895b5c36fce45796b5f6e19875e8d48e76599e138b943,102896,99 daily files 20220101..20221031
locationid=6443/year=2018.zip,https://openaq-data-archive.s3.amazonaws.com/records/csv.gz/locationid=6443/year=2018/,members-sha256:c7e6f8f10385b080a294c42644e3964e33ea502509fc68e39e372c9e2a533b5c,2026-09-26T05:57:31+00:00,1da72a3d74603fbbb18d39e0330f893f3d1efacaf680d2d3f5a6766e3b0d2951,160830,119 daily files 20180416..20181119
locationid=6442/year=2022.zip,https://openaq-data-archive.s3.amazonaws.com/records/csv.gz/locationid=6442/year=2022/,members-sha256:59645d21ad66c4dfbd38c73bc4ee53bf696b02dadc674078f1446e7c8f209741,2026-09-26T05:57:33+00:00,73dbeceb4e58c13b6edcab9e42512d27496697c3cc2635a62c29653ece72d75c,139731,126 daily files 20220101..20221031
locationid=6356/year=2020.zip,https://openaq-data-archive.s3.amazonaws.com/records/csv.gz/locationid=6356/year=2020/,members-sha256:6402ca82e26afc68368a8c8b2fddcca7935908e79c8f08d3cda223f2bb35fb72,2026-09-26T05:57:38+00:00,c213ff848e7fca87e34c454bb325de43363ea62b3f62fef28e0bd2f27a9f3aca,646598,335 daily files 20200101..20201231
locationid=6357/year=2020.zip,https://openaq-data-archive.s3.amazonaws.com/records/csv.gz/locationid=6357/year=2020/,members-sha256:f532ffcea5750ba89cd9689aa8187d8e3717edbc9f82304d8d88a84d0b3218c8,2026-09-26T05:57:42+00:00,132b4edcd3687a27c491406119306f1a4e0ef8df1aeca35de80d6c619e8129e2,554118,346 daily files 20200101..20201231
locationid=6442/year=2019.zip,https://openaq-data-archive.s3.amazonaws.com/records/csv.gz/locationid=6442/year=2019/,members-sha256:aad4381fd3819fc5d72828c221e7445d51fe5a8d51ca9fe7261bfad018d8bd4b,2026-09-26T05:57:44+00:00,25cdd34ad7f7e3703470dbf11bddea68e4ac03295a0ae5a071ce8b279a12a649,496475,194 daily files 20190103..20191231
locationid=6923/year=2018.zip,https://openaq-data-archive.s3.amazonaws.com/records/csv.gz/locationid=6923/year=2018/,members-sha256:7b8cb62954eb7ee80c4c1dedd9be8300aad6fe3a3b5b6d0138765b1068f98a37,2026-09-26T05:57:45+00:00,8d43ad528963d623144afd7eab34f08389d7fcbe7d6119793dedfcb4f9b87ef1,209927,104 daily files 20180810..20181228
locationid=6443/year=2021.zip,https://openaq-data-archive.s3.amazonaws.com/records/csv.gz/locationid=6443/year=2021/,members-sha256:a3e6f3b762920a3f9e4cdbbb61a3be02bc38650b3f33230af6b6844164bff2f4,2026-09-26T05:57:48+00:00,2caea8555b8eade3a3cb5faac133ce98d5ea1568ea49b4df4196ea42a6f6c9a3,159748,145 daily files 20210104..20211231
locationid=6923/year=2026.zip,https://openaq-data-archive.s3.amazonaws.com/records/csv.gz/locationid=6923/year=2026/,members-sha256:d9e04de3c6406cbce87a471360b120590f2ddcbcccffdde889ae3335beadd884,2026-09-26T05:57:53+00:00,6dc5afcc5e636c17de146a1aae87c0d65fea7d5e4b7c17e9d32693373ec8465c,423777,81 daily files 20260101..20260331
locationid=6358/year=2020.zip,https://openaq-data-archive.s3.amazonaws.com/records/csv.gz/locationid=6358/year=2020/,members-sha256:2578685fca407d79dfb1b788faa68b81c5b5d06578cc83c9d6f3f669417ba616,2026-09-26T05:57:54+00:00,b7f3dac4834c6025c92a6ec981a6ce2f70eadf1ca39e294c4545a0221105a0ed,541227,349 daily files 20200101..20201231
locationid=6443/year=2019.zip,https://openaq-data-archive.s3.amazonaws.com/records/csv.gz/locationid=6443/year=2019/,members-sha256:2b46290a384b27cc4e12a785ffd6aab5d1045677901dabe9b74f3d85cfd3010d,2026-09-26T05:57:59+00:00,9a8f5e26f147ed421e028bc72919b95d015b38b658eb82c11d694c406fc11912,357441,191 daily files 20190103..20191231
locationid=6923/year=2022.zip,https://openaq-data-archive.s3.amazonaws.com/records/csv.gz/locationid=6923/year=2022/,members-sha256:b8f0a686fa42ebe4e3ad25110e4041ddbe33a454d4c49547cbeea843cecc1b02,2026-09-26T05:57:59+00:00,bdcd528dbe1e37f3a93fd5217ec3cf8cbcbb98c7f3ceaf95b64b904f546480e5,126239,116 daily files 20220103..20221031
locationid=6358/year=2025.zip,https://openaq-data-archive.s3.amazonaws.com/records/csv.gz/locationid=6358/year=2025/,members-sha256:aecd602f70cf439da977cfcf3839677b6d6ef3cf434b6db992a8215653169e5c,2026-09-26T05:58:01+00:00,2af3c9a5d46d5a96216c4917f6a01d47cb628c5efb2a8425f78828e729dbc910,1427000,315 daily files 20250219..20251231
locationid=6923/year=2019.zip,https://openaq-data-archive.s3.amazonaws.com/records/csv.gz/locationid=6923/year=2019/,members-sha256:8c2509a3fd658b988f465f468545a4af5c00153c5b05beda2202e06923cb9d96,2026-09-26T05:58:10+00:00,279436e1a378b7d7fa190854df01af4b1ce515fe4c67733ae90ec1ae9c5cb6da,427991,168 daily files 20190103..20191231
locationid=6924/year=2026.zip,https://openaq-data-archive.s3.amazonaws.com/records/csv.gz/locationid=6924/year=2026/,members-sha256:944cd7bb296f1f868d2cd733e23c113975302154fd82a71c9d48cc46bf374ae5,2026-09-26T05:58:10+00:00,ce905aac31d84962d681649e1b66c017976c6387e534535d0d9e2304b728234d,433400,81 daily files 20260101..20260331
locationid=6924/year=2022.zip,https://openaq-data-archive.s3.amazonaws.com/records/csv.gz/locationid=6924/year=2022/,members-sha256:9b66b9a3e2342343640e57b20b8e3cb249cc1db5e2354b253e73a264186a6c31,2026-09-26T05:58:15+00:00,2ab846e6c8ba4a42fdebc5e203e83a7b781df0f7af4a806d43236589807f3516,118615,115 daily files 20220101..20221031
locationid=6442/year=2025.zip,https://openaq-data-archive.s3.amazonaws.com/records/csv.gz/locationid=6442/year=2025/,members-sha256:d18b60a3cb5d6729ae7aab1b3a7a13c838b2e7a73c81ae38b480e1717939f54f,2026-09-26T05:58:15+00:00,1ff5bdfdbf4c9340831dbde4eedf5594b6f09c44dc3d4b681a573deef84548ff,1013212,246 daily files 20250224..20251231
locationid=6359/year=2025.zip,https://openaq-data-archive.s3.amazonaws.com/records/csv.gz/locationid=6359/year=2025/,members-sha256:22d39a602c3cce1f5fdfdfaae5f66fde8cdf759316cbad9597443e3afbb9bc90,2026-09-26T05:58:17+00:00,a8265f852899303875950451db9ae757e58e7d63d46d2dd0d8de30c19c831225,1524877,314 daily files 20250219..20251231
locationid=6359/year=2020.zip,https://openaq-data-archive.s3.amazonaws.com/records/csv.gz/locationid=6359/year=2020/,members-sha256:6343d2be29f6b0811ccfe9f6014a664ff469573c8024a8cbae81f50b1b1f67f7,2026-09-26T05:58:19+00:00,c2b8bbb13ab4953fa62c84d0f0bbb285c18707efefaa9ebbf22a9df8a3d12bb7,631819,355 daily files 20200101..20201231
locationid=6927/year=2026.zip,https://openaq-data-archive.s3.amazonaws.com/records/csv.gz/locationid=6927/year=2026/,members-sha256:30150bb66a049ac0a21397c68d0abb72400f74d6f3bab38df9fd4094334a3baf,2026-09-26T05:58:23+00:00,f861b17829ef68aa619ad5c9d6e6421ced9fb51118dbfca08ca4a738f5a62dba,122489,74 daily files 20260104..20260331
locationid=6443/year=2025.zip,https://openaq-data-archive.s3.amazonaws.com/records/csv.gz/locationid=6443/year=2025/,members-sha256:d3c6738b90ef11b4148edabd9a41fe48b2fc9e5a1dabbb7f172ba1d9634fc416,2026-09-26T05:58:26+00:00,e2e01649f6970d5d294a83d73f75504433a1e0c7f04c8fbd00b9ac466f59f736,804473,232 daily files 20250219..20251231
locationid=6923/year=2021.zip,https://openaq-data-archive.s3.amazonaws.com/records/csv.gz/locationid=6923/year=2021/,members-sha256:74e70b651a4def672494e04f23a4a38165093bd20a7362f9dcaa6f1daebebc76,2026-09-26T05:58:30+00:00,ce4ddb12ba56cf6629da4e537faf1382cf11cd3d48de59070821e9415d6ee5b7,231908,202 daily files 20210102..20211231
locationid=6927/year=2022.zip,https://openaq-data-archive.s3.amazonaws.com/records/csv.gz/locationid=6927/year=2022/,members-sha256:831e47c7cce600a55efc225e52c29e939af9113119ad08b35928e9c90f0b946f,2026-09-26T05:58:32+00:00,6b2ed063803426eb5b2a3ab2a153db481a30d862c07d71f6b534069444cc067d,118394,115 daily files 20220101..20221031
locationid=6924/year=2019.zip,https://openaq-data-archive.s3.amazonaws.com/records/csv.gz/locationid=6924/year=2019/,members-sha256:5d292aa29ff6bd582d9d7397c8035ad4b0414037595b1375cb72db09e9839c5e,2026-09-26T05:58:35+00:00,add156762b5e1f17d7e494f1d8b786d905dacd62e4a8040f8c3acc1c96df1632,402633,169 daily files 20190427..20191231
locationid=6443/year=2020.zip,https://openaq-data-archive.s3.amazonaws.com/records/csv.gz/locationid=6443/year=2020/,members-sha256:944089d5453f3108f058b557cd9c3a5d3721242cdcf466fbe58fb1749b5e3c7c,2026-09-26T05:58:42+00:00,12752de90b313a59ee5647e19c29b614534a82aff46e37b8757305f88beae25b,381944,308 daily files 20200101..20201214
locationid=6928/year=2019.zip,https://openaq-data-archive.s3.amazonaws.com/records/csv.gz/locationid=6928/year=2019/,members-sha256:dacb4fb53f9a53e399bd8dee64018eb32daeb4f3029a93ccf20d339fa7afb411,2026-09-26T05:58:48+00:00,c950691aaf8a5e0dcdbb8794d9801d1b7c77dce7e55f9474ca234f04680d0721,256575,115 daily files 20190619..20191231
locationid=6928/year=2022.zip,https://openaq-data-archive.s3.amazonaws.com/records/csv.gz/locationid=6928/year=2022/,members-sha256:bf28bb047f629f4a84a3bc6a30ae13b38ebe37477e87023478a33d436124e718,2026-09-26T05:58:49+00:00,0a21e7bc3d0f80815e8414198169a2b243ba1de9d3fb56512390b14fee78c055,97962,104 daily files 20220116..20221031
locationid=6927/year=2019.zip,https://openaq-data-archive.s3.amazonaws.com/records/csv.gz/locationid=6927/year=2019/,members-sha256:31e8adb6fa4b5c856de0aa1a0f839730d1fb5f42c5db712d03f24a7b7f27b47a,2026-09-26T05:58:51+00:00,c777500a7c5e66f647210d90ffcbb87e346793fdc946f56887c38d07a55c5495,410213,173 daily files 20190628..20191231
locationid=6929/year=2018.zip,https://openaq-data-archive.s3.amazonaws.com/records/csv.gz/locationid=6929/year=2018/,members-sha256:148d20a442d781cdeef56152d816c68c3f153fd5748d8f88ae40ae273b648dc2,2026-09-26T05:58:58+00:00,93c6c66b5c322414091e52b205a1282fb6c84115b1cec008e1c73385555c101f,121341,105 daily files 20180810..20181228
locationid=6924/year=2021.zip,https://openaq-data-archive.s3.amazonaws.com/records/csv.gz/locationid=6924/year=2021/,members-sha256:cb0bf492c60e84b71a9cb266927fe3fd606f37f3443147162ff8d529886f3ab7,2026-09-26T05:59:01+00:00,72ebe037d5fa18adc7ca4cf2ad5df654ac7f73e683aa12dbf4eb34ebe9a2d420,264604,238 daily files 20210101..20211231
locationid=6929/year=2026.zip,https://openaq-data-archive.s3.amazonaws.com/records/csv.gz/locationid=6929/year=2026/,members-sha256:2b5d6504013ec791582f82e50eccaa9d8337ca349c025edafcae5a3476d335de,2026-09-26T05:59:02+00:00,5ab1b3d22e75384965d57100beb0f319427d21c09a095530b1401b82f5309fb1,455043,81 daily files 20260101..20260331
locationid=6929/year=2022.zip,https://openaq-data-archive.s3.amazonaws.com/records/csv.gz/locationid=6929/year=2022/,members-sha256:858705010c2abe70a15c4e877aca3b419207a0461c12a5f955619461089c3a74,2026-09-26T05:59:05+00:00,a7b0715432d5c25a5ab6b247314207d0f90ebff124d7d8bff87c33f087e5f626,114506,104 daily files 20220101..20221031
locationid=6923/year=2020.zip,https://openaq-data-archive.s3.amazonaws.com/records/csv.gz/locationid=6923/year=2020/,members-sha256:3487eee03c2d0bc00db5d90f6a936186ded501977243c8e0075853d787c34680,2026-09-26T05:59:09+00:00,4dd9cd592381d13b853f110f713724cd98b2de6897c31e80e1844f2d2184c029,465044,311 daily files 20200101..20201230
locationid=6927/year=2021.zip,https://openaq-data-archive.s3.amazonaws.com/records/csv.gz/locationid=6927/year=2021/,members-sha256:6d4188915416aa11710161584ae9f3ba098c74e3d3971a24940e7ce069b3b3ca,2026-09-26T05:59:17+00:00,d044b7604969eaa41be0c7c3f06ea71c2b65c31e4e9350ff20cf81510e126d19,257808,230 daily files 20210101..20211231
locationid=6929/year=2021.zip,https://openaq-data-archive.s3.amazonaws.com/records/csv.gz/locationid=6929/year=2021/,members-sha256:aa7cffd8cc9d9385ce1801bf55781b9fe37c131d1e5de32fd428ab399b51f216,2026-09-26T05:59:18+00:00,5659966d39c10876f6b43952b7deaf72829de9e7288856359ce6ba5e508f8b90,194957,149 daily files 20210104..20211231
locationid=6923/year=2025.zip,https://openaq-data-archive.s3.amazonaws.com/records/csv.gz/locationid=6923/year=2025/,members-sha256:8c6fb499fcf617efd5ee40bbc5f2a219cf221db4efcac86ef22e7ffee54890dc,2026-09-26T05:59:23+00:00,050b14975e8d3f2ac77778896a1da13c1cea08698d304309ee8b4ff5f58c2725,1411461,314 daily files 20250219..20251231
locationid=6930/year=2025.zip,https://openaq-data-archive.s3.amazonaws.com/records/csv.gz/locationid=6930/year=2025/,members-sha256:45542b906a29a75855d9b10d7f4e1fe7be05474dd16ca1b8c4e4fff20d9ab28f,2026-09-26T05:59:23+00:00,e5361b860931c408ef095b1887a5ce4b7a111367b4f878b3a600f26c71986486,361992,79 daily files 20250506..20251231
locationid=6930/year=2026.zip,https://openaq-data-archive.s3.amazonaws.com/records/csv.gz/locationid=6930/year=2026/,members-sha256:1bf29c19ef495da8f30e5d43be0bf2df8a13f0c7ed59947d6128f5b01dc4826e,2026-09-26T05:59:24+00:00,fcc3483ffc1273f7594b30c8b37fc431f79c32b7609e86446db17376e46d0204,438646,80 daily files 20260101..20260331
locationid=6932/year=2018.zip,https://openaq-data-archive.s3.amazonaws.com/records/csv.gz/locationid=6932/year=2018/,members-sha256:597964df47256ddbf3a0b6bc18d8322cbb4fab09e38e842c93a03c2325b50275,2026-09-26T05:59:28+00:00,925e587d2f822ad7e608a71acadd31c02a731d25837a9bbd205333fb6891fd23,23573,10 daily files 20181214..20181228
locationid=6930/year=2022.zip,https://openaq-data-archive.s3.amazonaws.com/records/csv.gz/locationid=6930/year=2022/,members-sha256:1e04839458f17e21eb2756d9d5a0977c47d898953e7c0196cc8a0474e538b1f1,2026-09-26T05:59:33+00:00,8182b36b8a7bdd1679aff731d61a14ea0898a62d8ca547b0be7bb36486e251ed,132527,113 daily files 20220101..20221031
locationid=6928/year=2021.zip,https://openaq-data-archive.s3.amazonaws.com/records/csv.gz/locationid=6928/year=2021/,members-sha256:e9873b65671cc5e8ad32d1a0daf7e7012f8ef69a1698a4c41517665d312690a8,2026-09-26T05:59:33+00:00,af5120f85bec3b6c3c26e3cda7d5a80705117ffd9aad467e39fc03eaa0d3ed5f,220942,228 daily files 20210101..20211230
locationid=6929/year=2019.zip,https://openaq-data-archive.s3.amazonaws.com/records/csv.gz/locationid=6929/year=2019/,members-sha256:0c97b1ea48fd81d7ff04e0af91e313ed1fd59a14802b9b0076e5c5a3682c78e0,2026-09-26T05:59:33+00:00,fcb05f969e52fa31a8da0a3fb7f43a3e2700bd3cf7667c3a43a077fb85877991,442792,192 daily files 20190103..20191231
locationid=6924/year=2025.zip,https://openaq-data-archive.s3.amazonaws.com/records/csv.gz/locationid=6924/year=2025/,members-sha256:4f77f92e9c4f51e2680de14ab2557739652d03780f7476b62547c6b4c21adcd3,2026-09-26T05:59:35+00:00,c26341b74775a5697ef77f9cb5b7e5789d4e4f40876914926c964b9b218cfcd6,1421665,309 daily files 20250219..20251231
locationid=6924/year=2020.zip,https://openaq-data-archive.s3.amazonaws.com/records/csv.gz/locationid=6924/year=2020/,members-sha256:07fdd8a967ef3cb597c00329c15aaa06b4be422de69d6edb561e7fabe4f01d66,2026-09-26T05:59:38+00:00,3c4df3898afffafea4270312baeff8944fcce7a0e79a4d8316b19b6f73ef530a,479852,328 daily files 20200101..20201231
locationid=6928/year=2025.zip,https://openaq-data-archive.s3.amazonaws.com/records/csv.gz/locationid=6928/year=2025/,members-sha256:838ddcf4ddd163381fa6a5901e8fb001e7c92da9fcfbcf44c68c596cf1bf5e8e,2026-09-26T05:59:43+00:00,36fdcaf7934dd781eaf137ffe0397615e666bb38e84486c3dead9418424cead5,996608,230 daily files 20250219..20251125
locationid=6931/year=2018.zip,https://openaq-data-archive.s3.amazonaws.com/records/csv.gz/locationid=6931/year=2018/,members-sha256:03cdc80eea60646d254401a1f9f889e1caafe260accea5a9046be29a4a65a158,2026-09-26T05:59:45+00:00,4d16fcd545d43b17020101c5ef673b58e5a4b129817b4f10b8d3e663062cbcaa,206421,109 daily files 20180810..20181228
locationid=6927/year=2025.zip,https://openaq-data-archive.s3.amazonaws.com/records/csv.gz/locationid=6927/year=2025/,members-sha256:243e3cbfc207ab01c9ec6edddc66eeed1f02f7f9e7a1317308e4464759328554,2026-09-26T05:59:48+00:00,7e47b7d292e627d3217113c4ed21ae105187b6f5e3e732b318413d8c7f24e70d,637888,293 daily files 20250219..20251230
locationid=6927/year=2020.zip,https://openaq-data-archive.s3.amazonaws.com/records/csv.gz/locationid=6927/year=2020/,members-sha256:0ee2a968380cc40362a33e9bd4664c5e96deaf44afb02b77ac4089106ffb938a,2026-09-26T05:59:50+00:00,d6da3ee4c7b14f1e837286ddbd86e689ea95c31d485f803c3d587692612b2a4f,471006,320 daily files 20200101..20201231
locationid=6930/year=2019.zip,https://openaq-data-archive.s3.amazonaws.com/records/csv.gz/locationid=6930/year=2019/,members-sha256:ac791b07346c1522a3a209bd88e5b175b9f86b3dbb23a1987d0046f579282a6f,2026-09-26T05:59:52+00:00,b132ba4a18f0af2dd7bc02eb138240fc1ef44e0cf8f06b896da70af95f0babc3,569689,190 daily files 20190212..20191231
locationid=6931/year=2026.zip,https://openaq-data-archive.s3.amazonaws.com/records/csv.gz/locationid=6931/year=2026/,members-sha256:992fe3e9385f4ac9a19afa1d725efe97fbd14701dbbb3c659404546efdb986b0,2026-09-26T05:59:52+00:00,2de5d3519ae14c1d918b796605858a2cb89e33240cbc41df11e9164adc80c19b,452740,81 daily files 20260101..20260331
locationid=6931/year=2022.zip,https://openaq-data-archive.s3.amazonaws.com/records/csv.gz/locationid=6931/year=2022/,members-sha256:842cce0b665fec3775a0001e8658b7f39d3ffdd1b0bcac0e04a33b6fa0c0a86f,2026-09-26T05:59:53+00:00,4f0967fa566e6d909023393dc7bfb4537b784c9f2ef24f746f5d72cfd57d449d,110786,107 daily files 20220101..20221031
locationid=6928/year=2020.zip,https://openaq-data-archive.s3.amazonaws.com/records/csv.gz/locationid=6928/year=2020/,members-sha256:9a4e6117b21b1ebfd3628fa50a819dc1fceed999ebb66018570d1bdabbec2bba,2026-09-26T06:00:02+00:00,7d7025320ba337cf84808553f8a04e9926058ed4db11e8c604dbee23a7654adb,393722,302 daily files 20200102..20201231
locationid=6932/year=2026.zip,https://openaq-data-archive.s3.amazonaws.com/records/csv.gz/locationid=6932/year=2026/,members-sha256:29ebdc638a617f871a8203627555c370d8a1eb70ccd23243e334c3dc80e9151b,2026-09-26T06:00:04+00:00,ca8eeffdd7b92c1622d448de20e84aa6ceb461875fd0989c4700bf8f55c6a4ff,403730,81 daily files 20260101..20260331
locationid=6929/year=2020.zip,https://openaq-data-archive.s3.amazonaws.com/records/csv.gz/locationid=6929/year=2020/,members-sha256:304bc39f269a522b8958a3cc43915e1f19572e69ae32fee912ec162277dc6b42,2026-09-26T06:00:11+00:00,0b16daa6cb0bb5696cc18563c7c7996ea597bae39980308ca988366836f7db62,451878,295 daily files 20200101..20201214
locationid=6931/year=2019.zip,https://openaq-data-archive.s3.amazonaws.com/records/csv.gz/locationid=6931/year=2019/,members-sha256:0a6ae7e8539b36a90f47658e2c6493a57d4b45145d2766a3fbd75c1e3e881c40,2026-09-26T06:00:13+00:00,b34cb86b20cf5e042ae6ec64fa1eb14bfbb926b100f799e9cb5ae61f47bb4afe,524556,192 daily files 20190103..20191231
locationid=6930/year=2021.zip,https://openaq-data-archive.s3.amazonaws.com/records/csv.gz/locationid=6930/year=2021/,members-sha256:aa6149142f99791867c602002b9a204822dd8290f6b1c534521b30d8c41f7229,2026-09-26T06:00:14+00:00,7e512700fa507f4cc694e28750747c0e663c6f568c7ac230f1b65bffd9a613f4,281039,234 daily files 20210101..20211231
locationid=6932/year=2022.zip,https://openaq-data-archive.s3.amazonaws.com/records/csv.gz/locationid=6932/year=2022/,members-sha256:9f91dd07b468f0a75332e93ea0f10329841f67df098e7062ff5c64e09a6b8f6e,2026-09-26T06:00:17+00:00,bdbb2fbb75a95cf7adf538c31a41edd364a0ce60370e7186b2ba8c7ab0a843a5,115722,123 daily files 20220101..20221031
locationid=6933/year=2026.zip,https://openaq-data-archive.s3.amazonaws.com/records/csv.gz/locationid=6933/year=2026/,members-sha256:798751060d317ba6498f4a979d5e923d9d49278fc60bfc90dc2d6decb63ac9b3,2026-09-26T06:00:23+00:00,fbbbae6a3d9a7f68dbbfce9058f5a1721c47bda9e5f9e8b0998509d632f97688,298015,81 daily files 20260101..20260331
locationid=6929/year=2025.zip,https://openaq-data-archive.s3.amazonaws.com/records/csv.gz/locationid=6929/year=2025/,members-sha256:52d0c1a0cb7daee7ef7c84119d0a1407b1f83500fb7df09d0b3f27040694f734,2026-09-26T06:00:27+00:00,0b8cba98ccd8b57ac3bc8bd14119fe55e37c6ecb69dc8927a51d6000486ee851,1495242,315 daily files 20250219..20251231
locationid=6934/year=2022.zip,https://openaq-data-archive.s3.amazonaws.com/records/csv.gz/locationid=6934/year=2022/,members-sha256:a312de10a5a36a453f45a9789896441b922eedee9eb8323b65202b9cb4cf57ee,2026-09-26T06:00:29+00:00,485f4901257ec5e0f4294bbd96885b500a607be702c5506e3d1cc58fa40164b4,70736,68 daily files 20220101..20221031
locationid=6933/year=2022.zip,https://openaq-data-archive.s3.amazonaws.com/records/csv.gz/locationid=6933/year=2022/,members-sha256:6c6209408ef3f8c5912508d197675a961c1b3d4a5593ac5bc247954aed00c773,2026-09-26T06:00:30+00:00,4ea87bdf8a05f3e79b3c980474460d033bd0bbdc6676d9d008b33a8268d6924c,116197,121 daily files 20220101..20221031
locationid=6934/year=2018.zip,https://openaq-data-archive.s3.amazonaws.com/records/csv.gz/locationid=6934/year=2018/,members-sha256:46727adbe073ec0e91ed31d2fe2a8cd6f49785906100f4443e9522d9b10408db,2026-09-26T06:00:30+00:00,2c974e1086539eef5b9f779b219fbeb428a2868d6158f625ccb814b9b1101088,112416,102 daily files 20180810..20181228
locationid=6931/year=2021.zip,https://openaq-data-archive.s3.amazonaws.com/records/csv.gz/locationid=6931/year=2021/,members-sha256:8101cb921e11180959a06412c5558d8b9c10b83c59d636c684049e044767907f,2026-09-26T06:00:30+00:00,8899cadad85804b5c9d5447856fc0d5b27a6f99e801a2a3d03ae3aaa6af19cd9,245808,220 daily files 20210101..20211231
locationid=6932/year=2019.zip,https://openaq-data-archive.s3.amazonaws.com/records/csv.gz/locationid=6932/year=2019/,members-sha256:1572cf32b7ff2071af272e6c050dfaf303f6dbf868d8028291e8c7cc3bd86a28,2026-09-26T06:00:35+00:00,cd7cdd658ef85aa852bfc9c69d3ae0b1adb8b12e5847abf6652ce4424c90ec74,422446,189 daily files 20190103..20191231
locationid=6933/year=2019.zip,https://openaq-data-archive.s3.amazonaws.com/records/csv.gz/locationid=6933/year=2019/,members-sha256:c9e29d0e6a3be535ae3ac64c27ce6201c4017a677e2d9e16449e4e3acf94454c,2026-09-26T06:00:36+00:00,f6ed1610bc1632e936c9683ebee1f07aee152fdf18a77e03c4e4ac777e9c13f2,308804,163 daily files 20190103..20191231
locationid=6930/year=2020.zip,https://openaq-data-archive.s3.amazonaws.com/records/csv.gz/locationid=6930/year=2020/,members-sha256:19b7754a89edd9018cc2785a07e60be5f153865686d6ca97d7b8d62ac4f67abe,2026-09-26T06:00:41+00:00,dd485e49f14cd1ef3b0edbbf8cd198f4b2b38620103b642d1075893042bf331a,511336,329 daily files 20200101..20201231
locationid=6934/year=2026.zip,https://openaq-data-archive.s3.amazonaws.com/records/csv.gz/locationid=6934/year=2026/,members-sha256:03f2e4fecac4062285a55bec2f0e0d4bbcd837139610b30badc4a679b24d2930,2026-09-26T06:00:42+00:00,73eb41197c61da0335a1ee13c23e272d3771445e3bfd5b882e1d388b675c821a,438424,81 daily files 20260101..20260331
locationid=6932/year=2021.zip,https://openaq-data-archive.s3.amazonaws.com/records/csv.gz/locationid=6932/year=2021/,members-sha256:18de80785ab4a3e69f105064283023c0c7539fd20fcd37f120ce568716a50d44,2026-09-26T06:00:47+00:00,66f09266fa697e2a473d4b3787f49b7a7da3a4b824a631a206fb650987a9c20d,236183,223 daily files 20210101..20211230
locationid=6935/year=2025.zip,https://openaq-data-archive.s3.amazonaws.com/records/csv.gz/locationid=6935/year=2025/,members-sha256:aa1e38d675011f9278a2879942eaef67f91969f4a285d2d524b0d32147379ad0,2026-09-26T06:00:58+00:00,468ab731d874abd1d188489c47461e715ab581067e522f306b26f48dbc698706,358170,67 daily files 20251019..20251231
locationid=6935/year=2026.zip,https://openaq-data-archive.s3.amazonaws.com/records/csv.gz/locationid=6935/year=2026/,members-sha256:b13f55be4cb25dce71c694a5cd1633997925464be267e55eefe52c01d17aea16,2026-09-26T06:00:59+00:00,421e7af6e8bbe49bce6a1f3928a0d568a74fa43ca0f86a9c07ae322c09e92355,403568,76 daily files 20260101..20260331
locationid=6934/year=2021.zip,https://openaq-data-archive.s3.amazonaws.com/records/csv.gz/locationid=6934/year=2021/,members-sha256:6dd02d67dc6d3162fefd7459867db013055a44ce1d785b165833b57710c6b196,2026-09-26T06:00:59+00:00,89d7fda5d0a9e36aa755e3df33b6d3779a95086559a8a1fe18466a7bdcdfd4cc,197480,157 daily files 20210101..20211231
locationid=6933/year=2021.zip,https://openaq-data-archive.s3.amazonaws.com/records/csv.gz/locationid=6933/year=2021/,members-sha256:75bea330c859a45ca245ee7295af32981a83ff7e131a898f3fa90e8b6c7ac5de,2026-09-26T06:01:01+00:00,5ff8ee340cc21d8d3aada816c53e4b17d8a5d3cbead1f08eaa2b83f6fe547c64,221391,223 daily files 20210101..20211231
locationid=6931/year=2020.zip,https://openaq-data-archive.s3.amazonaws.com/records/csv.gz/locationid=6931/year=2020/,members-sha256:8e30a08e0fdf86c07d725f2aa3f66ee8b37bb6bda4ef7130dab508c2161aeeed,2026-09-26T06:01:05+00:00,3ea15929a664967095d49cdcfe39100cf0aa969f633389299c791e802fd45a73,510641,323 daily files 20200101..20201225
locationid=6934/year=2019.zip,https://openaq-data-archive.s3.amazonaws.com/records/csv.gz/locationid=6934/year=2019/,members-sha256:ffaa3f36e82618ea2734c4682ec8484ad40cc6529311586c6fd15d46c44920c7,2026-09-26T06:01:05+00:00,14fa0e5ea8c04280a29a4a5f39e7cf7dad70ad601df5bb07cdf7b3664ea40766,384858,191 daily files 20190103..20191231
locationid=6935/year=2022.zip,https://openaq-data-archive.s3.amazonaws.com/records/csv.gz/locationid=6935/year=2022/,members-sha256:feccca6b0740f606ff1f815676d283aa086fd7c6cba3992ce5f47b7c2052089f,2026-09-26T06:01:10+00:00,40cfb8650bc12163411cc282eadcdb885926b68f8be8f4ff1e934e4ef397326c,132101,119 daily files 20220101..20221031
locationid=6936/year=2026.zip,https://openaq-data-archive.s3.amazonaws.com/records/csv.gz/locationid=6936/year=2026/,members-sha256:7ffcbfff8762d8573fd43a4387882dc0e2dcb494846255d887aafeacd57fb3e9,2026-09-26T06:01:13+00:00,2b3a9ede6dc9aa6a0c9e73d745bd31e8db7fa437d76c334403e5152314198a09,385074,73 daily files 20260101..20260327
locationid=6931/year=2025.zip,https://openaq-data-archive.s3.amazonaws.com/records/csv.gz/locationid=6931/year=2025/,members-sha256:98a0526a7f45beb1b77e2d26da69f18c2d05543e694f9511032e617d1e3b60eb,2026-09-26T06:01:14+00:00,6a77b04813de9707a9a0574b769b90031b3d8017963515e23ea5d7b769e1f907,1504197,312 daily files 20250219..20251231
locationid=6938/year=2018.zip,https://openaq-data-archive.s3.amazonaws.com/records/csv.gz/locationid=6938/year=2018/,members-sha256:3cdd4920775d471e69b3fed3f1d23c31a62189dbe91bdd15dadb3f07f55b077c,2026-09-26T06:01:14+00:00,12ccd3963383a5c2cba27a3e2a43396d3cb6202f626e66b50c5fe6d040bd4bca,24539,12 daily files 20181214..20181231
locationid=6936/year=2022.zip,https://openaq-data-archive.s3.amazonaws.com/records/csv.gz/locationid=6936/year=2022/,members-sha256:d2f8af794be191805ec97e1b4a8af763449c3642ab0eb1be1ca8e6b9cf4c7a67,2026-09-26T06:01:16+00:00,d13e71039b35cd3d2daa4577c090c4200bd91ff43aa66705688983b5264c8a72,115993,100 daily files 20220101..20221031
locationid=6936/year=2025.zip,https://openaq-data-archive.s3.amazonaws.com/records/csv.gz/locationid=6936/year=2025/,members-sha256:bedbc99a28e5828575dcd4dceda1ce49cdb75b3a24c93bfabe9e21ae7396fe12,2026-09-26T06:01:21+00:00,a5858a266eb3e0473dd951965e750900ed51dd6330195a96372bfa9da540175e,526573,94 daily files 20250928..20251231
locationid=6932/year=2020.zip,https://openaq-data-archive.s3.amazonaws.com/records/csv.gz/locationid=6932/year=2020/,members-sha256:df8433633b47be1bbf2d43941a0fdff1c40f368d5eb8d98e3b9265ea893261fd,2026-09-26T06:01:26+00:00,9b39f0d16d559401eb071ce3054860281e21bf09eaa326fed5f52f424f5f6920,447620,331 daily files 20200101..20201231
locationid=6932/year=2025.zip,https://openaq-data-archive.s3.amazonaws.com/records/csv.gz/locationid=6932/year=2025/,members-sha256:cd0f582da36c26d81ce7d083bc635b0674a6f4629f28ad3015cb90a5860a285a,2026-09-26T06:01:29+00:00,93a114973e49c577eb493a3fe90cb8d5a0c91bec83a1102f784dff13e3dc0a4c,1370931,315 daily files 20250219..20251231
locationid=6935/year=2019.zip,https://openaq-data-archive.s3.amazonaws.com/records/csv.gz/locationid=6935/year=2019/,members-sha256:f26c4f46f0b9fbcf70dd6e93ef61d1b4b40c5c58aba44ffbe742c904f566fdd9,2026-09-26T06:01:32+00:00,b12cfc44328672c6840e1a861a107116f934058a252606e68c8f6e2769409e3a,574091,195 daily files 20190212..20191231
locationid=6937/year=2026.zip,https://openaq-data-archive.s3.amazonaws.com/records/csv.gz/locationid=6937/year=2026/,members-sha256:70b3625449d67f79f7ebaf4ac5d32060da0b4709dfd2d86c57cbe3ac24f7293f,2026-09-26T06:01:34+00:00,d96587e2d10060d3ccdc84c5e1fca294b8d2793439c2c87206e005908103e625,490671,80 daily files 20260101..20260331
locationid=6937/year=2022.zip,https://openaq-data-archive.s3.amazonaws.com/records/csv.gz/locationid=6937/year=2022/,members-sha256:b3850c15a4bf4822a045330675a48aab39f2e3e3ff96146efea9d3223e3d958f,2026-09-26T06:01:36+00:00,07f14d306465cfec2889e5f11b044c326a38966c0fc85c42085a67aef6c0f213,109091,96 daily files 20220101..20221031
locationid=6936/year=2021.zip,https://openaq-data-archive.s3.amazonaws.com/records/csv.gz/locationid=6936/year=2021/,members-sha256:8326d7c5644a91eed5c5d3fed429303c49488745e05ee1da2e5776774f7d13c6,2026-09-26T06:01:37+00:00,498b2c696a5f1d27d34ef05b7c9e908ebccd6ed07c4549343d3b5e146d1f3547,234595,158 daily files 20210101..20211231
locationid=6933/year=2020.zip,https://openaq-data-archive.s3.amazonaws.com/records/csv.gz/locationid=6933/year=2020/,members-sha256:592db06c5b311d025284910256b2372611f03bc047a82233b811e72188d77b82,2026-09-26T06:01:38+00:00,206b2ddd1e27030bd61695ebd5f14f5a2046f9eb36b4e362f31869189bdc3f2b,406717,324 daily files 20200101..20201231
locationid=6933/year=2025.zip,https://openaq-data-archive.s3.amazonaws.com/records/csv.gz/locationid=6933/year=2025/,members-sha256:b2f800bb85f0ce69203572d06742d95bd3d0abc76d35e9a5edc7590970668844,2026-09-26T06:01:40+00:00,564ec710fd938de882c0415e1af20f5e26f5e4ab71c9a8ae9311e9fed63a0f9c,972810,302 daily files 20250219..20251231
locationid=6936/year=2019.zip,https://openaq-data-archive.s3.amazonaws.com/records/csv.gz/locationid=6936/year=2019/,members-sha256:26f7a987294d729a704ad9bdcdfc9ca130d72a8d2a73e4cab26a8fcaa53fd8c5,2026-09-26T06:01:42+00:00,acc63ce009067d08de6708ef02b41b72e50ba8883d2d485ffa959bf6ed2c132f,574429,191 daily files 20190212..20191231
locationid=6934/year=2020.zip,https://openaq-data-archive.s3.amazonaws.com/records/csv.gz/locationid=6934/year=2020/,members-sha256:9b359aa5346a3da78a97eb6a679a08140732dea9c690b37f4cf9bb904e748cc5,2026-09-26T06:01:46+00:00,9038014d3d581a9a586c0a82c57279ab6ddd9d3d208632f0a3536a94485d1545,423781,311 daily files 20200101..20201226
locationid=6938/year=2026.zip,https://openaq-data-archive.s3.amazonaws.com/records/csv.gz/locationid=6938/year=2026/,members-sha256:7dbb4aaa72b148dc596e6990ac522a4c692668f023cedee14dec543ab9d53bbc,2026-09-26T06:01:50+00:00,1fe19187b2e57dfc1e8b1df36af5a37d4e78257897c1cb3625c3c7f394e27feb,418863,81 daily files 20260101..20260331
locationid=6935/year=2021.zip,https://openaq-data-archive.s3.amazonaws.com/records/csv.gz/locationid=6935/year=2021/,members-sha256:c57b935a969ff55f1995ec24d89c17c3328818ef3557e9de9d13191a71fb5afb,2026-09-26T06:01:52+00:00,2eff98511e6d334a81dfb4c7139a0e6f4d44ad9029fd16aa081a11ae11e77eb6,296289,246 daily files 20210101..20211231
locationid=6938/year=2022.zip,https://openaq-data-archive.s3.amazonaws.com/records/csv.gz/locationid=6938/year=2022/,members-sha256:c121d14f66a5c4b5858b7289fe17dc5d0c255e7e79032017320f0c4f9bf045d8,2026-09-26T06:01:56+00:00,d6ab11f056dd929b0f4fed99322374f4d6bd67db50dbb1e0f9ff9c7f766bd301,128195,121 daily files 20220101..20221031
locationid=6937/year=2019.zip,https://openaq-data-archive.s3.amazonaws.com/records/csv.gz/locationid=6937/year=2019/,members-sha256:75bbfb67c0f07c08c318edc13429c0bf0c604c5ccd59d0ed7b47eec2f256a07a,2026-09-26T06:01:59+00:00,fc46bd5a7e2a995613b6f60458e46eaaf0028d56104f6387160b38a8ba61ade0,494419,187 daily files 20190212..20191231
locationid=6934/year=2025.zip,https://openaq-data-archive.s3.amazonaws.com/records/csv.gz/locationid=6934/year=2025/,members-sha256:7469c58b2d6a1196a778bef72ba31d8e81ee5d14c8aef9135446bc0962365687,2026-09-26T06:02:02+00:00,4b9a3d3364e9a750357335a146f1da048421d3f5fa3d24a363fcb821b0d34a9d,1485598,314 daily files 20250219..20251231
locationid=6939/year=2018.zip,https://openaq-data-archive.s3.amazonaws.com/records/csv.gz/locationid=6939/year=2018/,members-sha256:4f18b62a6fdb139cace9ad4068f0178ec25559274689ed17590a5a3429007920,2026-09-26T06:02:04+00:00,f79658ab870d50df9c967b003eaff446bd88941a56189586bddef846e8e205e5,150527,98 daily files 20180810..20181119
locationid=6939/year=2026.zip,https://openaq-data-archive.s3.amazonaws.com/records/csv.gz/locationid=6939/year=2026/,members-sha256:68529e5914e7f9304d1532fab57f7b44fb46352b44e15ac02c69a9bd5564c6b2,2026-09-26T06:02:08+00:00,8c8f685f44fdd86b36c73b905113f7bacba218a8907d2fcb4295c146c7657a3e,404377,81 daily files 20260101..20260331
locationid=6939/year=2022.zip,https://openaq-data-archive.s3.amazonaws.com/records/csv.gz/locationid=6939/year=2022/,members-sha256:750d4af6c607408ad244ae74d6964057a2dda1a68cb9c7673ad0a9b0b3ef0a0b,2026-09-26T06:02:12+00:00,725f5c27964397cf8d37966ef70e8aa448906e05cede830aa732846bde887dfc,109575,104 daily files 20220101..20221031
locationid=6938/year=2019.zip,https://openaq-data-archive.s3.amazonaws.com/records/csv.gz/locationid=6938/year=2019/,members-sha256:9863bff2a872b50d31dc916e6a3b96dddde2187801aa9600b05fede614c0878b,2026-09-26T06:02:18+00:00,139571c7855aaa0b493127cff52b5d4fbcec7c93847c17056bd92283c5ee04b3,456324,193 daily files 20190102..20191230
locationid=6935/year=2020.zip,https://openaq-data-archive.s3.amazonaws.com/records/csv.gz/locationid=6935/year=2020/,members-sha256:e620b011a7fff9f434d250e8b84c5a23dde279a446e2966ec52732d45050f4b6,2026-09-26T06:02:20+00:00,c9c8419e92e0fc66669e88aa9ca8431535e76887c9d2bd9170e714e9ad0f41ad,555991,342 daily files 20200101..20201231
locationid=6937/year=2021.zip,https://openaq-data-archive.s3.amazonaws.com/records/csv.gz/locationid=6937/year=2021/,members-sha256:046fb11240af7aaacec4dd5c97c6a6a1c80dd1b9786ea7dea9c93d4a748e6047,2026-09-26T06:02:20+00:00,43cd62da50b58ac01f52e354ca2634ac45de0edfe7502978ff0b66fe3b490874,279776,229 daily files 20210101..20211231
locationid=6940/year=2018.zip,https://openaq-data-archive.s3.amazonaws.com/records/csv.gz/locationid=6940/year=2018/,members-sha256:36a6a2e79eb984e726845cc604348bdf94c06a7a8b3d4728dff7e43bfb4ffbfe,2026-09-26T06:02:22+00:00,89a537206883270ccc4572461cc069bb2761b5b60cbfc57a6b57a40ee6ea59a2,287111,123 daily files 20180418..20181119
locationid=6938/year=2021.zip,https://openaq-data-archive.s3.amazonaws.com/records/csv.gz/locationid=6938/year=2021/,members-sha256:bbfecdc1725e17dc1aecb144cafc4c8634583d7ceb3fac88d3e66b3c2156f401,2026-09-26T06:02:25+00:00,81e84095431e5e97dd924818c305bf611fcdeac480b3df8dc12357d6e5ef7a6e,227546,208 daily files 20210103..20211230
locationid=6936/year=2020.zip,https://openaq-data-archive.s3.amazonaws.com/records/csv.gz/locationid=6936/year=2020/,members-sha256:419841c38bd2534cc5e607c8de19c3f6f5ebf53f25245a3f85030d2036c326a1,2026-09-26T06:02:28+00:00,490b8d0b5abf8d51eba68e99c1edf31d0e7a34eca4cf2976379a7071708c7433,503486,320 daily files 20200101..20201231
locationid=6940/year=2022.zip,https://openaq-data-archive.s3.amazonaws.com/records/csv.gz/locationid=6940/year=2022/,members-sha256:c7a722d62976bfb2e7c12d77cc22c25ba27dd6ab944e979573dbdf7c0fbf7a83,2026-09-26T06:02:28+00:00,92ae502a2695d3b7ccd293492a98321c4d7883e7684cccdd66a43d9cc15781c2,128707,103 daily files 20220101..20221031
locationid=6940/year=2026.zip,https://openaq-data-archive.s3.amazonaws.com/records/csv.gz/locationid=6940/year=2026/,members-sha256:1858e7acbbba2fe0843221b300b3af06aa82304e5c014355e508f577e9eb2b9d,2026-09-26T06:02:28+00:00,d6456d1eaccb83efc4b6884b833aa1f37d334077935066113ebd870436d15ab0,487006,81 daily files 20260101..20260331
locationid=6939/year=2021.zip,https://openaq-data-archive.s3.amazonaws.com/records/csv.gz/locationid=6939/year=2021/,members-sha256:0b0dc62b467288091d88d0ba06062c346b86191ebea2e4d75574f6bf00666ac5,2026-09-26T06:02:32+00:00,78bbc4f32bc5edbf8308c308904a67eeb1e7fa06f0243757c24fa666e7e61f04,182966,155 daily files 20210103..20211231
locationid=6939/year=2019.zip,https://openaq-data-archive.s3.amazonaws.com/records/csv.gz/locationid=6939/year=2019/,members-sha256:70ffd074c4e2fa34458d7cf2a9d5a7acc0ed64b2b66bba21aa636964d403de66,2026-09-26T06:02:34+00:00,e77076923145ab7ac2c9f6683261ac3279c074ff801459f0a316eb6b2fdc2522,477753,191 daily files 20190103..20191231
locationid=6940/year=2021.zip,https://openaq-data-archive.s3.amazonaws.com/records/csv.gz/locationid=6940/year=2021/,members-sha256:0f81e94d94a45cc2f36e3eba990429357e94d5d388196150db910f06503a34d5,2026-09-26T06:02:40+00:00,7268ef3af8ac05539003fe29fb29c85b9e35df315aa283efd5d63bc2a7bd8ffe,225341,146 daily files 20210102..20211231
locationid=6937/year=2020.zip,https://openaq-data-archive.s3.amazonaws.com/records/csv.gz/locationid=6937/year=2020/,members-sha256:7d36d37c7f59dac212e0cd77d09809eb83bcd043e3a5f72b82f4c414c6482678,2026-09-26T06:02:51+00:00,fc0fcd98e1cbaa756d585feb170fbd3fb4ba138b58305ef8c06d460f167421ae,517858,333 daily files 20200101..20201231
locationid=6942/year=2026.zip,https://openaq-data-archive.s3.amazonaws.com/records/csv.gz/locationid=6942/year=2026/,members-sha256:9800f0edb14ade9d416b43b41ccd976d28d6c983ed040ce511bd9532fe632ece,2026-09-26T06:02:51+00:00,120aae30eaa69312ffe626c03a26bb34a223384190ca46fc35d96a7680560f64,519467,81 daily files 20260101..20260331
locationid=6940/year=2019.zip,https://openaq-data-archive.s3.amazonaws.com/records/csv.gz/locationid=6940/year=2019/,members-sha256:32e657d5733e94c403fe8f91db2a911a62d170dfe89c43d8e68cee2e265b6b9b,2026-09-26T06:02:53+00:00,121d1d4caa7a9f2acfa80c848069a1fc2f50cda6da98f5e31bf82fd252239fc1,589778,195 daily files 20190103..20191231
locationid=6937/year=2025.zip,https://openaq-data-archive.s3.amazonaws.com/records/csv.gz/locationid=6937/year=2025/,members-sha256:0e72bf0695ca659e25b8df680dc523e82590b72b6307abfd9baaaacde6c8f9a6,2026-09-26T06:02:54+00:00,eb951695068dd0b15aa11d8450d3c24754294f7b4d51b65f4481aef624be41cc,1470438,312 daily files 20250219..20251231
locationid=6943/year=2022.zip,https://openaq-data-archive.s3.amazonaws.com/records/csv.gz/locationid=6943/year=2022/,members-sha256:b2a31fa034892a1b6137681b796a50e7feddbab32a86f8408a57b932d72dba02,2026-09-26T06:02:59+00:00,d4d50146fa71d28412477ce65f76e2ad46ca997075b1abaf9569cf3f416b419e,94189,90 daily files 20220101..20221016
locationid=6938/year=2020.zip,https://openaq-data-archive.s3.amazonaws.com/records/csv.gz/locationid=6938/year=2020/,members-sha256:2ab241c79721630d9915e48f339f122d71b07b2aad65f74dc183b7ac31b5926e,2026-09-26T06:03:00+00:00,e79919c84c092b468b5db51c0709c098e1487a5835e8a95d0c5214e0a92cd164,483308,308 daily files 20200101..20201214
locationid=6942/year=2022.zip,https://openaq-data-archive.s3.amazonaws.com/records/csv.gz/locationid=6942/year=2022/,members-sha256:9aaff289cff0097739fc517c5d1975022ef4c0d0015c7ded57718b9fbbd1e8c5,2026-09-26T06:03:00+00:00,c7b6a56171182d5566adfa3f01b0b43d598ec3b651438ad06105ed11940b6ec0,127593,118 daily files 20220101..20221031
locationid=6943/year=2026.zip,https://openaq-data-archive.s3.amazonaws.com/records/csv.gz/locationid=6943/year=2026/,members-sha256:0a8cafaabaa331e76da9dbe1fb6d6718006d37859f78c5c68b03f2c1b5049197,2026-09-26T06:03:01+00:00,6984afef1096dc7a875909f1b99070f5e3cdf3c6018d34247cbac2ff0bfc1eab,276540,80 daily files 20260101..20260331
locationid=6938/year=2025.zip,https://openaq-data-archive.s3.amazonaws.com/records/csv.gz/locationid=6938/year=2025/,members-sha256:377fa391cd80a6e3a06658ddaa7da79c5fb9fc66bef375c2680c40f30ea51cc3,2026-09-26T06:03:07+00:00,a1542c20d8ff0be4002f1a904e782cbbd7b8d44d3cbe133ea8b407334c16644b,1407499,315 daily files 20250219..20251231
locationid=6941/year=2019.zip,https://openaq-data-archive.s3.amazonaws.com/records/csv.gz/locationid=6941/year=2019/,members-sha256:7c7aa58afdce397df8d8a7d0f3b1f6ab272265e3266345ccc726ad90805319af,2026-09-26T06:03:10+00:00,8f9ac32fae2f18f1c1db9f7853e642e907736651dfc3974824c7b4f9b55dce99,471180,182 daily files 20190427..20191224
locationid=6939/year=2020.zip,https://openaq-data-archive.s3.amazonaws.com/records/csv.gz/locationid=6939/year=2020/,members-sha256:86803fb70e639079095eda1e06d57a6e3b7f2f09541278cf5c4773a1510f0ea0,2026-09-26T06:03:15+00:00,4f70d14c79e6430f4596823256c4267cf43ac88c1cd06356819ddc0a6972ff3e,456514,299 daily files 20200101..20201231
locationid=6942/year=2019.zip,https://openaq-data-archive.s3.amazonaws.com/records/csv.gz/locationid=6942/year=2019/,members-sha256:e3f930c026ebd5e85b6d37daa9092317b8ea5e20dbe979b346676f68c09a0c1a,2026-09-26T06:03:20+00:00,009a2baf223896e85d866daa10787fa0a8393d37b7f53c19489e350ceccfd130,530997,193 daily files 20190212..20191231
locationid=6944/year=2026.zip,https://openaq-data-archive.s3.amazonaws.com/records/csv.gz/locationid=6944/year=2026/,members-sha256:543e077eb69199a19d0e5ad1c8ad1e6a4d391beebf9328fe1881d2da9debb436,2026-09-26T06:03:22+00:00,05557114c4bb87c19053c0edf5b283b86bee98f5bd823b726e0479241d0de045,384663,70 daily files 20260101..20260331
locationid=6943/year=2021.zip,https://openaq-data-archive.s3.amazonaws.com/records/csv.gz/locationid=6943/year=2021/,members-sha256:e54ba0e9acc43fb14f202436a553b20538b2d0aec203b3ba83021f54a8a418e1,2026-09-26T06:03:23+00:00,9ce654432df19bfb37df7888b01b00370378e5f7fb657a4999fac82ac93506ff,200505,151 daily files 20210101..20211231
locationid=6944/year=2025.zip,https://openaq-data-archive.s3.amazonaws.com/records/csv.gz/locationid=6944/year=2025/,members-sha256:5ca6afd5699512ed3048eb3e896836d6fcf011b46eaa118041deb797727e386a,2026-09-26T06:03:29+00:00,8151b33e47ba72c22e4c05c788a56d9284448cdea8f1ba00d6a8070486e1207a,472937,96 daily files 20250220..20251231
locationid=6944/year=2022.zip,https://openaq-data-archive.s3.amazonaws.com/records/csv.gz/locationid=6944/year=2022/,members-sha256:d5e5f929fd35bc75e4b7d93d377de888e413cf1d45e3465a7e1370a9f4bce782,2026-09-26T06:03:29+00:00,a384a9038fd21ee25772b6e8061a4ff05719058b6709894552434768f21fee6a,112851,103 daily files 20220101..20221031
locationid=6939/year=2025.zip,https://openaq-data-archive.s3.amazonaws.com/records/csv.gz/locationid=6939/year=2025/,members-sha256:42edced42bdb55cc00571050c8398d513e32c8f92ae481ce98e017ee985e6b38,2026-09-26T06:03:29+00:00,2171b4ab881b5e36a9d44532e1d167f3a6e363a1825e1663828a223b328efe39,1490326,310 daily files 20250219..20251231
locationid=6943/year=2019.zip,https://openaq-data-archive.s3.amazonaws.com/records/csv.gz/locationid=6943/year=2019/,members-sha256:0738887b5a03f0ca427f462f0e4ce3405e3cf197fda6c8c4896c6f8c8db8a7dc,2026-09-26T06:03:30+00:00,7f4ab6669f2aa8168b8695e56a6a2cad0dd500ae5d6672e65cf63d3c61233b77,443419,174 daily files 20190627..20191231
locationid=6945/year=2022.zip,https://openaq-data-archive.s3.amazonaws.com/records/csv.gz/locationid=6945/year=2022/,members-sha256:49cc989a976fe803d1275d49ab80fdd421661a41172633b90d58b5afc9b775fb,2026-09-26T06:03:35+00:00,522d3c680270754de56012c8c97974b785563794b840304082139e7f8d7c57c5,93606,90 daily files 20220101..20221031
locationid=6940/year=2020.zip,https://openaq-data-archive.s3.amazonaws.com/records/csv.gz/locationid=6940/year=2020/,members-sha256:946c1cd34a5ec5455b3d08bbbccb4b0f56c6040823ca60cbe6bf48d8bec03794,2026-09-26T06:03:36+00:00,bdbc11215744494d1bcfcf397fbd3aaa9c7fd925ea280df6a11d8306c9e8b2b4,545125,316 daily files 20200101..20201214
locationid=6945/year=2026.zip,https://openaq-data-archive.s3.amazonaws.com/records/csv.gz/locationid=6945/year=2026/,members-sha256:4bd6417e68cee87f22ae3a7ee0bf25fe0c0044cacb102255d0843918d2522dad,2026-09-26T06:03:37+00:00,62d34b153d2d9b6eec2c04d630b6dbeaa4de15539c87eda40df9b8b9d1c71240,356931,74 daily files 20260101..20260331
locationid=6942/year=2021.zip,https://openaq-data-archive.s3.amazonaws.com/records/csv.gz/locationid=6942/year=2021/,members-sha256:57af31cb4350a96f3efa5a215115c3bd94d49ee4bfa2b569270bac5c062e141b,2026-09-26T06:03:42+00:00,075f03c94150d4409f042fbdaa64a7788db874370b38a6bd849f33deec5916fe,305048,249 daily files 20210101..20211231
locationid=6944/year=2019.zip,https://openaq-data-archive.s3.amazonaws.com/records/csv.gz/locationid=6944/year=2019/,members-sha256:628e2abd592780b41811e016a45f978be13f99a02b676348fb473ec3503d61e6,2026-09-26T06:03:43+00:00,6106a0bf1f24d1a41ec6ace1bc36811a151321fafdce014af30539ecca4450df,540170,191 daily files 20190212..20191231
locationid=6940/year=2025.zip,https://openaq-data-archive.s3.amazonaws.com/records/csv.gz/locationid=6940/year=2025/,members-sha256:22af45219ac180496f5b94c370863f4f379ac426072f49e6db7155a9b8a58191,2026-09-26T06:03:51+00:00,bf33f004e944723380f01fba7cebad2c8b097bbcba6a712a31952c98983ad2f6,1695139,314 daily files 20250219..20251231
locationid=6946/year=2022.zip,https://openaq-data-archive.s3.amazonaws.com/records/csv.gz/locationid=6946/year=2022/,members-sha256:61b83a10e4c46dc93cbfaa92cdf4d9a82e7517fe7dd8b021d44fefd8964632a4,2026-09-26T06:03:54+00:00,ff2fe4cd068b3e24af310fda13e68bac578d62500e313e80fe4b2762a4085139,99492,86 daily files 20220101..20221031
locationid=6945/year=2021.zip,https://openaq-data-archive.s3.amazonaws.com/records/csv.gz/locationid=6945/year=2021/,members-sha256:a02342ec9f7edc8dd4b07bce91650877a67481a412a6f320435138bea4fae45a,2026-09-26T06:03:54+00:00,3fe37d1744afbfeb5f9715c5447ee5315afe510edd99277a4bc2c95b61b15a27,160855,150 daily files 20210101..20211231
locationid=6946/year=2026.zip,https://openaq-data-archive.s3.amazonaws.com/records/csv.gz/locationid=6946/year=2026/,members-sha256:5adb1caa6fe27d23a965b217bdff38f94edcb4e164f7d28c8edeb31e6129e4f7,2026-09-26T06:03:59+00:00,089a94fb82938f3e13efd8edcf85f1b835257b0897bfa14652569a363e91d891,546127,81 daily files 20260101..20260331
locationid=6942/year=2025.zip,https://openaq-data-archive.s3.amazonaws.com/records/csv.gz/locationid=6942/year=2025/,members-sha256:829f09c52cfe9b9b4fe06c623b7a3460942d825a665b7961ce7f47c97e8418a0,2026-09-26T06:04:04+00:00,b225aff18899e5811c1c158870d3c3e028dd3836cebc9bd7c94016a51cfd9670,1375784,301 daily files 20250219..20251231
locationid=6945/year=2019.zip,https://openaq-data-archive.s3.amazonaws.com/records/csv.gz/locationid=6945/year=2019/,members-sha256:050ca74d73ae30fe81e177ba44519b182ee3b38dba649771d1702177b5cce778,2026-09-26T06:04:05+00:00,8e0a7efca8722ece0fa8199e3fd07b4052d3cb380091742bd12746349c9914ff,477416,182 daily files 20190619..20191231
locationid=6947/year=2022.zip,https://openaq-data-archive.s3.amazonaws.com/records/csv.gz/locationid=6947/year=2022/,members-sha256:bf9d9de7351a242b24ccb55c6f8f44b662ce727ed2341a9067c7af7d2cf8b469,2026-09-26T06:04:09+00:00,3fbc3aa52a93af0171095e5ecb159978fde1079c975caa3d14f1b1ffa37ecfdf,108582,96 daily files 20220101..20221031
locationid=6942/year=2020.zip,https://openaq-data-archive.s3.amazonaws.com/records/csv.gz/locationid=6942/year=2020/,members-sha256:76d327e31a5323a5a620848468d354556d2617a2c45daeb63595fc78aa4a56bd,2026-09-26T06:04:09+00:00,307bd36c1834ee2c1359be591dd4d9d564c5c1aa7595ff930899ef439a36bc64,494085,337 daily files 20200101..20201231
locationid=6944/year=2021.zip,https://openaq-data-archive.s3.amazonaws.com/records/csv.gz/locationid=6944/year=2021/,members-sha256:ee1ef3986d5c48911062a1210c56384f96e388c53c586ba0017e754ab41e1248,2026-09-26T06:04:09+00:00,5440356abad25472698a1e9f54c11223576eb0794a26daca21da4f76de0d9cc9,271018,230 daily files 20210101..20211231
locationid=6947/year=2026.zip,https://openaq-data-archive.s3.amazonaws.com/records/csv.gz/locationid=6947/year=2026/,members-sha256:45189fb525502def3b1bacd77b7a8e7f9264bcaf6b0a08f82a63ca5e9bf6f4c4,2026-09-26T06:04:11+00:00,64d3535651e56eb33aa8445b7fcdf3f3ae484d68598ba817ba3d89dacb9300ec,434681,81 daily files 20260101..20260331
locationid=6947/year=2025.zip,https://openaq-data-archive.s3.amazonaws.com/records/csv.gz/locationid=6947/year=2025/,members-sha256:f47f0d2f8f5b67a3024f7c178506fcf5ceb64401ee9a7f6d509d12f92645d20f,2026-09-26T06:04:12+00:00,dfa1bda8f8c0f7600207325ee90953276b1c30361cff1034a4c895b2a3f216f2,500640,94 daily files 20250926..20251231
locationid=6943/year=2025.zip,https://openaq-data-archive.s3.amazonaws.com/records/csv.gz/locationid=6943/year=2025/,members-sha256:5919019d59de9960fb6de8b219ca433cbb8839bd4e029a35f068847241789db2,2026-09-26T06:04:16+00:00,370b30d86b37dca14cd167416219e734c7b7f6791f799d9f98c6df524f53510e,1105891,306 daily files 20250219..20251231
locationid=6943/year=2020.zip,https://openaq-data-archive.s3.amazonaws.com/records/csv.gz/locationid=6943/year=2020/,members-sha256:86678f1ea9aec3d8ebf1f1447cb0cbcba424e90c0c92fff0b4aff967b6c5245d,2026-09-26T06:04:20+00:00,3cfbc09ddfdfe4fe3cb6d3c9a66035e1bfac409b449f7398975dddd545f95da1,511795,322 daily files 20200101..20201231
locationid=6946/year=2019.zip,https://openaq-data-archive.s3.amazonaws.com/records/csv.gz/locationid=6946/year=2019/,members-sha256:2c8132a19f35a0098ffdc83873b46099487cc77c129c1f607cf4b7b16383e7c3,2026-09-26T06:04:21+00:00,7b4b00eee261a7322725fd53e897294c69b53b753b3cdbbc78faa6e71733101a,493399,176 daily files 20190619..20191231
locationid=6948/year=2026.zip,https://openaq-data-archive.s3.amazonaws.com/records/csv.gz/locationid=6948/year=2026/,members-sha256:29beffc1fb2d1d30c0927f43953eaaaea3a0e551907df59ec60864a8b84274a3,2026-09-26T06:04:28+00:00,d6defa63121d3233b5c8c21b1421dd28ec1e64d715d134ba021aff578d9ded09,307990,66 daily files 20260101..20260331
locationid=6948/year=2022.zip,https://openaq-data-archive.s3.amazonaws.com/records/csv.gz/locationid=6948/year=2022/,members-sha256:e8ab97966edc3c218f2d49888c7640400f8e3d083dca012854da671fb9f71641,2026-09-26T06:04:30+00:00,18d666d3fc3e2afee8a96a27d62d250513962829099ef64facf2afbc0f9821e7,107346,95 daily files 20220101..20221031
locationid=6947/year=2021.zip,https://openaq-data-archive.s3.amazonaws.com/records/csv.gz/locationid=6947/year=2021/,members-sha256:32331d5e2a4cb6f65bf63e3c2742400282b986be2dc71c989a39c0872c9b27fe,2026-09-26T06:04:31+00:00,664d730552b6b8d7d7182736b3974da9e5824c5986316acb253bffbf0286dc64,215658,158 daily files 20210101..20211231
locationid=6947/year=2019.zip,https://openaq-data-archive.s3.amazonaws.com/records/csv.gz/locationid=6947/year=2019/,members-sha256:6e58ca02763c706ced5395e9adf6ab425733b0abf1328cef1c8eb1b1f5b8b5da,2026-09-26T06:04:34+00:00,b86a747c469665273f7837dfe7c0053eeaa319ca7973ca7c6159df7f8bf5c2a9,470308,181 daily files 20190212..20191231
locationid=6946/year=2021.zip,https://openaq-data-archive.s3.amazonaws.com/records/csv.gz/locationid=6946/year=2021/,members-sha256:5de27efebb5095d9ac561f7e1659e95d78b092495d142db04f1c4369ca848236,2026-09-26T06:04:36+00:00,bf6fd8bb56a8dbf4629d768c439bc179f7dcd4949798b4e8da92b2b49793c540,268835,212 daily files 20210101..20211231
locationid=6944/year=2020.zip,https://openaq-data-archive.s3.amazonaws.com/records/csv.gz/locationid=6944/year=2020/,members-sha256:3b7525648a84b8d7951be2aeaa19f77c42a2f0d017f90f19b9e46c90c8f16ca2,2026-09-26T06:04:36+00:00,47d6e44575dfa20af6f64b72c48e309ac4a539bf6074064bc7543f9684243264,444220,332 daily files 20200101..20201231
locationid=6951/year=2020.zip,https://openaq-data-archive.s3.amazonaws.com/records/csv.gz/locationid=6951/year=2020/,members-sha256:397d01506ab9c19483f5cd0c2a594fbef13fd1b2179170dc0871d96754da0618,2026-09-26T06:04:38+00:00,48d6c8b0d1a1ada4f88f861431303d3355b49aba10a70cf6e839d40ebd0fb1e4,4317,2 daily files 20200101..20200102
locationid=6949/year=2026.zip,https://openaq-data-archive.s3.amazonaws.com/records/csv.gz/locationid=6949/year=2026/,members-sha256:74c0c13118370f5a7ae572072c5f39d6797c2ab523f07a2c42800aef2825c594,2026-09-26T06:04:42+00:00,5f06a855939e24e619fec959e512f10f4e0dfe7e69fb55cf9cb9a7f111503cdb,451819,78 daily files 20260101..20260331
locationid=6949/year=2025.zip,https://openaq-data-archive.s3.amazonaws.com/records/csv.gz/locationid=6949/year=2025/,members-sha256:3f3aa4148b8c4fb5fcec3fd9ff235dc251d0291b61c5c3af5676d3b2fa94b2bc,2026-09-26T06:04:43+00:00,6e33c6b890962d9b11986325f88edca2d64a05520f2ddea0470d3cb5b1ba5bad,423995,87 daily files 20251005..20251231
locationid=6948/year=2021.zip,https://openaq-data-archive.s3.amazonaws.com/records/csv.gz/locationid=6948/year=2021/,members-sha256:a6a36cbf679315d99c7ef23a7879b7ec834f09e9126e60c4d635ac47d86076c2,2026-09-26T06:04:45+00:00,47e16619346e7ffa6d5d4efbb61dd5018c5d570bc6b1d0aa82b6b47035a52a24,208351,149 daily files 20210101..20211231
locationid=6949/year=2022.zip,https://openaq-data-archive.s3.amazonaws.com/records/csv.gz/locationid=6949/year=2022/,members-sha256:df5ccdd7afd41ca65b3c347fcb76ceec50a9ceb3e3e4b4b7e02d08d2e2c50119,2026-09-26T06:04:46+00:00,2ed316a26e7e83ff1398e1c5ee5632ca0c93c130196dd54d443c3633fe53c30c,113206,100 daily files 20220101..20221031
locationid=6948/year=2019.zip,https://openaq-data-archive.s3.amazonaws.com/records/csv.gz/locationid=6948/year=2019/,members-sha256:49fa895b070699281f6976519efa91e99df7020bdee3b06c5dc1520561660456,2026-09-26T06:04:50+00:00,2b8337ef6f3b6d0454d6cf7db1a95cabe59400e412f155c9d172601c08c19426,485708,180 daily files 20190619..20191231
locationid=6945/year=2025.zip,https://openaq-data-archive.s3.amazonaws.com/records/csv.gz/locationid=6945/year=2025/,members-sha256:890b12978338dda3522a98c89e76a3d0324aaa8e6b8e4c735f19dbe741ad7b04,2026-09-26T06:04:52+00:00,ae095594430e077b9c3a715c7722fb4fced6d1e6520240b5b222519ea1175b12,1237311,298 daily files 20250219..20251231
locationid=6945/year=2020.zip,https://openaq-data-archive.s3.amazonaws.com/records/csv.gz/locationid=6945/year=2020/,members-sha256:56a09d13d41fa3d4b763b2d9b40c9e9e3ca417ec1a307575cbb0298911f65c88,2026-09-26T06:04:58+00:00,e17cf01d2252d94e7b82eb27105e2918c9029c95005a5dfdc2d78f009be04d56,510059,334 daily files 20200101..20201231
locationid=6950/year=2026.zip,https://openaq-data-archive.s3.amazonaws.com/records/csv.gz/locationid=6950/year=2026/,members-sha256:225b37a113a8547c883f4f629477bcc9e545897f447cffc6217993e809939eac,2026-09-26T06:04:58+00:00,1706c6fab9a1b3f677df60141225e31facf6b3dc3da0ca3253c2a64283de0962,517861,81 daily files 20260101..20260331
locationid=6950/year=2022.zip,https://openaq-data-archive.s3.amazonaws.com/records/csv.gz/locationid=6950/year=2022/,members-sha256:439ef333b811717dd01d7b6ff8c3512fff233cf6cf538ad9894feb456488a4c5,2026-09-26T06:05:01+00:00,58c357b989790fdc1899bbce29a35d6d1c5a25329c74bfe09dc9f3760fd9117c,105197,94 daily files 20220101..20221031
locationid=6949/year=2021.zip,https://openaq-data-archive.s3.amazonaws.com/records/csv.gz/locationid=6949/year=2021/,members-sha256:adebb394dbc47316e193c0941e91c7881d7f13947b5480c9c1526cbab269e104,2026-09-26T06:05:01+00:00,66f10e314658fd2661995b7f781bb9e29a2d68d6dd389cce123f5cc5d522e1d4,199957,153 daily files 20210101..20211231
locationid=6951/year=2026.zip,https://openaq-data-archive.s3.amazonaws.com/records/csv.gz/locationid=6951/year=2026/,members-sha256:90c1903496eb37285833e78a9744b875def8e09cf675ab2cfd0cc299aff64be5,2026-09-26T06:05:03+00:00,95caee2a0b48947193055e2fe1da2ee099e7aade782c5a6b8c4ae58e3ad7d649,363230,67 daily files 20260101..20260331
locationid=6951/year=2025.zip,https://openaq-data-archive.s3.amazonaws.com/records/csv.gz/locationid=6951/year=2025/,members-sha256:94237981d9163a766cdca031cde4c1b1b56b776e0c8cb4b92867ac7d3b9eac5f,2026-09-26T06:05:08+00:00,9784c9ead532010d21f94972dd881400a959914a21e3b14bb46fedbac0ad49c8,529276,89 daily files 20251001..20251231
locationid=6949/year=2019.zip,https://openaq-data-archive.s3.amazonaws.com/records/csv.gz/locationid=6949/year=2019/,members-sha256:42c3f2426b652dd003a23eacdaf76062e0b87d8a6069c5bfba2c9e8e7f972e91,2026-09-26T06:05:16+00:00,55fe7cb073951ef96fc194cee96569a1a1cb81a24abd56f7f364bd3067c8517e,580534,193 daily files 20190212..20191231
locationid=6950/year=2021.zip,https://openaq-data-archive.s3.amazonaws.com/records/csv.gz/locationid=6950/year=2021/,members-sha256:9580e8bb3ebe989ce54a510c201d42c13e0471699584d86b87e3682a845d4490,2026-09-26T06:05:19+00:00,a1a085817e00ad6476b1c14b19a39e611def64dc8d89fc715a474006cff2b9a4,224913,162 daily files 20210101..20211231
locationid=6946/year=2020.zip,https://openaq-data-archive.s3.amazonaws.com/records/csv.gz/locationid=6946/year=2020/,members-sha256:a8f80fd5cf6a23716c0ee4a1338208f5ae0515067f453e016d91202f7d9afa88,2026-09-26T06:05:19+00:00,0d0c5dde24b93189f7964132773abe172d5c654073de629fdae42a9f9106360c,529456,338 daily files 20200101..20201231
locationid=6952/year=2026.zip,https://openaq-data-archive.s3.amazonaws.com/records/csv.gz/locationid=6952/year=2026/,members-sha256:bcf4983e50b2453a716ed07aed6d325c3bf8ea8291e9057584719d14244086e4,2026-09-26T06:05:20+00:00,15a8955b88715d9e6e4080bb0bf803e740fbe9972592878c5d072e1c0946dcc5,379095,75 daily files 20260101..20260331
locationid=6950/year=2019.zip,https://openaq-data-archive.s3.amazonaws.com/records/csv.gz/locationid=6950/year=2019/,members-sha256:9080301f7f50dd4b57cb3971dfdf08e2700743400edc3f0f7f9379a7590c0c72,2026-09-26T06:05:21+00:00,05b32d53a50c3f18a75e0045de7f6f24a99d3884db21b95458ccf755df1e954d,452150,176 daily files 20190619..20191231
locationid=6952/year=2022.zip,https://openaq-data-archive.s3.amazonaws.com/records/csv.gz/locationid=6952/year=2022/,members-sha256:5d12d401a7d79d4d88eca9e3121f09f1bdcd6b29784a0b9b09c23ea1a658d677,2026-09-26T06:05:22+00:00,2376c800e86c2a318e7ca1fe50e6abf4cd72ed994c310d2a39ce3c2e71966c51,112298,101 daily files 20220101..20221031
locationid=6946/year=2025.zip,https://openaq-data-archive.s3.amazonaws.com/records/csv.gz/locationid=6946/year=2025/,members-sha256:1b638ecc5fa1bf029e337045805c0b0968efeac999820041a9e82dc45696c2d8,2026-09-26T06:05:22+00:00,b02453ef33c71b0f1a9536ce4986995b24809ca4a8ad5527c409fe595a83627b,1697811,315 daily files 20250219..20251231
locationid=6952/year=2025.zip,https://openaq-data-archive.s3.amazonaws.com/records/csv.gz/locationid=6952/year=2025/,members-sha256:4dea44a5df8099774966825404e77c8006a96695dbd7bfba1b343bb982fb25fa,2026-09-26T06:05:26+00:00,4af7f8c3117eab4d8091abc12eccedffb934dece49fae3419d8c7889fa8087d4,570484,98 daily files 20250715..20251231
locationid=6947/year=2020.zip,https://openaq-data-archive.s3.amazonaws.com/records/csv.gz/locationid=6947/year=2020/,members-sha256:fc918d4969741db5b86ce3692231ec64bbc876888e55547c4678dc8dc8e7715e,2026-09-26T06:05:28+00:00,5b1bce649f2cb2aaea6d616a89230e7c3a14895bf5db71e531960c827fe72811,534458,337 daily files 20200101..20201231
locationid=6955/year=2018.zip,https://openaq-data-archive.s3.amazonaws.com/records/csv.gz/locationid=6955/year=2018/,members-sha256:5f88fb331c11f81d4d3d5ef5b41812adc05504af216cea0f74d0428b4f9bdb63,2026-09-26T06:05:32+00:00,835ace36d898a09c9a002f60b7ab607a01419442437ef0c4e1eb82ed67688a2e,11137,8 daily files 20180814..20181119
locationid=6955/year=2020.zip,https://openaq-data-archive.s3.amazonaws.com/records/csv.gz/locationid=6955/year=2020/,members-sha256:99f5163219dbce5485bade42b7e031c86ed4b78c29e86f68ba44556179860900,2026-09-26T06:05:33+00:00,32fa3e8c3133c1633037d8158a0db71270326c246f332115362b25c781876b53,6008,2 daily files 20200101..20200102
locationid=6953/year=2025.zip,https://openaq-data-archive.s3.amazonaws.com/records/csv.gz/locationid=6953/year=2025/,members-sha256:8c90e4efe33322dcc147755d4b2b26e023227cd579ec803f82815b518463a9ad,2026-09-26T06:05:38+00:00,f369a08033b2b6bd88b4ddf15d7bb6959316d70b1b378bddd9e55503b0e0b087,539095,91 daily files 20250930..20251231
locationid=6953/year=2026.zip,https://openaq-data-archive.s3.amazonaws.com/records/csv.gz/locationid=6953/year=2026/,members-sha256:34e805f8a0ba6967d6290285f8655d65f581f6f99f3f9834ffb096fd01ce98fa,2026-09-26T06:05:38+00:00,e3f5396f862653f8b6ef0c5af4ef1efbb3b5e829b34c382f5428707eae6db5e6,452800,80 daily files 20260101..20260331
locationid=6952/year=2021.zip,https://openaq-data-archive.s3.amazonaws.com/records/csv.gz/locationid=6952/year=2021/,members-sha256:47673e8c9122c175c793e97abb21a28b160cdb39e80a7351a054ba0fef4f637b,2026-09-26T06:05:39+00:00,4b18045265f8abbe2d56a51b28657cf93dfd3dc12034a21b1bfaed568b459839,217987,155 daily files 20210101..20211231
locationid=6955/year=2026.zip,https://openaq-data-archive.s3.amazonaws.com/records/csv.gz/locationid=6955/year=2026/,members-sha256:47f2f764237139b17bd352566641fc65ca0ba2ddc0c4f9dc545de17306e25e6a,2026-09-26T06:05:40+00:00,5676026da912b4914372f490c7d6f2a53005686aba3dbb1fdd509998235c7726,2148,2 daily files 20260309..20260316
locationid=6948/year=2025.zip,https://openaq-data-archive.s3.amazonaws.com/records/csv.gz/locationid=6948/year=2025/,members-sha256:95faef61872a93c7d8c6275353dbc9df9f668843781b08f68c8712a638a81556,2026-09-26T06:05:41+00:00,b7af6d29485221bd1b0a0b200d32afb42c5299d1bc9bdcd07b614f1e39b6db26,1359848,290 daily files 20250219..20251231
locationid=6951/year=2019.zip,https://openaq-data-archive.s3.amazonaws.com/records/csv.gz/locationid=6951/year=2019/,members-sha256:ece27dca156a0f597a3bd9edb14176bfa89e73bac92f9f1a3862ff126ebfa3db,2026-09-26T06:05:41+00:00,f3ff6940abe773b0a9921e71285b33c337d2cc5d59b948190ac0fc55be4be149,517764,191 daily files 20190212..20191231
locationid=6953/year=2022.zip,https://openaq-data-archive.s3.amazonaws.com/records/csv.gz/locationid=6953/year=2022/,members-sha256:1087a0591f320d4af1ccef9b1d783a232ffb89d3144c0e591f75bb43f3630bfb,2026-09-26T06:05:42+00:00,1d64b1d0c080b8f15c1ed5c0c6c3e29e8a229ce3fcca32df6bc127fda09327cc,127785,120 daily files 20220101..20221031
locationid=6952/year=2019.zip,https://openaq-data-archive.s3.amazonaws.com/records/csv.gz/locationid=6952/year=2019/,members-sha256:625efa4c4639874ab5c773cb4312090d90929ce009d635d4c1e55d7e149dbed3,2026-09-26T06:05:49+00:00,9658bd6720719df2346bc8c68d555ffa5748887b31e510ee9affd21e7b650a0a,543731,192 daily files 20190212..20191231
locationid=6948/year=2020.zip,https://openaq-data-archive.s3.amazonaws.com/records/csv.gz/locationid=6948/year=2020/,members-sha256:5a6b679e92076930942b0f0f463823cf4b239b1f2d5ffde02b3343b0ab08f9dc,2026-09-26T06:05:50+00:00,75f48aecc36f048883865e8d2b48d2fafb821989989e60f7e2182cac956fb340,527140,334 daily files 20200101..20201231
locationid=6954/year=2026.zip,https://openaq-data-archive.s3.amazonaws.com/records/csv.gz/locationid=6954/year=2026/,members-sha256:6b2914ee81f52ceb028d9a8afc1319fac1e81dd397ccf9fabc9fabaa1f01094b,2026-09-26T06:05:53+00:00,af5082618d185ced7c6fc1e0914032f66a0a63eee4959b9c5708e04b86cfa546,338939,78 daily files 20260102..20260331
locationid=6954/year=2018.zip,https://openaq-data-archive.s3.amazonaws.com/records/csv.gz/locationid=6954/year=2018/,members-sha256:5e48dc437564f8e279d5f9d24de3c973d02f0e937e4b39c78933d082eb745ca2,2026-09-26T06:05:55+00:00,bed71a73be4bdfbfb54968f2bb1699f7f994314acf675f435d6631a1b828d410,188958,102 daily files 20180810..20181119
locationid=6954/year=2022.zip,https://openaq-data-archive.s3.amazonaws.com/records/csv.gz/locationid=6954/year=2022/,members-sha256:e52f09171a227887499e6a173bbee3627a4b5c2892af23897b680c88146a8094,2026-09-26T06:05:58+00:00,3f0613ff351063ab34d5a16d7f7afd3e0d2d1f81b93e3a5139911f1e6547c4d2,108691,104 daily files 20220101..20221031
locationid=6949/year=2020.zip,https://openaq-data-archive.s3.amazonaws.com/records/csv.gz/locationid=6949/year=2020/,members-sha256:c9224faeca280cf5ff14d26a3a48814bfc44f898ddea9ea6dfa237a00703f9df,2026-09-26T06:06:02+00:00,1cc44be71ac7b24c7ccb3724e9e26b525d489ce456e7a0df6a2474f5a076175c,530672,325 daily files 20200101..20201231
locationid=6953/year=2019.zip,https://openaq-data-archive.s3.amazonaws.com/records/csv.gz/locationid=6953/year=2019/,members-sha256:106253bd2f642dc20c3c42e35dc3ec44eb11f31f5b47a3230246ba5c0219f7ea,2026-09-26T06:06:08+00:00,7fc2d0a9b6181739d59c327854bbdc24d599ca9b00ed8d35bf4d00510ee577b2,583270,195 daily files 20190103..20191231
locationid=6956/year=2026.zip,https://openaq-data-archive.s3.amazonaws.com/records/csv.gz/locationid=6956/year=2026/,members-sha256:b9b2c41ed87ff1af54d194ae6c671cb39a8ab7365310be0eef9f294f2380db6e,2026-09-26T06:06:09+00:00,76dd3affc8eb4096b14de83c5de3157e500297d2d968c899f791196905682314,338157,78 daily files 20260101..20260331
locationid=6954/year=2021.zip,https://openaq-data-archive.s3.amazonaws.com/records/csv.gz/locationid=6954/year=2021/,members-sha256:e765018d1d5152ee1aaa3c7ba01fe343cd89815f9f1c224184c193278eefc971,2026-09-26T06:06:13+00:00,a8c62855230df8c28cf3d91474885596208556507a69ead0b588415890acb8fb,183071,148 daily files 20210102..20211231
locationid=6956/year=2022.zip,https://openaq-data-archive.s3.amazonaws.com/records/csv.gz/locationid=6956/year=2022/,members-sha256:7b9d284f8b6ffc111e6e0b8830e67cc8e2af9de1ad4c558b488d26c9b23202bf,2026-09-26T06:06:13+00:00,d89a83c7556695edf5da66acdac11b44f0d8a98998e8f6f775e2f8dd6d56c9e3,87993,87 daily files 20220101..20221016
locationid=6950/year=2020.zip,https://openaq-data-archive.s3.amazonaws.com/records/csv.gz/locationid=6950/year=2020/,members-sha256:2e582cbd815a8a3a7754b36835dc9f15d0766788d1f1a74bc66f1081586e9c44,2026-09-26T06:06:16+00:00,3be7f5cdffa7af0ee6b713a76faea533c86877ad00544da76e5c57d270668026,544833,348 daily files 20200101..20201231
locationid=6950/year=2025.zip,https://openaq-data-archive.s3.amazonaws.com/records/csv.gz/locationid=6950/year=2025/,members-sha256:e329599687a18043b86f402cb84a038d2b5836be08ff3f87acfe179c05efb568,2026-09-26T06:06:18+00:00,fe1eb81dbcd46e0c3141ae64fe594e6d7a50725a67c79038e7b70fc6c6685368,1719239,314 daily files 20250219..20251231
locationid=6954/year=2019.zip,https://openaq-data-archive.s3.amazonaws.com/records/csv.gz/locationid=6954/year=2019/,members-sha256:b58576d04bbb497733e5123169a359ffc7568cf4a5c4e90598806f5e23804059,2026-09-26T06:06:19+00:00,f4fc93f4ce06aa0e4be4c10b6cddc818b6ffc1c095c5b36c09e05a6a39d1341e,414278,175 daily files 20190103..20191230
locationid=6953/year=2021.zip,https://openaq-data-archive.s3.amazonaws.com/records/csv.gz/locationid=6953/year=2021/,members-sha256:5cc9ce13c0d8c1aca29e946198fd52255d6355412f55fc2ed6b19f7aa6ad5417,2026-09-26T06:06:23+00:00,4a01b3a3cc6373047c917143a6ecfec7717234e7e296de731db8ba33edf3577a,279761,235 daily files 20210101..20211231
locationid=6957/year=2018.zip,https://openaq-data-archive.s3.amazonaws.com/records/csv.gz/locationid=6957/year=2018/,members-sha256:4cdb075408ad92d3cf0a645ec1f44e44dc451a6f5f7705b3dc56ccd2d802f37b,2026-09-26T06:06:29+00:00,899a5ea28f96bb03d7f1ea5f2a15ca6690b61dee605b574aaa462ee88a61c9e6,143043,110 daily files 20180810..20181228
locationid=6955/year=2019.zip,https://openaq-data-archive.s3.amazonaws.com/records/csv.gz/locationid=6955/year=2019/,members-sha256:c21607ad791c7a019eb3622563d55a831c22f4c13f1eeaa7d5b53208c2fadf1b,2026-09-26T06:06:31+00:00,1731b43fa77754a28c4425e7e1ab1380f20242cf66668deb13f8e2f233173ac7,507086,185 daily files 20190103..20191231
locationid=6952/year=2020.zip,https://openaq-data-archive.s3.amazonaws.com/records/csv.gz/locationid=6952/year=2020/,members-sha256:899cc9e02873298801b309b4ba9114e17ded0fe5f7f808980b0c74bc15fd2e58,2026-09-26T06:06:33+00:00,2b24e020f98e0a16f563e1ebc0bfef8d8fe92d1c0138f75c1ad93fe496ecb1a7,504719,322 daily files 20200101..20201231
locationid=6957/year=2022.zip,https://openaq-data-archive.s3.amazonaws.com/records/csv.gz/locationid=6957/year=2022/,members-sha256:e580bc660b718bb8d1c2ebf8a054e9f547a18d66cee3089cea52896a0ac466fe,2026-09-26T06:06:34+00:00,837c8191773af16fa44566cbdc97b3a1b898b4917212a6b1900ead5b1b37a3d6,109983,101 daily files 20220101..20221031
locationid=6956/year=2021.zip,https://openaq-data-archive.s3.amazonaws.com/records/csv.gz/locationid=6956/year=2021/,members-sha256:5e9e0f4e44c9795d49c7fcc7b2c9139523f992d1cbd4109c6aae7305567271d4,2026-09-26T06:06:36+00:00,bdf55d9880291f5508bf66e12d48e0a1948d1d90a4459b199ec0203e38218788,210043,161 daily files 20210101..20211231
locationid=6957/year=2026.zip,https://openaq-data-archive.s3.amazonaws.com/records/csv.gz/locationid=6957/year=2026/,members-sha256:00639098b7d46efe723a4c127c1f1937da93a9451450f42474e625e9d820ff1b,2026-09-26T06:06:38+00:00,5e5d83fce052b65688dd345d66f369f68752975a183a73e0c51c5832206d67f5,457263,81 daily files 20260101..20260331
locationid=6956/year=2019.zip,https://openaq-data-archive.s3.amazonaws.com/records/csv.gz/locationid=6956/year=2019/,members-sha256:4970bebf7b650f5fc772c8b68313e61fd91d88edc0ae66f8f22b70fe0332eb9e,2026-09-26T06:06:40+00:00,0a5aee417f92c2dc7150dffe152473f674708eeb280d47923e102fc4dc016396,438813,181 daily files 20190619..20191231
locationid=6958/year=2026.zip,https://openaq-data-archive.s3.amazonaws.com/records/csv.gz/locationid=6958/year=2026/,members-sha256:71c0bf68633e45c6ce95bb02aabb887bda031f369fb4923b0874e2f40c0696e6,2026-09-26T06:06:45+00:00,27b0642ed1a99999f6abdab34419fc9192cafbde7e5f6adba8ce6f8a072a73db,306313,70 daily files 20260101..20260331
locationid=6957/year=2021.zip,https://openaq-data-archive.s3.amazonaws.com/records/csv.gz/locationid=6957/year=2021/,members-sha256:881f72f7124f65efbf44ee0b6f5aeff0b214907c32488798c3329f7b2759b611,2026-09-26T06:06:46+00:00,a1d5bd2c884976a319fef766e1d6eebfead0fb8b297e48e07dc78ae791dc29d7,193453,143 daily files 20210104..20211231
locationid=6958/year=2025.zip,https://openaq-data-archive.s3.amazonaws.com/records/csv.gz/locationid=6958/year=2025/,members-sha256:bbb437a3d195e08c3ddac446c74a9aefd584ee4ba6522a483ff7904b3451e87d,2026-09-26T06:06:48+00:00,87f609e9cc212dbb15aa769d452040a862ff7cbc20aa9d6a7862e8adf36459e6,410924,91 daily files 20250930..20251231
locationid=6954/year=2025.zip,https://openaq-data-archive.s3.amazonaws.com/records/csv.gz/locationid=6954/year=2025/,members-sha256:2a8eb22266fc2cb24044f6ec8c6b58dc904fbdb861d9a84af95c8a2f80bd306f,2026-09-26T06:06:50+00:00,42ce7c90d8f7d2eadc678bedb1ff894e93a4ac34df662419836567baa1890645,847102,239 daily files 20250219..20251230
locationid=6958/year=2022.zip,https://openaq-data-archive.s3.amazonaws.com/records/csv.gz/locationid=6958/year=2022/,members-sha256:9cd8336c63786df576fec6cc390b9a58dd5051dc71a5e81ef8d9f31013b7ead5,2026-09-26T06:06:51+00:00,ab2f7cb4284f68a8f4bb486fd1b30eb95bffbc68851e10598663f1a9c1e46dda,103440,99 daily files 20220101..20221031
locationid=6953/year=2020.zip,https://openaq-data-archive.s3.amazonaws.com/records/csv.gz/locationid=6953/year=2020/,members-sha256:964f2e1ff053634d23f3fe34b59999b8cccdecf9117fc83239482515d1ca9f1c,2026-09-26T06:06:56+00:00,518b9b34e40861a7c874a68ffe894ba2654dbe7d31908e224db6cfaf5e282eac,533576,333 daily files 20200101..20201231
locationid=6957/year=2019.zip,https://openaq-data-archive.s3.amazonaws.com/records/csv.gz/locationid=6957/year=2019/,members-sha256:e93226cf5581a0def916c0f012f462b027706e0b564e82421c072a7de5390288,2026-09-26T06:06:57+00:00,c10e8bf05245d2d883254250ce1b5b76c7bf8797ddcfcbd105a67bd5588c2857,472851,191 daily files 20190103..20191231
locationid=6959/year=2026.zip,https://openaq-data-archive.s3.amazonaws.com/records/csv.gz/locationid=6959/year=2026/,members-sha256:6659692b95a46dab47ed758c640c70acad0baf88a4fe6bcb4a195c9097ae1986,2026-09-26T06:07:04+00:00,a139511fdc816f381dc2204024fbb587f83c48db5b0690e398ea00bbf68af85b,374839,80 daily files 20260101..20260331
locationid=6954/year=2020.zip,https://openaq-data-archive.s3.amazonaws.com/records/csv.gz/locationid=6954/year=2020/,members-sha256:fa78f6a667c0a5c8498842b9fef394d487952b372a81fff8956e603321f2b28b,2026-09-26T06:07:04+00:00,8897dae30290492e1d27d2b30767ad4e99e23a08cfd9cf8f2e5ed1a19a4f14f4,436913,305 daily files 20200106..20201230
locationid=6955/year=2025.zip,https://openaq-data-archive.s3.amazonaws.com/records/csv.gz/locationid=6955/year=2025/,members-sha256:b4818bc10d922b99ce7d1f448b22a4458131f669842eba2d1f73eae9ab797aa8,2026-09-26T06:07:08+00:00,351462b385ba317e9cd76d511f486acd0b99900878f21492bd57675cb769b82e,995844,264 daily files 20250219..20251224
locationid=6959/year=2022.zip,https://openaq-data-archive.s3.amazonaws.com/records/csv.gz/locationid=6959/year=2022/,members-sha256:17b992421659026eeaa4a081d08cfaf24a051a81c1d993a10effe8f168f3e035,2026-09-26T06:07:10+00:00,666c228d91b3e74381a50af337178ec5c8344e1bba1e655a6473dbf37470f5e3,103591,111 daily files 20220105..20221031
locationid=6956/year=2025.zip,https://openaq-data-archive.s3.amazonaws.com/records/csv.gz/locationid=6956/year=2025/,members-sha256:c7413b65ab04ed20192d35d34587fc705c6606189a797e92e5774bba3f877215,2026-09-26T06:07:17+00:00,41edd31de9fabe38b6df9e72511c9028cf5aa9c77ac0cb778375e2c6232c1006,1106720,277 daily files 20250219..20251231
locationid=6960/year=2018.zip,https://openaq-data-archive.s3.amazonaws.com/records/csv.gz/locationid=6960/year=2018/,members-sha256:0228bae069ff2470e4007bbf5b98476efd83a7b9889f37b521ed0e7f1eb2aff2,2026-09-26T06:07:17+00:00,059b62181314a7f38adfb4bb458930192ae08890be4823cbbf65a566ec54abc9,157755,112 daily files 20180810..20181228
locationid=6958/year=2019.zip,https://openaq-data-archive.s3.amazonaws.com/records/csv.gz/locationid=6958/year=2019/,members-sha256:d6057f2fb61217f6c69eec190deeb97f5878d91372d2ab4e9e74ecfcab52b01a,2026-09-26T06:07:19+00:00,43e6f376637614e87920e48f6318ef347f5d546a6a4c02333557ba3b19e26151,546204,193 daily files 20190212..20191231
locationid=6960/year=2026.zip,https://openaq-data-archive.s3.amazonaws.com/records/csv.gz/locationid=6960/year=2026/,members-sha256:f3f1997be9c13ab33ce94dbd691a80009c7afaa97ac388667f841576dd6c7903,2026-09-26T06:07:20+00:00,f7e009030fbbc74bc078da71b11f1504cd5e826d84b070fe01c59548ca50c2c4,445166,81 daily files 20260101..20260331
locationid=6960/year=2022.zip,https://openaq-data-archive.s3.amazonaws.com/records/csv.gz/locationid=6960/year=2022/,members-sha256:5ca9751d4b882bbaa0babbb0833f263896a96505809229042be6a1c26c12ee67,2026-09-26T06:07:25+00:00,845d50be9ce9a469d4bf09751a1b88f6b51c39f8c4ee430f1ebda0bc72e906bd,104637,104 daily files 20220101..20221031
locationid=6958/year=2021.zip,https://openaq-data-archive.s3.amazonaws.com/records/csv.gz/locationid=6958/year=2021/,members-sha256:2d2e6acacc939d4ef8870adb6d717b82f3c3dabf89d93379dbfd03b0893548fb,2026-09-26T06:07:28+00:00,891a7ed72bfa49fbc8a04cfeb09fbf9f0e7c107511c5cdacbf80fb19e2487c63,249515,209 daily files 20210209..20211231
locationid=6959/year=2019.zip,https://openaq-data-archive.s3.amazonaws.com/records/csv.gz/locationid=6959/year=2019/,members-sha256:52800fe5507f11638ec8d58c179046c9f4f5096dc3b21966396cfa4051497c22,2026-09-26T06:07:30+00:00,d514c221ce6e64f85f1d37f49ec159ecef4740e18a43a0ce099bace7d3cfbc3a,452667,183 daily files 20190620..20191231
locationid=6956/year=2020.zip,https://openaq-data-archive.s3.amazonaws.com/records/csv.gz/locationid=6956/year=2020/,members-sha256:541b8563301ea55661c8e11ad5fb4f0305c918d07a67188a6c939ca72fc74db5,2026-09-26T06:07:33+00:00,171a5d5cd7bfbc2fd29f15fe9f518805f128ab46f8a27c0781f60d2af4466f64,443286,329 daily files 20200101..20201231
locationid=6957/year=2020.zip,https://openaq-data-archive.s3.amazonaws.com/records/csv.gz/locationid=6957/year=2020/,members-sha256:44c0c8f081f0cc4ab81758525880ad136d506046db0eb0827e82640a0bd82a2d,2026-09-26T06:07:35+00:00,9865bd5e81c9082702b1f95836f533c96348ce35925b8062a91dbc24fb8e7e6c,493679,303 daily files 20200101..20201214
locationid=6960/year=2021.zip,https://openaq-data-archive.s3.amazonaws.com/records/csv.gz/locationid=6960/year=2021/,members-sha256:68bf0a513c4889bf9d85287ac40cd163df13b5b5fc9a5959f4adcd3ea5fe57eb,2026-09-26T06:07:35+00:00,107a1ca4104bfa6882eaf8c9799a6de08168211e225e1dadfa2ab69b4c18e5d7,164698,143 daily files 20210104..20211231
locationid=6961/year=2026.zip,https://openaq-data-archive.s3.amazonaws.com/records/csv.gz/locationid=6961/year=2026/,members-sha256:1b86e17d870d6c78f5913a2d9ae7df593769c67683fc60522041d6e97bff47db,2026-09-26T06:07:36+00:00,094b46e3f97c3f5c0718ad584d28b21cdb016829d5018c178e908119f0e097b3,184788,78 daily files 20260101..20260331
locationid=6961/year=2022.zip,https://openaq-data-archive.s3.amazonaws.com/records/csv.gz/locationid=6961/year=2022/,members-sha256:54419c764335f675913913be3a8c24769e44118ca53841cf77041dfe1e1dd5f8,2026-09-26T06:07:44+00:00,9f947be951de40fd5f9a4e236438b08e0b909ae5025a4b59ba631f10ac3dadf4,101116,121 daily files 20220101..20221031
locationid=6960/year=2019.zip,https://openaq-data-archive.s3.amazonaws.com/records/csv.gz/locationid=6960/year=2019/,members-sha256:673e9cd0c7f831532ee47b66e13a5b4f544818b164dd1b13cdab0af4eea8f238,2026-09-26T06:07:46+00:00,597a35d526e7f6c07a7d67c35fac70e5ca83494ce748fdad6db39c12219cff7e,401178,192 daily files 20190103..20191231
locationid=6957/year=2025.zip,https://openaq-data-archive.s3.amazonaws.com/records/csv.gz/locationid=6957/year=2025/,members-sha256:36a360d1e15111ac67e15c9dcfaf42416a1f251eb49b8333c607b8d5a832c270,2026-09-26T06:07:50+00:00,f81fc454d3a530f04dfbb5214c7451d1597610231cf234651debaf1950fd801c,1494410,314 daily files 20250219..20251231
locationid=6959/year=2021.zip,https://openaq-data-archive.s3.amazonaws.com/records/csv.gz/locationid=6959/year=2021/,members-sha256:1e6ef52ba1caca66f38287adf72a4edd91e09ab209a5dfcf00c427c1bf2de617,2026-09-26T06:07:51+00:00,20c9097b53567540bea5f62e42995d8259b5f31edfe520cc7a3735a375834519,244694,231 daily files 20210101..20211227
locationid=6962/year=2022.zip,https://openaq-data-archive.s3.amazonaws.com/records/csv.gz/locationid=6962/year=2022/,members-sha256:956b528ab6c770b10e3e965e411a1ee47992611178628dd0825c286b4ef16549,2026-09-26T06:07:54+00:00,e92f80ed40f6ecb7a711eb87d2961037a45b01b0243ba67dd1af423ec58d4620,112818,100 daily files 20220101..20221031
locationid=6962/year=2026.zip,https://openaq-data-archive.s3.amazonaws.com/records/csv.gz/locationid=6962/year=2026/,members-sha256:f0923a81f10c917dc61156f2b63e81218774a191d092264aa83e511cd29e4a2a,2026-09-26T06:07:55+00:00,80e1c1e55707c9cf2c9e72909121082a052e2d821eda4660d1e3d1d5cab8a2d6,404849,76 daily files 20260101..20260331
locationid=6961/year=2019.zip,https://openaq-data-archive.s3.amazonaws.com/records/csv.gz/locationid=6961/year=2019/,members-sha256:c5630a27d5c331d45c6155cbe28335cf9de4c1e784cfc61dce54af4500ee435c,2026-09-26T06:07:57+00:00,decf0b570c1413735f836783be9cb662b43e4f2fbe62223aadb8712aab64181c,240753,177 daily files 20190212..20191231
locationid=6958/year=2020.zip,https://openaq-data-archive.s3.amazonaws.com/records/csv.gz/locationid=6958/year=2020/,members-sha256:2b7b4c651a1523a41fb47d73a0d08625f33cef2a8609851d9271809418888998,2026-09-26T06:08:03+00:00,1afc3f30fc511d9cebb4dfe335fffed6f6a55c8ce71bdc2f8c16d523e149385c,513114,328 daily files 20200101..20201231
locationid=6963/year=2025.zip,https://openaq-data-archive.s3.amazonaws.com/records/csv.gz/locationid=6963/year=2025/,members-sha256:2db91d594d0bbe508eef5c349a2d47e9bfe43b5401cd14ff9de3ab219f24c836,2026-09-26T06:08:11+00:00,9ed726754efd2487471bf616940eaa237924c454b1f2d29736823db4f6157107,566034,92 daily files 20251001..20251231
locationid=6963/year=2026.zip,https://openaq-data-archive.s3.amazonaws.com/records/csv.gz/locationid=6963/year=2026/,members-sha256:07b76d2cb7c77e87feaad24025a9871495df67d89e23f8bbe746a0250f31ac71,2026-09-26T06:08:11+00:00,2bb3aaf4a680dd791f07b6ab0d30986a820b7186d00ff69b8fd8114248d707ed,476497,76 daily files 20260101..20260331
locationid=6965/year=2020.zip,https://openaq-data-archive.s3.amazonaws.com/records/csv.gz/locationid=6965/year=2020/,members-sha256:09e8e27cda8723a9a7d24e8d0fc987cb26ebdcede54c9d565e06913c51f74236,2026-09-26T06:08:14+00:00,a01a8f98857a30d823d2be998a1310f4c2effef0e95a08b3f80268bdd082295a,12725,8 daily files 20200101..20200108
locationid=6963/year=2022.zip,https://openaq-data-archive.s3.amazonaws.com/records/csv.gz/locationid=6963/year=2022/,members-sha256:3a5ae8c144fc48c73e776c813077d39790713a1ffca95dc6bad796d004a8900c,2026-09-26T06:08:16+00:00,c4ed11438c52b83604539351a78dab4c6e5011db9050f6b0e97b2eefad810ef4,133605,119 daily files 20220101..20221031
locationid=6959/year=2025.zip,https://openaq-data-archive.s3.amazonaws.com/records/csv.gz/locationid=6959/year=2025/,members-sha256:50c014ec0047a98a426545cf09b444febe97207b120b877f90179162e7ef2344,2026-09-26T06:08:20+00:00,53c35e8faad69bd533bc2308a5d0d46cc7a799169117ddd0c6b31bee147dfebe,1285067,306 daily files 20250219..20251231
locationid=6962/year=2019.zip,https://openaq-data-archive.s3.amazonaws.com/records/csv.gz/locationid=6962/year=2019/,members-sha256:d716037fa5b6f721eb03770a190f71f8e7a686971baa123303cc5ac7a5540a84,2026-09-26T06:08:22+00:00,9a25857bb62cd529a2b00790e4968fddc9967c199592f32d9104bc02b5e8f9a4,467829,178 daily files 20190212..20191231
locationid=6961/year=2021.zip,https://openaq-data-archive.s3.amazonaws.com/records/csv.gz/locationid=6961/year=2021/,members-sha256:34ff1108c87c4d77a4e7b812491e37988bf38dfcb22c69f0b4c6f69f932ce21c,2026-09-26T06:08:23+00:00,146d1b9dd23345492c52f1ec848b5a76913a861fee8b4c1dd421615b252c3103,199855,233 daily files 20210101..20211231
locationid=6964/year=2026.zip,https://openaq-data-archive.s3.amazonaws.com/records/csv.gz/locationid=6964/year=2026/,members-sha256:89c8dee78685a27756577a9218642adfd5178ec2a7dd5c110652fffa80bc5820,2026-09-26T06:08:26+00:00,6b767700b71bf584c72ebcabab309ab88042225f6d507a22d675c225f18a8885,403547,79 daily files 20260101..20260331
locationid=6965/year=2021.zip,https://openaq-data-archive.s3.amazonaws.com/records/csv.gz/locationid=6965/year=2021/,members-sha256:204e3e47fc421d95a27ff175b4d3e6a5bd821c3c5f2ddd366cfd0372f85cbf4d,2026-09-26T06:08:26+00:00,51499f24c1de17b48b7cb12a95c1779a593d7601e13148e8ac131a12c7fbb572,54962,42 daily files 20211117..20211231
locationid=6959/year=2020.zip,https://openaq-data-archive.s3.amazonaws.com/records/csv.gz/locationid=6959/year=2020/,members-sha256:94aa25867b783cdda358e8e6e172ce5eb966397ace58de53a5a48a3589bae23c,2026-09-26T06:08:26+00:00,c7fabcdb181cc9a893ba59a9bdc766ccf44193cba3aaf37018725752fb8f1af2,515345,344 daily files 20200101..20201231
locationid=6964/year=2025.zip,https://openaq-data-archive.s3.amazonaws.com/records/csv.gz/locationid=6964/year=2025/,members-sha256:6493cd9169912b9be87b36668b16700ce124479fe6061a62bf9e73961bd86ecb,2026-09-26T06:08:27+00:00,81341b920cf5dd276663d7c0b0ca86a9fcdc50e0681a5228a252c60cacce0066,425919,86 daily files 20251001..20251231
locationid=6960/year=2020.zip,https://openaq-data-archive.s3.amazonaws.com/records/csv.gz/locationid=6960/year=2020/,members-sha256:4d3f91e0b87964a26da7bcf246926a76d50f7d6e7b3e9bc213cc8f68cfef0a97,2026-09-26T06:08:28+00:00,09a918db96cc94db64821330c96b2a4cfc4996bcd1dfab4ac8d8c1bebea36f34,388175,305 daily files 20200101..20201210
locationid=6964/year=2022.zip,https://openaq-data-archive.s3.amazonaws.com/records/csv.gz/locationid=6964/year=2022/,members-sha256:8ee67d72f41617545e478a5eb42cd1e9b3d5f47fedffcaefa95303c5e1716c3f,2026-09-26T06:08:29+00:00,f2558f4cf011c50ba02b411f0decaf291b2d97cc38aae925401ddd9321c88049,115917,99 daily files 20220101..20221016
locationid=6960/year=2025.zip,https://openaq-data-archive.s3.amazonaws.com/records/csv.gz/locationid=6960/year=2025/,members-sha256:05c19fd534c3af6c12151cbf3935125ac76bf65ac785760d82ae914fb796db96,2026-09-26T06:08:40+00:00,b73837ee0e56ebe695fbd2057989a4055c72bee4c13c9d9032a5540fd6d213a4,1420589,314 daily files 20250219..20251231
locationid=6963/year=2019.zip,https://openaq-data-archive.s3.amazonaws.com/records/csv.gz/locationid=6963/year=2019/,members-sha256:0e5e67e495523f8f68b1dd460574d11f4d8be8b3b589fc0fd3e87979172d1d48,2026-09-26T06:08:41+00:00,c31ba5de5a3109667d3d829fb62b20dfda82e6b0554ed593441e0a5c19f28f06,560517,195 daily files 20190212..20191231
locationid=6962/year=2021.zip,https://openaq-data-archive.s3.amazonaws.com/records/csv.gz/locationid=6962/year=2021/,members-sha256:6140fcc77b3afb8981704dcd9bb35c452dcedea1a9063137d850daeb7b57d625,2026-09-26T06:08:43+00:00,3245598d787e15f1b8c0b42b3f530e624e776d382703e20e538056cbd03f7012,293369,233 daily files 20210101..20211231
locationid=6961/year=2020.zip,https://openaq-data-archive.s3.amazonaws.com/records/csv.gz/locationid=6961/year=2020/,members-sha256:2d2a6def2fed3e238aba0c16ebab7b3b1e61f5a28322e3c247b49365307a9a0f,2026-09-26T06:08:46+00:00,2d2199ac0894f45078dbc2931a1a4efb974e689412b0cca0de95b3e342cabb21,353017,319 daily files 20200101..20201231
locationid=6965/year=2026.zip,https://openaq-data-archive.s3.amazonaws.com/records/csv.gz/locationid=6965/year=2026/,members-sha256:3f4c973b38c07fde2cbfaf68d4b7759c9f210b497c9ae69d1dfc7e631982992a,2026-09-26T06:08:48+00:00,13f15849a5e57b64d13891879c7ec6cdabaa1580471030a687c2ed76fb09158a,493944,80 daily files 20260101..20260331
locationid=6965/year=2022.zip,https://openaq-data-archive.s3.amazonaws.com/records/csv.gz/locationid=6965/year=2022/,members-sha256:5a48856b888b4970bb9650a54e3ce0a7b7ecf15fb6d9441471c9ca5e45c39960,2026-09-26T06:08:49+00:00,81da46ee6c67264f549d21f84b31c2b45a31ec511d593dcc12f389d7338e20b8,93155,96 daily files 20220101..20221031
locationid=6961/year=2025.zip,https://openaq-data-archive.s3.amazonaws.com/records/csv.gz/locationid=6961/year=2025/,members-sha256:86aeb01fd98722992cf6d0fe540b586339f8c4826fe51e4674885b416f830f85,2026-09-26T06:08:53+00:00,65e7d96906c703cf953a014905d9d9ce5381bf6df722426bb07b1b5ab4ca1b0c,651873,303 daily files 20250219..20251231
locationid=6966/year=2026.zip,https://openaq-data-archive.s3.amazonaws.com/records/csv.gz/locationid=6966/year=2026/,members-sha256:b924b5b999d3832ad4284f7dd38152f6c92207f96a67e037263357fecd07b974,2026-09-26T06:08:54+00:00,be984ac8e6414263a364c92cc0c84bcc10cf2ef6d7dfb6af95f7d9638b62bb5a,372557,71 daily files 20260101..20260328
locationid=6964/year=2019.zip,https://openaq-data-archive.s3.amazonaws.com/records/csv.gz/locationid=6964/year=2019/,members-sha256:fb7b02b6f985b1cd710424a8929c29ddd19dc4ea647d04d871c31136a7aef462,2026-09-26T06:08:56+00:00,48a0ee376124050454e0a151bdb51eb6be0788052ba306755277b27ae17d2775,564468,191 daily files 20190212..20191231
locationid=6963/year=2021.zip,https://openaq-data-archive.s3.amazonaws.com/records/csv.gz/locationid=6963/year=2021/,members-sha256:20cde7395cb112e8fe6c51b83047784b52942c9fc2dbe436c651e912b830188c,2026-09-26T06:08:59+00:00,893c97304cb75ac5ca43374ac418d353423063fc3c4376b335ee552ae2d72e2a,284664,240 daily files 20210101..20211231
locationid=6966/year=2022.zip,https://openaq-data-archive.s3.amazonaws.com/records/csv.gz/locationid=6966/year=2022/,members-sha256:5211487a39b295ca2c23230dea4140ad288012db6fe885f382a108898c1c9ced,2026-09-26T06:08:59+00:00,0f291fc61419347c670884d6036b80cde41305650a4fa4a14865df80bc1c624b,101385,93 daily files 20220101..20221031
locationid=6962/year=2020.zip,https://openaq-data-archive.s3.amazonaws.com/records/csv.gz/locationid=6962/year=2020/,members-sha256:04ec850d91a1fcefef0eb68159ea4792aa9bdfb665d66c58cd8167eadeeaad7d,2026-09-26T06:09:01+00:00,c05b4e8416ec207a094baea8ddd11e4995bb9e8b372657e7efafd3352275bf5c,483810,309 daily files 20200106..20201231
locationid=6965/year=2019.zip,https://openaq-data-archive.s3.amazonaws.com/records/csv.gz/locationid=6965/year=2019/,members-sha256:c18acfdc3b2f8475676dfc658045990135bfb92dc1f897ccc899eb727fd92e23,2026-09-26T06:09:11+00:00,ff273665eb2f0583c1ffe9cfd07f413974411c84c95a7bca2abb61192b331fae,432687,181 daily files 20190620..20191231
locationid=6964/year=2021.zip,https://openaq-data-archive.s3.amazonaws.com/records/csv.gz/locationid=6964/year=2021/,members-sha256:5a94b7aa8e1fa6b6235cc64bc8ee9bfb89662089212ad0984f0e835d4290eb51,2026-09-26T06:09:11+00:00,accea4abb00af11a1816e5907f42a0804cc9fb5c187d9dbff2268eef0dc79a50,284017,231 daily files 20210101..20211231
locationid=6967/year=2022.zip,https://openaq-data-archive.s3.amazonaws.com/records/csv.gz/locationid=6967/year=2022/,members-sha256:f61b57fbca49f423c0337ed454eb07b30f9a81942d44fe159bb572235cc059eb,2026-09-26T06:09:11+00:00,853f851969b6639a2b81ba3a22018a0ff74fe51d1e790ee5c549d5d9c6a72f81,84796,89 daily files 20220101..20221031
locationid=6962/year=2025.zip,https://openaq-data-archive.s3.amazonaws.com/records/csv.gz/locationid=6962/year=2025/,members-sha256:b10bcc36a5d10cb9c5eb00e787e66e802f293d59ac391203d08f052b994065a3,2026-09-26T06:09:12+00:00,4da7305093dab41466fba74b9f89877656bcff5e08ffeac5cf252e5bad46000d,1509777,308 daily files 20250219..20251231
locationid=6967/year=2026.zip,https://openaq-data-archive.s3.amazonaws.com/records/csv.gz/locationid=6967/year=2026/,members-sha256:d9b0204f18b8d880a12b6d9d0312a677332eb4e979f02adc9d80c5bd3886c3c1,2026-09-26T06:09:15+00:00,5099e6a22b7c45254928e5ae84b8042844ed07fea452212fff4760af78dff454,392385,77 daily files 20260101..20260331
locationid=6968/year=2022.zip,https://openaq-data-archive.s3.amazonaws.com/records/csv.gz/locationid=6968/year=2022/,members-sha256:9ffb2d98d61d5c5e3241942d65d8cdc2f78eba899b687e54878e5652f3078f1f,2026-09-26T06:09:18+00:00,d964f56fe5ec5af91a7fc0e9a63628a15dcd48f543488fa17f9bfe71aa9c60e0,49444,68 daily files 20220101..20221012
locationid=6968/year=2026.zip,https://openaq-data-archive.s3.amazonaws.com/records/csv.gz/locationid=6968/year=2026/,members-sha256:1d13e654bb62685b5620b2ba7a5c37ce76d1e306354124494d259b25b93d8657,2026-09-26T06:09:26+00:00,74873b39237da502ea19225e30f6a5a9025609feee6045060d3ebad0e618ce2b,320493,76 daily files 20260101..20260331
locationid=6966/year=2019.zip,https://openaq-data-archive.s3.amazonaws.com/records/csv.gz/locationid=6966/year=2019/,members-sha256:e3480e862eb68e0ea6283590a5350cbd35312e362a72dfa59d4c7d013d9906cf,2026-09-26T06:09:28+00:00,43450e73e147c170f67c075285b3b4059327bd16e9bd3cae25a05334e6d1fe56,515696,183 daily files 20190619..20191231
locationid=6963/year=2020.zip,https://openaq-data-archive.s3.amazonaws.com/records/csv.gz/locationid=6963/year=2020/,members-sha256:e75825b2f27c7ebde36c5e088b825c0f394c0a3bd14eb54dd43b2a5e6cfda7ac,2026-09-26T06:09:33+00:00,c74f7f0bbd9652f4a75be57af4f7cc045b7ec1115ca64305f16f96883971410c,520621,330 daily files 20200101..20201231
locationid=6967/year=2019.zip,https://openaq-data-archive.s3.amazonaws.com/records/csv.gz/locationid=6967/year=2019/,members-sha256:12d08f81573f01444789362636648550297db6953dbddd3a60dc367c6024479f,2026-09-26T06:09:35+00:00,edf0bc9fe59a0b99868e2c5becf1b5f6cfce1ffa9ed9bab72d33eb61bac3dce9,432311,176 daily files 20190627..20191231
locationid=6964/year=2020.zip,https://openaq-data-archive.s3.amazonaws.com/records/csv.gz/locationid=6964/year=2020/,members-sha256:277f756aa34fdcfc099ccb9fb83812e74789f180ee8f8a5eb9baca3e9b0f9195,2026-09-26T06:09:37+00:00,c91988bb5a4c6153d8622c73cc0eacef9b1207991d273ed95fe42d6f08f98096,498204,309 daily files 20200101..20201231
locationid=6967/year=2021.zip,https://openaq-data-archive.s3.amazonaws.com/records/csv.gz/locationid=6967/year=2021/,members-sha256:5734ac99c58283669592fecf7e64fc6337d660e030e2ac8ec84d97a328b68dda,2026-09-26T06:09:39+00:00,3857b2a1e0f4ed7b45618b21d767156cae2b4631f5296238bb1e45188b98fd40,222748,160 daily files 20210101..20211231
locationid=6969/year=2025.zip,https://openaq-data-archive.s3.amazonaws.com/records/csv.gz/locationid=6969/year=2025/,members-sha256:b961132a5a74bc761808e26854927810d9f03ad219d43bf1720791303f572edb,2026-09-26T06:09:42+00:00,d4320e4d9a393061433976fc0fbefbc123a03d41cc3c43737dce93fd9f379d05,465451,80 daily files 20251011..20251231
locationid=6969/year=2026.zip,https://openaq-data-archive.s3.amazonaws.com/records/csv.gz/locationid=6969/year=2026/,members-sha256:3fcba270fffa6a5a1f5235d52e3ed760f99549df94f0f4ddc60843ca1f101230,2026-09-26T06:09:42+00:00,81bb414f223ff4ded70e3e4336ae9430d3c0cdeb014daea2e9f4750395baed11,425077,78 daily files 20260101..20260330
locationid=6969/year=2022.zip,https://openaq-data-archive.s3.amazonaws.com/records/csv.gz/locationid=6969/year=2022/,members-sha256:c870a24495dbd2a1bdada871e8b976977cd5ded905db46137744a86fa2e99b23,2026-09-26T06:09:47+00:00,eb80d9da2cea834cd26593bf89763edcca75cf1522ace2bc94a369a4c7ef5144,108583,101 daily files 20220101..20221016
locationid=6966/year=2021.zip,https://openaq-data-archive.s3.amazonaws.com/records/csv.gz/locationid=6966/year=2021/,members-sha256:674192697eb0865719be3c082dcde02c7ab3bb326a8941058a1024f78a7afe33,2026-09-26T06:09:51+00:00,dd1e98c250fdd941b47e6bf29d0dc5d95e91990cde07f536ddd2b9b9618c4032,268079,240 daily files 20210101..20211231
locationid=6965/year=2025.zip,https://openaq-data-archive.s3.amazonaws.com/records/csv.gz/locationid=6965/year=2025/,members-sha256:d8ed98e1b795736fe9978d76991383c6daf858522fd9f80086915fa27247c2e7,2026-09-26T06:09:53+00:00,07d17b1d7b344999e83cca536667603c095202eb77e7c5aa711de66893a9bc0a,978074,270 daily files 20250220..20251231
locationid=6968/year=2019.zip,https://openaq-data-archive.s3.amazonaws.com/records/csv.gz/locationid=6968/year=2019/,members-sha256:11e64d87efbf158c32c6f6bc3501a354a8ff058922d9a23bcb8c82b17ee458d6,2026-09-26T06:09:56+00:00,afcb1e3002c24130c4e3ba1e6a0dc223fe5a17aa85bd67e13f549337dd7a7d3c,435251,191 daily files 20190427..20191231
locationid=6971/year=2019.zip,https://openaq-data-archive.s3.amazonaws.com/records/csv.gz/locationid=6971/year=2019/,members-sha256:0e9aeea02e717431056daa554604020111e1a2f6f9cf7a87faed135db1b848c0,2026-09-26T06:09:59+00:00,f49007ab2545330db288a498d89de7a72c8bb2a314e2c49b082049eecaed0eab,180333,57 daily files 20190427..20190807
locationid=6970/year=2022.zip,https://openaq-data-archive.s3.amazonaws.com/records/csv.gz/locationid=6970/year=2022/,members-sha256:9fa797be3bca5a95e8236cd2e1c458f756e18a11a402d544ae0803592ea84ded,2026-09-26T06:10:03+00:00,cbe0d3a256b80c85ccef442e549d5201bd887c7e1e15dea290f79349233d41dc,112019,100 daily files 20220101..20221031
locationid=6970/year=2026.zip,https://openaq-data-archive.s3.amazonaws.com/records/csv.gz/locationid=6970/year=2026/,members-sha256:d16ac6d5cdc98d3aa064c666e8b68664d845470e5ed48226ab5530d750d7711b,2026-09-26T06:10:04+00:00,80122b630cfeb32b7d036ae0257ef71ca128888709a08133211ddc84894b0d69,532986,81 daily files 20260101..20260331
locationid=6966/year=2025.zip,https://openaq-data-archive.s3.amazonaws.com/records/csv.gz/locationid=6966/year=2025/,members-sha256:44b1622f5a9f6ce24a526cacab4e625a12c141b4bcb1e3b55a9a29fdc84fbe8d,2026-09-26T06:10:05+00:00,0df2e5f6018790382bbc23f5bd49306af5e6ba8f8c5e981bdbc621fa985c53e0,1263476,276 daily files 20250219..20251231
locationid=6969/year=2021.zip,https://openaq-data-archive.s3.amazonaws.com/records/csv.gz/locationid=6969/year=2021/,members-sha256:3de0497b7fa1dff0b7eb374668da417f11c275f3ba1781d39b14878c44309f0d,2026-09-26T06:10:07+00:00,f539727bad8585bef52714ea22bfbb5e05c37fe5e9f978c39721190a6a8b0e9f,229099,163 daily files 20210101..20211231
locationid=6970/year=2025.zip,https://openaq-data-archive.s3.amazonaws.com/records/csv.gz/locationid=6970/year=2025/,members-sha256:e9d7e4b3a03507d8c9d7ab7d64abac08aaef0c01c72e13d950650e9be2252726,2026-09-26T06:10:10+00:00,725efb37a1912581cf1715d7a1e2a2d648e0ecbaaf1dcc99fb3c66daa3a2c554,592543,96 daily files 20250927..20251231
locationid=6969/year=2019.zip,https://openaq-data-archive.s3.amazonaws.com/records/csv.gz/locationid=6969/year=2019/,members-sha256:20cbbedb025f0295b50797c6fafe8d21dd96c3d4b8f15175a0b7d35527cb6a0a,2026-09-26T06:10:11+00:00,17c4a08db5e032be722ba217e0753e9ac5af36ea7d53fed2ff53928b9fb3008e,550638,194 daily files 20190212..20191231
locationid=6971/year=2025.zip,https://openaq-data-archive.s3.amazonaws.com/records/csv.gz/locationid=6971/year=2025/,members-sha256:a4f5401486b7c3eac798dafd33455d876daa3ef2adbf148ed91989fc1a217601,2026-09-26T06:10:13+00:00,83686fb1aa7596464f710de5b39c6069edb5ab6473f4c4ea8a04c3ff6aa5ba08,496880,90 daily files 20250302..20251231
locationid=6971/year=2026.zip,https://openaq-data-archive.s3.amazonaws.com/records/csv.gz/locationid=6971/year=2026/,members-sha256:058ad4cf27bfb676df483d260eb19b2c9c3c58b01fbc65badc2b693c7e2dd491,2026-09-26T06:10:13+00:00,4ce556bdfd93b02ab5252516416aece04f7a8e298e3f07db4f76a755d83a7c04,454893,81 daily files 20260101..20260331
locationid=6967/year=2025.zip,https://openaq-data-archive.s3.amazonaws.com/records/csv.gz/locationid=6967/year=2025/,members-sha256:bd7b93f4f2bbfdcf17b4f6754987a6f4a14e20023bd36f752f55c1967c2aa7e1,2026-09-26T06:10:16+00:00,315ab997a3b7778529b6860add7ac4ea0989336e7596809cded061978b6552ba,1090133,253 daily files 20250219..20251231
locationid=6968/year=2021.zip,https://openaq-data-archive.s3.amazonaws.com/records/csv.gz/locationid=6968/year=2021/,members-sha256:4343a56ce2e4d7696a037b88de76379c33f9229830e270eba44deb9d09e29195,2026-09-26T06:10:17+00:00,f37071c9bb3ddd88c6bdc54c44f687ab44234caf319b9284c5ed4fed3c3ed796,248793,243 daily files 20210101..20211231
locationid=6970/year=2021.zip,https://openaq-data-archive.s3.amazonaws.com/records/csv.gz/locationid=6970/year=2021/,members-sha256:18eede8c3492c4dc48011487dcd0e91bed9cb4afe94bb1b206848a51a5604176,2026-09-26T06:10:21+00:00,5b558f6be2aae59631c4be5d037d4fbd50b1ceae78d509e1cf89c953400d4a95,201234,154 daily files 20210102..20211230
locationid=6966/year=2020.zip,https://openaq-data-archive.s3.amazonaws.com/records/csv.gz/locationid=6966/year=2020/,members-sha256:24e12c9ba3a63a73c09476e362394635eca4ab35097aaa417ff3075377023176,2026-09-26T06:10:21+00:00,95ae4f0723c05f977ccbf89eb3e0ed12b1b826b9648094c9e454eabde42c584e,557479,337 daily files 20200101..20201231
locationid=6970/year=2019.zip,https://openaq-data-archive.s3.amazonaws.com/records/csv.gz/locationid=6970/year=2019/,members-sha256:56262b85d9d0c1ba7b1a413b7b1adac18c28849473b7cd3d9e98a5d25358f9dc,2026-09-26T06:10:25+00:00,dd488cc24ddea61301526a7e7d8f8d2ebace5e640e03afc172ec9fd7538424e0,471769,192 daily files 20190212..20191231
locationid=6972/year=2022.zip,https://openaq-data-archive.s3.amazonaws.com/records/csv.gz/locationid=6972/year=2022/,members-sha256:2a31e445b862fbbf87555e83bf6d598f8a447bf5157f52a890ae6a43b910ccb8,2026-09-26T06:10:28+00:00,e1d70cdf67abe70c975a1d33575a654be0205782864f775a3c1444fa2fdefdb0,117857,98 daily files 20220101..20221031
locationid=6972/year=2026.zip,https://openaq-data-archive.s3.amazonaws.com/records/csv.gz/locationid=6972/year=2026/,members-sha256:75392badea7158879dbfcb5ca81cfc4405232ab4d724ab92b72bce67f7608f1f,2026-09-26T06:10:29+00:00,be6b1fbdd581aff00827d7900e340d595204ee512078d8425dfa3c42163cf69f,452765,81 daily files 20260101..20260331
locationid=6972/year=2025.zip,https://openaq-data-archive.s3.amazonaws.com/records/csv.gz/locationid=6972/year=2025/,members-sha256:2388a74bc991a739a938c95e17890ab5c163c0203ed90cc13bc56e81fa347266,2026-09-26T06:10:29+00:00,a107d4aa61a5409d6eda3c2f5d5b364ec511dd7aaf3c986b51e0a5725260fdac,471035,87 daily files 20251004..20251231
locationid=6973/year=2018.zip,https://openaq-data-archive.s3.amazonaws.com/records/csv.gz/locationid=6973/year=2018/,members-sha256:8731f4d8886b46874b23a48e2dca23c0a2d51ca0ce777ca5cbb0f01692d09d01,2026-09-26T06:10:30+00:00,120c23109ce76146b7ed507260bb7176d27208e53656aae0457e5e9620399ebe,147322,74 daily files 20180810..20181119
locationid=6967/year=2020.zip,https://openaq-data-archive.s3.amazonaws.com/records/csv.gz/locationid=6967/year=2020/,members-sha256:ed14d63e60cb2ceeacc9d984e8d17c9d9f63d2418504bc4918398c2b738b0fb6,2026-09-26T06:10:33+00:00,27eec55965b05a1ee6f3e3bb1ab4e721b6315092c5fab3a972c9ff59f2e25f21,530854,341 daily files 20200101..20201231
locationid=6973/year=2022.zip,https://openaq-data-archive.s3.amazonaws.com/records/csv.gz/locationid=6973/year=2022/,members-sha256:bc671b2f201c122a691c26cece9e2422e021b7b2ab80bb829139d33385953768,2026-09-26T06:10:41+00:00,b029bf39dbe83f2f48e24556727cd6e35f6e60876106396320b2b3a570a15e0c,90359,88 daily files 20220101..20221031
locationid=6973/year=2026.zip,https://openaq-data-archive.s3.amazonaws.com/records/csv.gz/locationid=6973/year=2026/,members-sha256:2d1c50467abf787ac2f268430546afc2b7c7bc2e848e58dc8f5f4be4a2428425,2026-09-26T06:10:42+00:00,e53b8ddf344af830ec7a19cf2869e949f07e348ed8b26dd7b48628b512fe7655,429721,81 daily files 20260101..20260331
locationid=6968/year=2020.zip,https://openaq-data-archive.s3.amazonaws.com/records/csv.gz/locationid=6968/year=2020/,members-sha256:0e96406630c64cfb009d5be417fd3c0fcc441aadda4282f9e2710739f6fbe978,2026-09-26T06:10:44+00:00,620db1f7e5a705a50ba2b2b816dc4adf800aff7853c2cf1d601b373539543e7c,443133,323 daily files 20200101..20201231
locationid=6968/year=2025.zip,https://openaq-data-archive.s3.amazonaws.com/records/csv.gz/locationid=6968/year=2025/,members-sha256:e3820a2457890224903052dfaebdb6cf9eeb6c456b8c831a3a3ddd3d460b5c71,2026-09-26T06:10:45+00:00,eeaf2fbe1ac57fe2997fb3ec48dad305e50a80e93c6ac959dd33f86847bda7ce,1099228,310 daily files 20250219..20251231
locationid=6972/year=2021.zip,https://openaq-data-archive.s3.amazonaws.com/records/csv.gz/locationid=6972/year=2021/,members-sha256:bc99b3b4806a3a02cb148c422982886c0928b53416f6f470c784e68adb575151,2026-09-26T06:10:49+00:00,05df63247fd493563d29e9fcd3b150cd500254140312e750166e656fe6c1c32a,242550,164 daily files 20210101..20211231
locationid=6974/year=2018.zip,https://openaq-data-archive.s3.amazonaws.com/records/csv.gz/locationid=6974/year=2018/,members-sha256:3353f63573cc409af245f92ddae2922e7018042899a685416b2af47b53a2759c,2026-09-26T06:10:51+00:00,29c9b411e148318cc92dd6b8353bc865a130b72ec7099e4e3725c5e579576d9d,194241,99 daily files 20180810..20181119
locationid=6974/year=2022.zip,https://openaq-data-archive.s3.amazonaws.com/records/csv.gz/locationid=6974/year=2022/,members-sha256:d6f7a1fe2f33cd6a0997452a55d88ecf96dbf27e49c0f5c2fd3e2e199d386d1a,2026-09-26T06:10:53+00:00,2ce0862fc2a5b45e59eb79023f15ea9d40bd8c214b1a7dd03a2d7a9e091e6d52,94108,93 daily files 20220101..20221031
locationid=6972/year=2019.zip,https://openaq-data-archive.s3.amazonaws.com/records/csv.gz/locationid=6972/year=2019/,members-sha256:ae6be81ed63a54a857bb1f48e47d4098f5b65590395adc452289d9218c42b177,2026-09-26T06:10:55+00:00,ef6687bbe6cfe2ad941d4a2c34dbb04269af9deb2238275a0efc8592b8ec09b8,549876,189 daily files 20190212..20191231
locationid=6969/year=2020.zip,https://openaq-data-archive.s3.amazonaws.com/records/csv.gz/locationid=6969/year=2020/,members-sha256:202daf9a12fbd3bbea58863c3083d84f9aebe1443a5fa544786ffe0810ef90e7,2026-09-26T06:10:56+00:00,ef8e6c57a8a1e1a68cd5300b5348cad95101ce7962f059cb5c6142c51c1a4477,467532,311 daily files 20200101..20201231
locationid=6974/year=2026.zip,https://openaq-data-archive.s3.amazonaws.com/records/csv.gz/locationid=6974/year=2026/,members-sha256:e2059fe3f89bdb7207670624fb2edfcb423dda9920c77b24b5a164cb29d7d457,2026-09-26T06:10:57+00:00,3df9d66e9c9f05f971888dd580f038fef267ac7d6a0f8f8edfc17467159bfdee,390389,80 daily files 20260101..20260331
locationid=6973/year=2021.zip,https://openaq-data-archive.s3.amazonaws.com/records/csv.gz/locationid=6973/year=2021/,members-sha256:31159bda721364f709f4b7c2213ef44ba8d8663d34a14c45a258908df10208a0,2026-09-26T06:10:57+00:00,997ed0da6c543b0c1247563d1b2e0982ccd425865323b05df24c4119ace52d05,194802,153 daily files 20210102..20211230
locationid=6975/year=2018.zip,https://openaq-data-archive.s3.amazonaws.com/records/csv.gz/locationid=6975/year=2018/,members-sha256:ab3d9b0a9a3493205a39264a1c925cddfcb0d6dae5510b98b7772f31e4730d3b,2026-09-26T06:11:03+00:00,27962bd9c7a4985375a962bc0aeecc1167b5d584c6328abf0104994335e61ec3,200734,95 daily files 20180810..20181119
locationid=6974/year=2021.zip,https://openaq-data-archive.s3.amazonaws.com/records/csv.gz/locationid=6974/year=2021/,members-sha256:56067f7e27bf02b150fc1752da104fa721e2d055d583739e9f10e594162348b6,2026-09-26T06:11:06+00:00,d6be72a510c9f6eea12c4336bf06ea2dab6cac4b831d0238ac438f7dbcda9db3,163320,131 daily files 20210102..20211230
locationid=6975/year=2026.zip,https://openaq-data-archive.s3.amazonaws.com/records/csv.gz/locationid=6975/year=2026/,members-sha256:c93c9d99d033f2d0ac21d2147fd9c7b207805f9caec8f4a8ec9b4b0ff8ab2e9f,2026-09-26T06:11:10+00:00,238ff04a80b3000d6a1a40fd1d7f3ebd77e63a606af278ca05e51935a242a60a,367167,77 daily files 20260101..20260331
locationid=6975/year=2022.zip,https://openaq-data-archive.s3.amazonaws.com/records/csv.gz/locationid=6975/year=2022/,members-sha256:bf0e4aeb2d6c2d0449d1cf80bbbc82588a8ba2a79766f3a8b9f6bf70f70eae7b,2026-09-26T06:11:10+00:00,e813e4846028f4198e1806be064f67d6c06f27deae5e173538010e526ca6c8d1,83383,85 daily files 20220101..20221031
locationid=6970/year=2020.zip,https://openaq-data-archive.s3.amazonaws.com/records/csv.gz/locationid=6970/year=2020/,members-sha256:6263f620ceab4a3e83d6173de2299c1854ee366c1f4dee4dbda4f3a64801bdd4,2026-09-26T06:11:11+00:00,4f37bf008f2fc567c38ec54d845c921cdc519ad801cab259625da49b1078c498,457382,318 daily files 20200101..20201231
locationid=6973/year=2019.zip,https://openaq-data-archive.s3.amazonaws.com/records/csv.gz/locationid=6973/year=2019/,members-sha256:09e66e05b310f88a2a4c1e7df4997e4533f26bfdf8b09a5451a81801ea8b2bd0,2026-09-26T06:11:12+00:00,574bb0fa18334affdfde1ae6ad22fc92e80f1d5fec9142ed94f0e165361206d9,478911,189 daily files 20190103..20191231
locationid=6974/year=2019.zip,https://openaq-data-archive.s3.amazonaws.com/records/csv.gz/locationid=6974/year=2019/,members-sha256:e4824df2ea426a24b17cecfd5048ef88b0975de04ed2fdb682f344356649e82e,2026-09-26T06:11:20+00:00,2b18a85581a40dd24f09ce7b10c8b5c69c04ac4d1f9c17ba9b013ff8b5ed72e3,450795,188 daily files 20190103..20191231
locationid=6976/year=2019.zip,https://openaq-data-archive.s3.amazonaws.com/records/csv.gz/locationid=6976/year=2019/,members-sha256:bb37c6f666ba4e12463c8648970608bdae61d04ce1aa5294a0a704df93285616,2026-09-26T06:11:22+00:00,9a422f1570b4d9cf7fe3a5ced2c23b3f998df866edd068f2bb94f43b347deab6,195926,91 daily files 20190703..20191231
locationid=6975/year=2021.zip,https://openaq-data-archive.s3.amazonaws.com/records/csv.gz/locationid=6975/year=2021/,members-sha256:51d982a67e1e19104fa0d0b02fe2ec1d6890920bf74318ba6ec1a3556f36eb1f,2026-09-26T06:11:25+00:00,9f23b7bdc860bddac8ae604befbb368ff5c27eaac2e97659927a77ff0faf2ef9,168335,146 daily files 20210101..20211230
locationid=6976/year=2026.zip,https://openaq-data-archive.s3.amazonaws.com/records/csv.gz/locationid=6976/year=2026/,members-sha256:9c1b4859420454dc07d956cffef4bd41ecf05c59f3f7f5be7ed09b62b74417a4,2026-09-26T06:11:26+00:00,eccd98f9ba6384f1047236aa17b40d8dad0e6c43747e4c47d9a26217ebb477ef,435823,81 daily files 20260101..20260331
locationid=6976/year=2022.zip,https://openaq-data-archive.s3.amazonaws.com/records/csv.gz/locationid=6976/year=2022/,members-sha256:8106f6e735555f875bb26078b8e837175bebd39bb868d45cdfddc8c829733ab8,2026-09-26T06:11:32+00:00,b9fe5acb3e10afe8ac24663e164b0d79ae40b99fc056a55f7b223bc53be2b62b,106267,111 daily files 20220101..20221031
locationid=6975/year=2019.zip,https://openaq-data-archive.s3.amazonaws.com/records/csv.gz/locationid=6975/year=2019/,members-sha256:df3aa6af70464c08c4c3d16eb3f92d305e9bf50e8cf4a07a003434e58823a92e,2026-09-26T06:11:34+00:00,e905ffd81ac70209ba34724b9912ed211c1f740ffefe6d745ff2d98b5da2ecf9,431933,183 daily files 20190103..20191231
locationid=6979/year=2022.zip,https://openaq-data-archive.s3.amazonaws.com/records/csv.gz/locationid=6979/year=2022/,members-sha256:e47c996bb1c60aced1d65f5547906bcdfbaf6d465babf01a81e9b7e93ed59776,2026-09-26T06:11:39+00:00,2df74de0d960859fb5f2150300222015aec03756a0dd4ce74deec77b9006414b,21057,29 daily files 20220101..20220131
locationid=6978/year=2018.zip,https://openaq-data-archive.s3.amazonaws.com/records/csv.gz/locationid=6978/year=2018/,members-sha256:63f10393a62b41a9a259cc4d7b32c7de3f812dcdcb5ad9dc4f7e8f1420f09a41,2026-09-26T06:11:39+00:00,10f2dda2f047793b74e54649a595eb7d4dc4c162a6b41b9fc48861b8ee539c2a,254888,112 daily files 20180810..20181228
locationid=6972/year=2020.zip,https://openaq-data-archive.s3.amazonaws.com/records/csv.gz/locationid=6972/year=2020/,members-sha256:ea5f044bc51c6e659038ea641afb77f66fc29faf3bf92061ad350310358f4f87,2026-09-26T06:11:41+00:00,304c684319d2992e5955bed61ca69065db1211eeaff5bd17319080582580f612,517932,326 daily files 20200101..20201231
locationid=6978/year=2026.zip,https://openaq-data-archive.s3.amazonaws.com/records/csv.gz/locationid=6978/year=2026/,members-sha256:d20f9a0287ea544fd6ccebbbc14197fdd49db9fc9ef8c968a02ae1f10a8f2c11,2026-09-26T06:11:44+00:00,70da0429a5557ca825624202c496eff4a4427afa881511da0c4fcb5c07418870,412699,81 daily files 20260101..20260331
locationid=6978/year=2022.zip,https://openaq-data-archive.s3.amazonaws.com/records/csv.gz/locationid=6978/year=2022/,members-sha256:7caa1f64e734aed2a8dc41fb4fbc54175bfd4845b33027ffd882469bca32ff4f,2026-09-26T06:11:55+00:00,2072e03842fd94a7477088b3ebcb975f3f66406ad0c876332e580e486d656a90,129152,124 daily files 20220101..20221031
locationid=6974/year=2020.zip,https://openaq-data-archive.s3.amazonaws.com/records/csv.gz/locationid=6974/year=2020/,members-sha256:ee8b70bce71fd90572d6751b00169b63752f6b8dae9c8ffe47a98a4b9a236e6b,2026-09-26T06:11:56+00:00,2a1bc2565d1c832a75165154390e9a24470d7fa287a604687adddf81293670dd,358361,284 daily files 20200101..20201229
locationid=6974/year=2025.zip,https://openaq-data-archive.s3.amazonaws.com/records/csv.gz/locationid=6974/year=2025/,members-sha256:31b2a395c58399443cdb5b741666ac0a79022f3d2adeed5842364e6ac342d4cf,2026-09-26T06:11:56+00:00,e791649e9cf518e46911509dcdfdb40facb1a0ed5c2555113a2b3786aeb51b47,1007707,260 daily files 20250219..20251108
locationid=6973/year=2020.zip,https://openaq-data-archive.s3.amazonaws.com/records/csv.gz/locationid=6973/year=2020/,members-sha256:fcc86841096066e455def16e6d90a64d74562896429c61f1e9533d05fbc4b9d3,2026-09-26T06:11:57+00:00,e389a382869a7d9004765f08e3b6e439a6c67a5bbfeb313c8a4f091e4916a99f,397740,313 daily files 20200101..20201230
locationid=6979/year=2018.zip,https://openaq-data-archive.s3.amazonaws.com/records/csv.gz/locationid=6979/year=2018/,members-sha256:6978d55129c725301947387520625d612447bbab7e484f50d964cbe88c65b5f3,2026-09-26T06:11:57+00:00,f23bc375b3b5f5d3f68df64b2de51c01fde006875e154cf8ab67d48a57840703,243042,112 daily files 20180810..20181228
locationid=6976/year=2021.zip,https://openaq-data-archive.s3.amazonaws.com/records/csv.gz/locationid=6976/year=2021/,members-sha256:1caf50a07037ff02b0441417c6ab06c36f3dac1235e09b4848e4d93758a5217a,2026-09-26T06:12:02+00:00,97e409eb2b7e44fc5e8f07f31b542ace9cde40f9f119cc02317c2620f8de8bd1,208235,192 daily files 20210101..20211231
locationid=6973/year=2025.zip,https://openaq-data-archive.s3.amazonaws.com/records/csv.gz/locationid=6973/year=2025/,members-sha256:94639ef78e3c4c019bdf65946dc7bc18fe0151922663cbd557166364e9fe55bf,2026-09-26T06:12:04+00:00,594d13f62a1cc63a21e362f4275ccf3d870e86669cb7ed1ebc5b6447f9038841,1251670,313 daily files 20250219..20251231
locationid=6978/year=2019.zip,https://openaq-data-archive.s3.amazonaws.com/records/csv.gz/locationid=6978/year=2019/,members-sha256:8c1f4e3040bef796e69e622cf77256139eb48bb792d80bfad441fba7eba1ea1e,2026-09-26T06:12:05+00:00,f302d894625c60e156fc3cbab72f4bac4286d87ad11720916f443e3116be32f6,514707,188 daily files 20190103..20191231
locationid=6976/year=2020.zip,https://openaq-data-archive.s3.amazonaws.com/records/csv.gz/locationid=6976/year=2020/,members-sha256:8f2b8af05eb6fde946c41c005c43dd6a4237d8453ac0645c9b9a9a1628c60ded,2026-09-26T06:12:10+00:00,955e14dbb3b7f05875486fa435f7edd0650efcefb70a74e6c0b3a4bf94dc9e02,313071,231 daily files 20200101..20201231
locationid=6980/year=2022.zip,https://openaq-data-archive.s3.amazonaws.com/records/csv.gz/locationid=6980/year=2022/,members-sha256:d969501fa3c609e94e014ae59e857d370b727a860525ff111256d9be15e2af5f,2026-09-26T06:12:13+00:00,35678e8a701ff68b72cef19f55ffcab5fa983e707937cc5874eb44bc896118ab,100868,94 daily files 20220101..20221016
locationid=6980/year=2026.zip,https://openaq-data-archive.s3.amazonaws.com/records/csv.gz/locationid=6980/year=2026/,members-sha256:0ed610b41b0688f6640145cf28a1b8142743ef9bdef7991171aea3131aa5ff5a,2026-09-26T06:12:14+00:00,2444b57941d76ff9358b4418469f81f1c075b6d7e63c4f620abad7b40f0d47e5,404145,81 daily files 20260101..20260331
locationid=6978/year=2021.zip,https://openaq-data-archive.s3.amazonaws.com/records/csv.gz/locationid=6978/year=2021/,members-sha256:cc1b388d9601d5391e4966b02659d27266167b97773aedecd532524767f192b8,2026-09-26T06:12:15+00:00,eb6d5d0bb272e5ed31b59ce569525bdbea828ec30ccd425b1f149d35946a1fa7,232927,199 daily files 20210102..20211231
locationid=6982/year=2018.zip,https://openaq-data-archive.s3.amazonaws.com/records/csv.gz/locationid=6982/year=2018/,members-sha256:31ac0bc6d78f108bef17c4de882ccddf8fb39774cf00f1bf96fdd05e7025cfea,2026-09-26T06:12:17+00:00,9b337e4f39057ae3fa7636a501bf4e8f4f1bc87b9e6b5b618deb87183e884b23,50194,31 daily files 20181003..20181116
locationid=6982/year=2026.zip,https://openaq-data-archive.s3.amazonaws.com/records/csv.gz/locationid=6982/year=2026/,members-sha256:9fff14e0a0dc2cd5b88b53f84d6280b09cbb4109eb8e2739ad06e7039d8f1ef6,2026-09-26T06:12:19+00:00,4b89dacbea91f653fc079df1e3fb9b80c59e71512e95c873886ae47a4bc9230a,2202,2 daily files 20260312..20260313
locationid=6975/year=2020.zip,https://openaq-data-archive.s3.amazonaws.com/records/csv.gz/locationid=6975/year=2020/,members-sha256:6d4cbbb3bfc54f3be9cfe299773058707a269a7615f3adeb0c72d5ec93bfa98b,2026-09-26T06:12:23+00:00,fc896ec38fdc9312ff8f1263479b1d08b272bf32f908d96b8159ef4b5fab362b,382776,318 daily files 20200102..20201230
locationid=6979/year=2020.zip,https://openaq-data-archive.s3.amazonaws.com/records/csv.gz/locationid=6979/year=2020/,members-sha256:31f63af7062b4b66a83d2a579d701ed00b87bed3a47651c4c59721bac5e35386,2026-09-26T06:12:28+00:00,c9ff5a953752a5f3dcd548f7292a4b1b736ff9034c436141b43c8d11f7d4b3a7,185063,176 daily files 20200101..20201231
locationid=6979/year=2019.zip,https://openaq-data-archive.s3.amazonaws.com/records/csv.gz/locationid=6979/year=2019/,members-sha256:b9276fa707610a7f53be909ad24255b0a763d6e336a039fedfe4e1af40c1cc00,2026-09-26T06:12:29+00:00,95b754df96678b7bc214d06e9e19a3db9ea33469bfdfd1038996bd8cd7576f5a,530299,196 daily files 20190103..20191231
locationid=6981/year=2026.zip,https://openaq-data-archive.s3.amazonaws.com/records/csv.gz/locationid=6981/year=2026/,members-sha256:ee0351f2408a535214a9d9a6dce74de5e629fc12a483cd13db3e8238f4fcb9b0,2026-09-26T06:12:31+00:00,78416535491d7afa82b4dfd829d944472bd81b69c63c3a70f1c2a62b71957ea8,537517,81 daily files 20260101..20260331
locationid=6975/year=2025.zip,https://openaq-data-archive.s3.amazonaws.com/records/csv.gz/locationid=6975/year=2025/,members-sha256:c23dacd6fe0f7fdb8004fff30ce4ed9eb1a6619aa7000b3d5287e46fdc469d14,2026-09-26T06:12:33+00:00,b9c22679692e715c0da970c25ea62828dd037a0250280d152bfe3484fa913a54,1185612,309 daily files 20250219..20251231
locationid=6980/year=2021.zip,https://openaq-data-archive.s3.amazonaws.com/records/csv.gz/locationid=6980/year=2021/,members-sha256:4912fce551a1b08f2ca40d12a54eeb50247518db7bfbb7b21d59ce117c540060,2026-09-26T06:12:37+00:00,9377383794d3ad9ebabfd88f524bbebed643ef0301bed6389bcdc6bb306dc95d,208528,169 daily files 20210101..20211231
locationid=6981/year=2022.zip,https://openaq-data-archive.s3.amazonaws.com/records/csv.gz/locationid=6981/year=2022/,members-sha256:51dce8c059aeb1da795c5218ab1205ff6c186e12a388746fce7e728c93a6b02e,2026-09-26T06:12:37+00:00,c5f5f994e525472aa2e7fe83ed491f9874efea3dd208c22cec26818acaf52e57,125231,108 daily files 20220101..20221031
locationid=6980/year=2019.zip,https://openaq-data-archive.s3.amazonaws.com/records/csv.gz/locationid=6980/year=2019/,members-sha256:5aac82267c7492fe8e59b750b18ef394c2ca48ab0fb9cf1b3a45611e6350155f,2026-09-26T06:12:39+00:00,742d037f88b140db977be8dceced6dfb44237ce628bba697a8264bcbc0420df3,419031,172 daily files 20190628..20191231
locationid=6978/year=2020.zip,https://openaq-data-archive.s3.amazonaws.com/records/csv.gz/locationid=6978/year=2020/,members-sha256:d0fcf8e40829e2f0422ba809443d5b3ba6d3017420fd18bee5afd8028b271f24,2026-09-26T06:12:45+00:00,7eaa69be8abf05e13ec2a38c04e51145f35b2652cab19fcc94214ad4879f0e99,447560,289 daily files 20200101..20201228
locationid=6979/year=2021.zip,https://openaq-data-archive.s3.amazonaws.com/records/csv.gz/locationid=6979/year=2021/,members-sha256:36a2092f42e1bc60403e69692dd7b3cd53a696c3cba02af5f269c3ce4c386a2d,2026-09-26T06:12:46+00:00,710cd69c99b7b4b5a3b1ff136f1bfda88ce3737c6acbdd342466846af24ee349,252558,228 daily files 20210101..20211231
locationid=6976/year=2025.zip,https://openaq-data-archive.s3.amazonaws.com/records/csv.gz/locationid=6976/year=2025/,members-sha256:2696122ad1965ad194f7edbc8cf4d302e3aa99523e40ba2fde25d5f388bd17cc,2026-09-26T06:12:47+00:00,fddfcd0be3a482cd769d9813a214110f6c6f8d09fc0151f7a77ac287dfac208e,1399824,310 daily files 20250219..20251231
locationid=6982/year=2022.zip,https://openaq-data-archive.s3.amazonaws.com/records/csv.gz/locationid=6982/year=2022/,members-sha256:be8d36f6aa31c38d64b1cf8127e46374dca929e98438e6a7cb8bc88a2968f4dc,2026-09-26T06:12:49+00:00,623dde1689fbe33b47a32391110320a7a13072947f7e078adc9bc50442188690,114173,102 daily files 20220101..20221031
locationid=6982/year=2025.zip,https://openaq-data-archive.s3.amazonaws.com/records/csv.gz/locationid=6982/year=2025/,members-sha256:35abf1430fdc92e120a30d0ea3d29f58cfd9f5fa729796328b03975a62bc88b2,2026-09-26T06:12:50+00:00,23ae8a4f53069534d798177c68c5ed7c477d1c03bc1e21f1262e3a51108d8188,273108,95 daily files 20250219..20251029
locationid=6982/year=2019.zip,https://openaq-data-archive.s3.amazonaws.com/records/csv.gz/locationid=6982/year=2019/,members-sha256:f4898bfadaf7911ac35f612b8952f476eaea6ea2996198f1f66ce713e617c3b2,2026-09-26T06:12:53+00:00,702e25cff326735f949818d092b303700f314af522f8cb779c1b9990e86740bc,349964,138 daily files 20190103..20191231
locationid=6983/year=2018.zip,https://openaq-data-archive.s3.amazonaws.com/records/csv.gz/locationid=6983/year=2018/,members-sha256:cbb10ad5a3045f8daef8f7b1b84aedd2a611dce6e917b78ba28931a5246b3ca8,2026-09-26T06:12:58+00:00,e99d0d735784b41a8d892efa0b07ca5311b24c988625d7f7c36624672c62f818,202428,98 daily files 20180810..20181119
locationid=6981/year=2019.zip,https://openaq-data-archive.s3.amazonaws.com/records/csv.gz/locationid=6981/year=2019/,members-sha256:f6c8e99ce8eaab58c5770b73109f0cf4ccb228fda1ddef9429106cb3dba2ebd9,2026-09-26T06:12:59+00:00,ac5bdc85d128cdd1c0cbeb4c7aa4e62cd9d630f133ce75b70deade5dc79eae37,483866,178 daily files 20190619..20191231
locationid=6978/year=2025.zip,https://openaq-data-archive.s3.amazonaws.com/records/csv.gz/locationid=6978/year=2025/,members-sha256:8e075478bc8cbe4757b0bbeb64785577115b8797df5f549bbadd0c119e0c982b,2026-09-26T06:13:03+00:00,e47967790b16e3656dc22928a70aedfbd9d504f929716ee2189406434bf505b7,1434177,315 daily files 20250219..20251231
locationid=6982/year=2021.zip,https://openaq-data-archive.s3.amazonaws.com/records/csv.gz/locationid=6982/year=2021/,members-sha256:71d3bb24694ca8ac15c2f35e3e5841f5ee4cb4a4ae7734d82bbe304a13280364,2026-09-26T06:13:07+00:00,2518b757af52e96cc469c97812e0e2258dae4a754ea27ace9042a5e86269998a,202900,153 daily files 20210102..20211230
locationid=6984/year=2018.zip,https://openaq-data-archive.s3.amazonaws.com/records/csv.gz/locationid=6984/year=2018/,members-sha256:0acce11fed26721c427567656a7c109b06fdeb02f850d726d48cb624105cf901,2026-09-26T06:13:08+00:00,153e9a0e783cd27c1b482ffc77dcc5b9a11948d452d57a1978d50da805369096,159181,82 daily files 20180810..20181119
locationid=6983/year=2026.zip,https://openaq-data-archive.s3.amazonaws.com/records/csv.gz/locationid=6983/year=2026/,members-sha256:44a3cb0ed5d099f4947ba1ace206d58bd494d5cd315ecc5ee3074d4ec61f6eed,2026-09-26T06:13:09+00:00,27778ef9889707a26ab992cf3e7ee35a68d96d3b57c8ccd2ed7ff7047dcc2937,421428,81 daily files 20260101..20260331
locationid=6983/year=2022.zip,https://openaq-data-archive.s3.amazonaws.com/records/csv.gz/locationid=6983/year=2022/,members-sha256:216acda498a08c1089ff538fa285fdd8fb1489e04d9ec42cdf1052bb289fdd38,2026-09-26T06:13:09+00:00,7f9a4f119e948a540ac2ac5acb6470822a7c0f04832fbaa3a821f06f43335b4a,105584,100 daily files 20220101..20221016
locationid=6981/year=2021.zip,https://openaq-data-archive.s3.amazonaws.com/records/csv.gz/locationid=6981/year=2021/,members-sha256:6fa3fd2484d45d8a635301a852f73b10736f284fe1272f8cae3e45443ebd2457,2026-09-26T06:13:15+00:00,970a75ce090a34178fc5adf47e89c79439a98cb2ad72c472ec5d87fd9cbe00ce,244143,214 daily files 20210101..20211231
locationid=6983/year=2021.zip,https://openaq-data-archive.s3.amazonaws.com/records/csv.gz/locationid=6983/year=2021/,members-sha256:feb464c647f5914c87fbd035f59b86a98d81cd20161175d77ebe03ad96290945,2026-09-26T06:13:23+00:00,5463f3578fd862842f3d40c3ad4842a10f4744a46652e4175970e99585cb19e5,196698,150 daily files 20210101..20211231
locationid=6984/year=2022.zip,https://openaq-data-archive.s3.amazonaws.com/records/csv.gz/locationid=6984/year=2022/,members-sha256:dc5031a7e950060d50163beca176914254d4c4e473144187c8174be74bd49ab3,2026-09-26T06:13:23+00:00,c6f5f28c12029a483fdfe4d18998257cb96a59ae7d0783127805442a89cfd813,89768,93 daily files 20220101..20221031
locationid=6984/year=2026.zip,https://openaq-data-archive.s3.amazonaws.com/records/csv.gz/locationid=6984/year=2026/,members-sha256:6e72a190bfcc6261683acc316135202601d9f98eb51ace67ac7194c94ec6e27f,2026-09-26T06:13:23+00:00,0b7397097d9add6e02ad3924b908eeee64dfe4b7615b627620db03b8a191139e,373275,81 daily files 20260101..20260331
locationid=6983/year=2019.zip,https://openaq-data-archive.s3.amazonaws.com/records/csv.gz/locationid=6983/year=2019/,members-sha256:a440093cc050f0d7ef40ad10b5c913e21d8f944f7dc683939ba86d1f2107929f,2026-09-26T06:13:25+00:00,0d3cb8c5d25597117e5966791ba76569b4b91592a3ee9175d805284a966de57b,414243,169 daily files 20190103..20191231
locationid=6981/year=2025.zip,https://openaq-data-archive.s3.amazonaws.com/records/csv.gz/locationid=6981/year=2025/,members-sha256:23d17fb0a66a0a7c956d4ab36b72118fb5dbb7c2f3e21514709374b9d1bc6a66,2026-09-26T06:13:36+00:00,912a52f10b5ae1cd431b2680554acf06618d106d0b7bbb250f1b60fdb59b6492,1435912,268 daily files 20250219..20251231
locationid=6985/year=2018.zip,https://openaq-data-archive.s3.amazonaws.com/records/csv.gz/locationid=6985/year=2018/,members-sha256:ceffdd5a196aaaedcd4edbb5cf594b8e0ca989e922ade5760be05af36ea9b443,2026-09-26T06:13:39+00:00,0a7c726bdfd32415c52d1c312c92cceffdd31d6578a9cfa5f98e3d4d5f10e8f5,216165,110 daily files 20180810..20181228
locationid=6980/year=2025.zip,https://openaq-data-archive.s3.amazonaws.com/records/csv.gz/locationid=6980/year=2025/,members-sha256:2b0bfd46c04d5fd8255d28ee199e6bb6a2248f44a7b7aa2b8b7d31d93311c572,2026-09-26T06:13:39+00:00,e175690b497088fab95662b453c9433d999fd9f96bb8531cf0a375a393e8d9b1,1373367,313 daily files 20250219..20251231
locationid=6980/year=2020.zip,https://openaq-data-archive.s3.amazonaws.com/records/csv.gz/locationid=6980/year=2020/,members-sha256:850de5b03e18b3cbb672d1f9679898e47409e94b0d3bb3c02af7153621968e7c,2026-09-26T06:13:40+00:00,f94781d0bbf1b9d45bfd5c38e1bfd3cc0c96c71f6aa3c8ec9c3b5c97e07d75d8,490982,337 daily files 20200101..20201231
locationid=6985/year=2026.zip,https://openaq-data-archive.s3.amazonaws.com/records/csv.gz/locationid=6985/year=2026/,members-sha256:467f4de1dc387ca21de706a42293986bc0f9cb0d30b357250becada7b3a34f1d,2026-09-26T06:13:42+00:00,96d847434b60c23177b65c8fbcfffb4708ab59c7b75ac6ac8d968007203e5480,431168,81 daily files 20260101..20260331
locationid=6984/year=2021.zip,https://openaq-data-archive.s3.amazonaws.com/records/csv.gz/locationid=6984/year=2021/,members-sha256:676c9c3180146f0e2dad2760e24753550e5e369c427c021be5000a47bd40274c,2026-09-26T06:13:47+00:00,b15e5f2ada4e328af033f74b73a984fff4ee7a4754feafb9c29de7afcb6558be,175138,155 daily files 20210101..20211231
locationid=6982/year=2020.zip,https://openaq-data-archive.s3.amazonaws.com/records/csv.gz/locationid=6982/year=2020/,members-sha256:435bd4b496f3cfa7becabc5b88f61e7a729a804200156da98870f388903b0f3b,2026-09-26T06:13:48+00:00,7532efbdcdd021a738a22a544540aabc0ecd6af8d1439e020ed535991b3d350f,343362,263 daily files 20200101..20201214
locationid=6984/year=2019.zip,https://openaq-data-archive.s3.amazonaws.com/records/csv.gz/locationid=6984/year=2019/,members-sha256:63d394f49d3c07917901a68e922c2307da41bd15a3bdb3cffb553d4bf9207f6e,2026-09-26T06:13:50+00:00,6f885a2cace9a7bbc9f4efec4eab8f2403b0c54e1b04077a2c294e8d7db9b050,477267,192 daily files 20190103..20191231
locationid=6985/year=2022.zip,https://openaq-data-archive.s3.amazonaws.com/records/csv.gz/locationid=6985/year=2022/,members-sha256:7f7fd885e1360f58cd0d27fae8557537448ef5e6b896f6aa049400f8a49d4790,2026-09-26T06:13:56+00:00,22fc7d09d4742ab889b28b61f0d9e1d750fe17feefa1a1bc9c4e027f9d0cdd2a,134301,123 daily files 20220101..20221031
locationid=6986/year=2026.zip,https://openaq-data-archive.s3.amazonaws.com/records/csv.gz/locationid=6986/year=2026/,members-sha256:e20eb31a778458cf0c5688896d0d7e6aeb72168f27cb0c74fd78d756a1c2edb0,2026-09-26T06:13:59+00:00,ac694277bddd9877460cd732e421bb8246605b9cde313ac79324da18025a2fe6,441335,81 daily files 20260101..20260331
locationid=6986/year=2022.zip,https://openaq-data-archive.s3.amazonaws.com/records/csv.gz/locationid=6986/year=2022/,members-sha256:4fa57beda250ae15078e77a0d359f53a498f852c41b860e9b56c6b4ed4a8ebf2,2026-09-26T06:14:00+00:00,00e9b67eb0f654ca06edf0bc551b30263c0c2e742b91a0c78535db61b6afaec8,108600,95 daily files 20220101..20221031
locationid=6985/year=2019.zip,https://openaq-data-archive.s3.amazonaws.com/records/csv.gz/locationid=6985/year=2019/,members-sha256:3345966c0a258f1c040fbd383840d0dd5af5e690ce0b36cb120dae047eb8cc42,2026-09-26T06:14:01+00:00,06a710fdabc618262bfc58c9d0a7d29f8d12901fc86c02746a544036b3509e08,443239,175 daily files 20190103..20191231
locationid=6981/year=2020.zip,https://openaq-data-archive.s3.amazonaws.com/records/csv.gz/locationid=6981/year=2020/,members-sha256:0db785832260acaebdb9abfb8e2bc8da0806c3f3a68387266f6c4cab9decde15,2026-09-26T06:14:04+00:00,455352836899f7dc88692fe03132eff54da4d35a36b7abce58033e19f54b6e82,577814,339 daily files 20200101..20201231
locationid=6987/year=2026.zip,https://openaq-data-archive.s3.amazonaws.com/records/csv.gz/locationid=6987/year=2026/,members-sha256:dc61fcfc9ea3a5ed1b4c7cc817e297c20af844c401145f269e23df6e710cd183,2026-09-26T06:14:14+00:00,2031a423c9601ffb4cce893a225b2ae50d0f3310b18c3cefa55af724ae519c40,188306,73 daily files 20260101..20260331
locationid=6986/year=2019.zip,https://openaq-data-archive.s3.amazonaws.com/records/csv.gz/locationid=6986/year=2019/,members-sha256:b89a18e348baade6531de651240de013ffe2579725fdb6b8ee8fbba7dd1ab3c3,2026-09-26T06:14:16+00:00,758beb17e9f4c1219a72976ed371dfc028380a38a5958bf9c70f1c4396f8011f,430593,173 daily files 20190628..20191231
locationid=6983/year=2020.zip,https://openaq-data-archive.s3.amazonaws.com/records/csv.gz/locationid=6983/year=2020/,members-sha256:630297faafb5725b0748076c1ab18139034e96385fa0f38bead0eb4926d77a6f,2026-09-26T06:14:20+00:00,8902c835c779b358a6cf1f96c0c466e08c3242d3ff09a35b97ffb55ea4c38627,475968,303 daily files 20200101..20201230
locationid=6986/year=2021.zip,https://openaq-data-archive.s3.amazonaws.com/records/csv.gz/locationid=6986/year=2021/,members-sha256:08e0f914514e6c091491656758b592b4219a52c3392e98259b42f74e72ecdcb4,2026-09-26T06:14:20+00:00,e0527488941c04502a0a55d62eb28dc5fce19e3a24af55dfc3d703dd5859347d,211436,159 daily files 20210101..20211231
locationid=6985/year=2021.zip,https://openaq-data-archive.s3.amazonaws.com/records/csv.gz/locationid=6985/year=2021/,members-sha256:8573d67f6ac0b718d11494b3c48cdcdb036c891a420e1d79341da283662d7d25,2026-09-26T06:14:22+00:00,73c7952227a90fd4eb99ec4d9805e5054a7f5d7e2ee0cbb283bfbe823fa38eb1,258354,216 daily files 20210102..20211231
locationid=6987/year=2022.zip,https://openaq-data-archive.s3.amazonaws.com/records/csv.gz/locationid=6987/year=2022/,members-sha256:d9a48d999e7a3ceb154e79425d314edea27e329481fb121998e7858a4885ce2e,2026-09-26T06:14:22+00:00,61b3c666b4a2ae0efd00731839c6ee44699ed265af9e429699da7df574dcd09a,128813,120 daily files 20220101..20221031
locationid=6983/year=2025.zip,https://openaq-data-archive.s3.amazonaws.com/records/csv.gz/locationid=6983/year=2025/,members-sha256:6438b1d79ac05654120463af6125ed50f4f0db00748840aa1f883f66d8060176,2026-09-26T06:14:28+00:00,cf0cd96d5d75a62a1cc8a8e8b47a9e57b4b7012ecc0f3f770000fb8c046e018b,1361375,313 daily files 20250219..20251231
locationid=6988/year=2026.zip,https://openaq-data-archive.s3.amazonaws.com/records/csv.gz/locationid=6988/year=2026/,members-sha256:71d3196a15418ce2067051db89d009c9c1d50638b774f01f1576e526b1450f94,2026-09-26T06:14:30+00:00,96c33e0530dda94ae91a4185195f328babb94bd619777e646906ade5aaaa6c95,448899,81 daily files 20260101..20260331
locationid=6987/year=2019.zip,https://openaq-data-archive.s3.amazonaws.com/records/csv.gz/locationid=6987/year=2019/,members-sha256:31832f485a9f2dd9b72dd4d6698bcd8b3e69af50adf315e2074f3218e6f75af9,2026-09-26T06:14:31+00:00,25c0f63146b4c166f7984054d7f5b755be8ffdec2ab55257beb3af8d1f096eb9,394254,152 daily files 20190619..20191231
locationid=6984/year=2020.zip,https://openaq-data-archive.s3.amazonaws.com/records/csv.gz/locationid=6984/year=2020/,members-sha256:c4926b404ac2c5036eb7783b2829c8efc57d605991a89ef2bd1de595773f0e15,2026-09-26T06:14:38+00:00,7c05534bc7aff5f302213342b8a3869108577058bbb0beb065b16a3f51de6b85,474736,315 daily files 20200101..20201230
locationid=6988/year=2022.zip,https://openaq-data-archive.s3.amazonaws.com/records/csv.gz/locationid=6988/year=2022/,members-sha256:4f3677df7e27018296bd7aafa4619f296431612eee6266790f2433fd2ff35a4e,2026-09-26T06:14:39+00:00,ce506c7cc696f0d64b8e0c41d004c9fe3e668dffb7cce49374a7936093ea4f74,112180,111 daily files 20220101..20221016
locationid=6984/year=2025.zip,https://openaq-data-archive.s3.amazonaws.com/records/csv.gz/locationid=6984/year=2025/,members-sha256:690d58e18bceea3dad48f4d44201d5ef346b75e172fa989b95be0d0cb5085584,2026-09-26T06:14:44+00:00,43071672bfb7a86343a38bacdb3f528eb8b08a327a7bd3bd0acccc2e6494b2e1,1196954,311 daily files 20250219..20251231
locationid=7005/year=2026.zip,https://openaq-data-archive.s3.amazonaws.com/records/csv.gz/locationid=7005/year=2026/,members-sha256:e4c938f9f92fc8a79a6f041837f3025018638584c95200bcdd6b4a71721137ab,2026-09-26T06:14:50+00:00,67c5be19392f13d4c5b0df317c7799a9f9985689a0d2a38678859bd512c89b7e,380680,80 daily files 20260101..20260331
locationid=6988/year=2019.zip,https://openaq-data-archive.s3.amazonaws.com/records/csv.gz/locationid=6988/year=2019/,members-sha256:75272e05e857df340cb208104b5e88c82d079f4bbb77217582aedd2467ccb7fe,2026-09-26T06:14:53+00:00,e0a1acd720bd10d28f2fc096803e07848c0f993b50759faa191cbac64423c0ee,410777,172 daily files 20190628..20191231
locationid=6985/year=2020.zip,https://openaq-data-archive.s3.amazonaws.com/records/csv.gz/locationid=6985/year=2020/,members-sha256:5e5bf70aab5bc405b03c80684ca4e5a7a25ea0657602e3dd88fd21e59aa99493,2026-09-26T06:14:54+00:00,9e78abc0bd26856f21fa388be0b426274ad66a4ca3a730c67352043d02e2ddb0,493080,317 daily files 20200101..20201220
locationid=7005/year=2022.zip,https://openaq-data-archive.s3.amazonaws.com/records/csv.gz/locationid=7005/year=2022/,members-sha256:d433b12acaa3b3b9cc63e4338f74690b3c17687ede4c4dcbc3e1088bca906dac,2026-09-26T06:14:57+00:00,ca86fd51a5177e335af7c2c7fff966a7c95583de4a88115277d5f43366fc25ee,102649,101 daily files 20220101..20221031
locationid=6985/year=2025.zip,https://openaq-data-archive.s3.amazonaws.com/records/csv.gz/locationid=6985/year=2025/,members-sha256:7637c8beeb1b76b3ac0079a99c32e2f921de33d05665aa07bec0ac593f9d6879,2026-09-26T06:15:02+00:00,ee03705990fae84207d362d0affd9fff33d3fabd617356eff15c497aca447ef2,1449955,315 daily files 20250219..20251231
locationid=7044/year=2018.zip,https://openaq-data-archive.s3.amazonaws.com/records/csv.gz/locationid=7044/year=2018/,members-sha256:1d3ab679bd9f6450e73769bbf2fab486655951fa732cedd2980740bc3945a010,2026-09-26T06:15:05+00:00,700327f78706abbcdcb9542167e4bc16f4badbacbdb3d2ffb8f5fbc99b9a9dcb,201033,104 daily files 20180810..20181228
locationid=7005/year=2019.zip,https://openaq-data-archive.s3.amazonaws.com/records/csv.gz/locationid=7005/year=2019/,members-sha256:ba07125220067eced2a01517b0c5edf74c16e15e512e5c92f3cab2f65ac65c08,2026-09-26T06:15:09+00:00,6e2b8e1d3f759f599ec9479048446bbcb07b767b58fb0c4bf06a5af339b9aaf4,398072,168 daily files 20190427..20191231
locationid=7280/year=2020.zip,https://openaq-data-archive.s3.amazonaws.com/records/csv.gz/locationid=7280/year=2020/,members-sha256:d563dd82da3b53a82c8dab2a819d404cc428b4d8d4a7162cf1fc37815b6f515d,2026-09-26T06:15:09+00:00,b3b9693aa7e99b45d621a2626cad1ee1f0641a0a2748048b3130c18f94329e62,1787,1 daily files 20200101..20200101
locationid=6987/year=2021.zip,https://openaq-data-archive.s3.amazonaws.com/records/csv.gz/locationid=6987/year=2021/,members-sha256:08b91844e72763613f84e8306ec3e5a91f6f3b392639aff3f56086f434e4567b,2026-09-26T06:15:10+00:00,6b659af79f4ec70cee7dad1752413e5eb8fbcbd4752287cb1456d9d684845983,292617,251 daily files 20210101..20211231
locationid=6986/year=2020.zip,https://openaq-data-archive.s3.amazonaws.com/records/csv.gz/locationid=6986/year=2020/,members-sha256:2a6fbc288f5ed3d586918ddab166be37b6f200e067602856f2413108340ab007,2026-09-26T06:15:19+00:00,4d6f86a2fe0f7cd5bb9351fb1cb5e7ea4880efe6fb2511574b30fb12a84bf830,520527,347 daily files 20200101..20201231
locationid=6988/year=2021.zip,https://openaq-data-archive.s3.amazonaws.com/records/csv.gz/locationid=6988/year=2021/,members-sha256:c07b769f09370fa967b7090c05a82efe4f4b9094cd92468b60151a179851045e,2026-09-26T06:15:20+00:00,03f10700a228781fe71999a500c854c8d4c1fe36264e251be2ed607e47a928b2,262411,242 daily files 20210104..20211231
locationid=6987/year=2025.zip,https://openaq-data-archive.s3.amazonaws.com/records/csv.gz/locationid=6987/year=2025/,members-sha256:a73b365bca19b85382ab245532160e0d47ed5d5f1b94c97d0e983b34865f5c1d,2026-09-26T06:15:20+00:00,a4941142d236a03f41a646d6b8cba651be10be632ae947f334ada4895c23508b,1142630,263 daily files 20250219..20251231
locationid=6986/year=2025.zip,https://openaq-data-archive.s3.amazonaws.com/records/csv.gz/locationid=6986/year=2025/,members-sha256:9a11d2f43e29ed171cca11785319575b2e6910dae1c23355afaeec903f43b647,2026-09-26T06:15:20+00:00,95679080fdfeab64713827c042bfd71c9722231fbf93d5366e05dbad11d94d9f,1493090,315 daily files 20250219..20251231
locationid=7140/year=2019.zip,https://openaq-data-archive.s3.amazonaws.com/records/csv.gz/locationid=7140/year=2019/,members-sha256:6417f966f953d59a8bab43f0c46474f721aa40ef8bb0a8247036a2b868bf7da2,2026-09-26T06:15:24+00:00,671e67962a7e3f4e8258e090215596a6a945a7e7776da0a4351ba4016db11ca1,199667,107 daily files 20190807..20191231
locationid=7044/year=2022.zip,https://openaq-data-archive.s3.amazonaws.com/records/csv.gz/locationid=7044/year=2022/,members-sha256:dd6b1dabdf29eb7b2e2cc03bedbf14c9e39b21cb7412166a2abee86a46618020,2026-09-26T06:15:26+00:00,9aa6915d662598faf416a28c91543d493136d831bc43026dbaee311c4a166a36,142266,128 daily files 20220101..20221031
locationid=7140/year=2026.zip,https://openaq-data-archive.s3.amazonaws.com/records/csv.gz/locationid=7140/year=2026/,members-sha256:c5cf77febefc4882a3268fdfd0651e122e8cf5780345bd75604bd104e4b902ab,2026-09-26T06:15:27+00:00,a7d6690d68916c3fcf5d767b4f32be614ae124001d4189fc44a4705e8e80150d,392325,81 daily files 20260101..20260331
locationid=6987/year=2020.zip,https://openaq-data-archive.s3.amazonaws.com/records/csv.gz/locationid=6987/year=2020/,members-sha256:4752ade99f588c215f890523dedf97f0a53074e0bd9ce6cf7d7980d8cdf3172f,2026-09-26T06:15:28+00:00,c6e79426b838a69d3906b21ef754920118c19538d09e9bc0df46c06c26983150,480794,305 daily files 20200101..20201231
locationid=7044/year=2019.zip,https://openaq-data-archive.s3.amazonaws.com/records/csv.gz/locationid=7044/year=2019/,members-sha256:d90bc8cdb5e5eb5e975b51dcd828c72f8e7075b9665ded0eb62626b6c743b9f1,2026-09-26T06:15:31+00:00,b51e8a781ee06c9ada74e965a5e0794d78cd1fb14a625a4a5275e9d95cbcd6f4,429623,174 daily files 20190103..20191231
locationid=7140/year=2022.zip,https://openaq-data-archive.s3.amazonaws.com/records/csv.gz/locationid=7140/year=2022/,members-sha256:1d4969e9795bee54e6dd60671cbf6cc5fb768ee304f05630b5238a292fcbb04b,2026-09-26T06:15:31+00:00,a217bb805cd718cc6a3209a95cebedc0623cb8a3a4a754d4254b33e6aed81566,122515,108 daily files 20220101..20221016
locationid=7280/year=2026.zip,https://openaq-data-archive.s3.amazonaws.com/records/csv.gz/locationid=7280/year=2026/,members-sha256:206d6f739c11c5b465f4344d02af04ed59e5622e312f9d4e5ef3b4f76f65b5dd,2026-09-26T06:15:43+00:00,dad50a31e5c9d46e0c209ef67cac4414dae4c33a638d671031e541f6686ac32c,466641,81 daily files 20260101..20260331
locationid=7280/year=2025.zip,https://openaq-data-archive.s3.amazonaws.com/records/csv.gz/locationid=7280/year=2025/,members-sha256:9b1d21e0a78c4c456306aaa15e4ec1a4aae6b9789f95e7d2780954beb49cc43b,2026-09-26T06:15:43+00:00,86b6ef7e4183f08bc80daefb1c3430b83dd1efd899c19550550409852870e748,520415,90 daily files 20250930..20251231
locationid=7005/year=2021.zip,https://openaq-data-archive.s3.amazonaws.com/records/csv.gz/locationid=7005/year=2021/,members-sha256:64914d56c2b04376e3b3473542d28a465f2b6a127d3a54c3a3169af1ecdb4175,2026-09-26T06:15:44+00:00,4cd9cdc312d8467f482b01bcdd892fa911800feba56c0662e6504de7ab44a55d,267417,248 daily files 20210101..20211231
locationid=6988/year=2025.zip,https://openaq-data-archive.s3.amazonaws.com/records/csv.gz/locationid=6988/year=2025/,members-sha256:f09bd1a0042de9163d17e54000b8931c5133cb82f24306d8183728784b8f5989,2026-09-26T06:15:47+00:00,ba9cda9afe564301cf4e4584e2f515a5c0822fe9d110cd3be4b3a3abef052260,1324250,297 daily files 20250219..20251231
locationid=6988/year=2020.zip,https://openaq-data-archive.s3.amazonaws.com/records/csv.gz/locationid=6988/year=2020/,members-sha256:f91d64cc0578db617e0d9be944c87653e1dff2380e553a3c070b9fc00623dc37,2026-09-26T06:15:51+00:00,acdcf7fbcfec864a6d549797862320341cae556d20e0432dea2925004bfb9d1d,474414,335 daily files 20200101..20201215
locationid=7289/year=2020.zip,https://openaq-data-archive.s3.amazonaws.com/records/csv.gz/locationid=7289/year=2020/,members-sha256:d06e3686d249a3b16a3d7293938f012bdd5acf6d32e0cee7e225c51134e149ae,2026-09-26T06:15:53+00:00,772dc42fd64adc5862fa3b42c3867bb3153ebabf27de65be5182ba864382f2c9,4703,3 daily files 20200101..20200103
locationid=7282/year=2026.zip,https://openaq-data-archive.s3.amazonaws.com/records/csv.gz/locationid=7282/year=2026/,members-sha256:44f0db87e7c9c7f03857331eca0a2fccd3a9a1608055338d16f87e5d979a4804,2026-09-26T06:16:00+00:00,f421e3a8eb852a70eb5085c849b132442d1e955701d40f8570694a0b0d7badd5,506956,81 daily files 20260101..20260331
locationid=7281/year=2022.zip,https://openaq-data-archive.s3.amazonaws.com/records/csv.gz/locationid=7281/year=2022/,members-sha256:fc0e12ec829114baaec4e1d226399edd29209ab4c867b80aa625b9da16c1c719,2026-09-26T06:16:00+00:00,d8132440b2367f840bf7decb91642fce406eaf9813cb23c3446571393ef559df,131333,118 daily files 20220101..20221031
locationid=7282/year=2025.zip,https://openaq-data-archive.s3.amazonaws.com/records/csv.gz/locationid=7282/year=2025/,members-sha256:3a8f92b4e056d098331003179b9dfe2a745bc2d83bfad41e98cf44d92d64522b,2026-09-26T06:16:04+00:00,36726d83c33ef315bec2358823d275003c52c997f72ec590944796435b235375,561547,93 daily files 20250928..20251231
locationid=7292/year=2020.zip,https://openaq-data-archive.s3.amazonaws.com/records/csv.gz/locationid=7292/year=2020/,members-sha256:3496c5d0390b97e6d88893f8e7a64d2d51ad74466aad14f784532079b008f4bf,2026-09-26T06:16:06+00:00,c34022d898bd73416ec92a7c9aab32606b2697c79c63ed73fc10d8bcf114001d,8184,6 daily files 20200101..20200106
locationid=7044/year=2021.zip,https://openaq-data-archive.s3.amazonaws.com/records/csv.gz/locationid=7044/year=2021/,members-sha256:d29f05482790f0fba3ae9a5eca9014526b24f165b5134449d05c5f4b4342a508,2026-09-26T06:16:07+00:00,5c54dd184874aa27db7fbf80351365c43da2a57f4fb68cbb074f70c1b87e25ec,313259,263 daily files 20210101..20211231
locationid=7283/year=2026.zip,https://openaq-data-archive.s3.amazonaws.com/records/csv.gz/locationid=7283/year=2026/,members-sha256:f12f92475459f2609e72ce7d26f22cf8d1418d371403f65edb6bdbee276a9a4f,2026-09-26T06:16:09+00:00,6eec70de75aad3fb94af6f40bae2a5786c40b3eb42775e7d2459402531976f18,429875,73 daily files 20260101..20260331
locationid=7280/year=2019.zip,https://openaq-data-archive.s3.amazonaws.com/records/csv.gz/locationid=7280/year=2019/,members-sha256:33feb57093614d6764b577f6414e7fb3cc27ce3a9b5de168b82fbfeadc97f44a,2026-09-26T06:16:09+00:00,da642787e89a0584ec97576d61d8b38e546e049e16937fa9522aa95e21a1dd04,456379,171 daily files 20190212..20191231
locationid=7282/year=2022.zip,https://openaq-data-archive.s3.amazonaws.com/records/csv.gz/locationid=7282/year=2022/,members-sha256:dbb6e325b6644cce393899c0097e743f2663545632f5b758944d3835105c895e,2026-09-26T06:16:11+00:00,138016970fcc2ffa534712324f95ecfbfa381e3780e23c4c1e9e7b4374cddb7c,143341,122 daily files 20220101..20221031
locationid=7005/year=2025.zip,https://openaq-data-archive.s3.amazonaws.com/records/csv.gz/locationid=7005/year=2025/,members-sha256:5fecf2eb9a69c9f9a33fd4b1f6c296fcd7a4825971a4848dd5de8f03a2880e46,2026-09-26T06:16:11+00:00,069ba8f9e0f337dd1e7f776d2aa17853354d0739f727ef2d0f65d5df01ec46e3,1283660,308 daily files 20250219..20251231
locationid=7299/year=2020.zip,https://openaq-data-archive.s3.amazonaws.com/records/csv.gz/locationid=7299/year=2020/,members-sha256:3c6255ac0b7ed90b47f57b3a162a6b33662e125f4c248b19fb47c00ab6eb721f,2026-09-26T06:16:14+00:00,d2951ec2af65e0c97139259bb613cc4308ea5f7d43309dbb6e3e62037215c646,9810,7 daily files 20200101..20200107
locationid=7005/year=2020.zip,https://openaq-data-archive.s3.amazonaws.com/records/csv.gz/locationid=7005/year=2020/,members-sha256:225a8b44351502c7f198cd6b32d7a2bdff3f6b2b62d5e56670d7a7dc37b0564f,2026-09-26T06:16:15+00:00,eca8eeba5502c6744587a8ffe0bf3ec113aa5593b8d5845b85bb87cd5c7092ca,486232,338 daily files 20200101..20201231
locationid=7283/year=2025.zip,https://openaq-data-archive.s3.amazonaws.com/records/csv.gz/locationid=7283/year=2025/,members-sha256:aaafbfc4dfed06640dad07ca58aea234554ea9623aeeb5975abc8cde3189a847,2026-09-26T06:16:15+00:00,2a354a1f90fcbc8d9db31564b054737e6d024f0541b9a2c69264729aa8af95cf,426044,89 daily files 20250327..20251231
locationid=7140/year=2021.zip,https://openaq-data-archive.s3.amazonaws.com/records/csv.gz/locationid=7140/year=2021/,members-sha256:21fd097a83feb8f66c6bd692eb9fc307792da663a335a2f5afbc967dde3ac4d1,2026-09-26T06:16:17+00:00,81f6ec6ce5dfef9ceba4715c30c48d57049106290691e8f964ee188077a431dc,265838,245 daily files 20210101..20211231
locationid=7282/year=2019.zip,https://openaq-data-archive.s3.amazonaws.com/records/csv.gz/locationid=7282/year=2019/,members-sha256:010aa783a1ec7d014d693be9e5d5b6da6c49309f0bcc201573136788b7366ad1,2026-09-26T06:16:23+00:00,d0708f12d885388ce729b91a6e6d9853daad38d7a2c41c624fbc2cac5b198f0d,493566,170 daily files 20190212..20191231
locationid=7283/year=2022.zip,https://openaq-data-archive.s3.amazonaws.com/records/csv.gz/locationid=7283/year=2022/,members-sha256:4fba407fe2819c3157424085dc9d2f3c42d30a67e9edd0cc6344db57ba12e28a,2026-09-26T06:16:25+00:00,44d06542b646ae316f6c2f266da8148b3202d06e5925b42c263e07a2260e86eb,134049,120 daily files 20220101..20221031
locationid=7289/year=2026.zip,https://openaq-data-archive.s3.amazonaws.com/records/csv.gz/locationid=7289/year=2026/,members-sha256:bb28b991395038185b9330702458582b3a328c6f993e3ae6e317f88715252278,2026-09-26T06:16:28+00:00,08a3ba2d9276c2ff5fe22fb3aca6d8035bc189819abf2a014a82404894cef9e7,514780,81 daily files 20260101..20260331
locationid=7292/year=2019.zip,https://openaq-data-archive.s3.amazonaws.com/records/csv.gz/locationid=7292/year=2019/,members-sha256:3d18579c0da6aeb8d99549aefca4061d4f393a870a491f99fe06fd35d91ace08,2026-09-26T06:16:34+00:00,462d84721bfdf73c704941be7015d5fb5b4ec13f9bc9104cc5c85ad1b6f81e3c,201543,88 daily files 20190923..20191231
locationid=7044/year=2020.zip,https://openaq-data-archive.s3.amazonaws.com/records/csv.gz/locationid=7044/year=2020/,members-sha256:9bd4dec20b1893c8717cf9ac5fced32164dbf30314040083f38e66ff316dee32,2026-09-26T06:16:35+00:00,02eafce436e9a1ef22ce8b806aafe975c0302e929d6bc3dac9c58be9e74f89aa,590517,353 daily files 20200101..20201231
locationid=7289/year=2019.zip,https://openaq-data-archive.s3.amazonaws.com/records/csv.gz/locationid=7289/year=2019/,members-sha256:4af5ada3d185486c74ff50861de02419588772a7e96893193518c3e159f1e5a4,2026-09-26T06:16:37+00:00,a1f39b21f26ddca749ba8d5d0294a7e49f7096bb8c784c576283a3f40cc34c6f,279455,132 daily files 20190729..20191231
locationid=7292/year=2026.zip,https://openaq-data-archive.s3.amazonaws.com/records/csv.gz/locationid=7292/year=2026/,members-sha256:74ce8bce1c225c8dab72c3bdc9ff002ab7fa281ab2af3fdfbcf17666ec78a98a,2026-09-26T06:16:38+00:00,438fa85e06a4f44eefc813ecd18046d095eb4760e424b90e58ee66f93ed19b46,445499,81 daily files 20260101..20260331
locationid=7583/year=2020.zip,https://openaq-data-archive.s3.amazonaws.com/records/csv.gz/locationid=7583/year=2020/,members-sha256:c9505d1a8ee5c70b1edfe196556e8f56a04c0df7a29035578c06079814aaa7d6,2026-09-26T06:16:39+00:00,be76dc6d75d51a949b4ca1a55d5cd0c19f4a3cb1693f9a35e69c7affe7bb8bd6,885,1 daily files 20200428..20200428
locationid=7281/year=2021.zip,https://openaq-data-archive.s3.amazonaws.com/records/csv.gz/locationid=7281/year=2021/,members-sha256:b965489316a93664ec363502391706fe0750955c57df957c4d228c36343a40b5,2026-09-26T06:16:40+00:00,53af32d7689b68100aef051c0a99a6e639408597a1ef15662963de83f333a1ec,276391,237 daily files 20210101..20211231
locationid=7299/year=2019.zip,https://openaq-data-archive.s3.amazonaws.com/records/csv.gz/locationid=7299/year=2019/,members-sha256:b6117e771b000352ce833db5fd9e11bf6a93383e3427b4a39e5c8866d52c36b8,2026-09-26T06:16:41+00:00,17e9e5c991981f43ca6c0c387e0fefeae555327df57246b2dd98cf191371112f,204400,88 daily files 20190923..20191231
locationid=7282/year=2021.zip,https://openaq-data-archive.s3.amazonaws.com/records/csv.gz/locationid=7282/year=2021/,members-sha256:be4409e7f415210271ee34c709ee2ce3db2819283e0370b0a00f21150b7bf35a,2026-09-26T06:16:44+00:00,7fba0c5a5c84aa87ad2f1e094957558ecbfda8bcce32d088c53d41398c017357,283208,233 daily files 20210101..20211231
locationid=7494/year=2026.zip,https://openaq-data-archive.s3.amazonaws.com/records/csv.gz/locationid=7494/year=2026/,members-sha256:f2ec5025303a947df4d721c187b8db622400fec3aeb4ec2b9a6cead14b8a49b0,2026-09-26T06:16:46+00:00,fd1385bd61078885171b9b6b5ad1505354613e7c6063a28f76c78622a74e6984,466268,80 daily files 20260101..20260331
locationid=7140/year=2025.zip,https://openaq-data-archive.s3.amazonaws.com/records/csv.gz/locationid=7140/year=2025/,members-sha256:11ab0f6822beaa6624170ad44cdb66c492886402c108429b852b46eb9b55cbb9,2026-09-26T06:16:46+00:00,531a764dad6e81f994637c2a9099f22413031a1b16bb59a9e85f58cf27c5882e,1296501,315 daily files 20250219..20251231
locationid=7140/year=2020.zip,https://openaq-data-archive.s3.amazonaws.com/records/csv.gz/locationid=7140/year=2020/,members-sha256:f627e0631875476ccbfb5952b3bf550821cee995668f6097f2641b67ec98f09e,2026-09-26T06:16:49+00:00,2c444edc7b1c19ebd979024d9e9aca4a079ca983c409108903f50e9441f1a01a,370878,344 daily files 20200101..20201231
locationid=7494/year=2022.zip,https://openaq-data-archive.s3.amazonaws.com/records/csv.gz/locationid=7494/year=2022/,members-sha256:4601fe4785bdbbd672011a9957516b2f2ed9d9ca65c8e3fc91bc8f03c9142d14,2026-09-26T06:16:52+00:00,d1d1f50c5ec79ad077f250fbe8a34dd944945344c0ced15df0b3cba8dd5f22e6,133445,108 daily files 20220101..20221016
locationid=7283/year=2021.zip,https://openaq-data-archive.s3.amazonaws.com/records/csv.gz/locationid=7283/year=2021/,members-sha256:8d4be6d3617a57271ca59419616decae509aec3134b96576dca56da6f1f75401,2026-09-26T06:16:59+00:00,dd0b8493ead73cf25fbd9435d0bc9b51b0008d85289d886d489e62eb44e5f7a7,305433,244 daily files 20210101..20211231
locationid=7495/year=2022.zip,https://openaq-data-archive.s3.amazonaws.com/records/csv.gz/locationid=7495/year=2022/,members-sha256:3d8ab45141a95bc3cb80e3066af797cac2a300d7b85852e8248f7a67a279b08e,2026-09-26T06:17:01+00:00,95268f2d7a1ea3adb05325f3606dd212c56547c6c54b655cf660d44853b97380,134798,108 daily files 20220101..20221016
locationid=7495/year=2026.zip,https://openaq-data-archive.s3.amazonaws.com/records/csv.gz/locationid=7495/year=2026/,members-sha256:6f370f46bedcfe70f79bf59ad292299c0c053da81f464af14407a255d82d45a7,2026-09-26T06:17:03+00:00,d7de272b661e1e3194e9df2344c51e9e00010c8e5cb3a6c4830dfbcfd00b659f,492534,79 daily files 20260101..20260331
locationid=7720/year=2019.zip,https://openaq-data-archive.s3.amazonaws.com/records/csv.gz/locationid=7720/year=2019/,members-sha256:b6168432721fc2c881e2db48464b4c10dd56bfe8be3c449aaa01b250a34c7da5,2026-09-26T06:17:04+00:00,fe0b6d458bb8d3918c06d059c2212903e5db714e30ad7490ceb7e72b2bf11158,143513,66 daily files 20191014..20191231
locationid=7281/year=2020.zip,https://openaq-data-archive.s3.amazonaws.com/records/csv.gz/locationid=7281/year=2020/,members-sha256:780c6fdd990d4646fe0a46db92658887fe5b03f47706fb06dcce2e5a540d6fdf,2026-09-26T06:17:06+00:00,20f23a2827aac875396bc875cc8eada67f62cd75c32eff527d683c6cc572d70a,460657,322 daily files 20200101..20201231
locationid=7720/year=2026.zip,https://openaq-data-archive.s3.amazonaws.com/records/csv.gz/locationid=7720/year=2026/,members-sha256:90a56473925e44d9da5a6d3e4afe3d54b58b09caff60ddcf23df4548e5ea4847,2026-09-26T06:17:12+00:00,afdf16cdb3a73c6d5485ba62716aaaae476021ec0a78d42331270b64d3941db7,427788,81 daily files 20260101..20260331
locationid=7282/year=2020.zip,https://openaq-data-archive.s3.amazonaws.com/records/csv.gz/locationid=7282/year=2020/,members-sha256:04d36b9a9649a7c69704933c7d64f052b9a1961db9214c1b5931ef7312b19900,2026-09-26T06:17:14+00:00,79c560f559377388b646bf343dc1474047fbaaf18639c46e5b1f97d4ef450097,523346,326 daily files 20200101..20201231
locationid=7720/year=2022.zip,https://openaq-data-archive.s3.amazonaws.com/records/csv.gz/locationid=7720/year=2022/,members-sha256:47e3893ab8feda9121f4d84d27e97714de1541e86d2b8698da46b29c3583d50a,2026-09-26T06:17:18+00:00,3255d1ca383070c661a5a5930a192c5b4f856d31faf37d2e65c496442dd24e16,113358,105 daily files 20220101..20221016
locationid=7752/year=2022.zip,https://openaq-data-archive.s3.amazonaws.com/records/csv.gz/locationid=7752/year=2022/,members-sha256:87920ed62df0f1c83dc3fc4881ea22464450e0341e8758d07591e6f1b73fe293,2026-09-26T06:17:25+00:00,7fe1d3a6857570360a0bae2bc97a013e7085a8e3aebc2d2a83b9ed2a0a1da773,99918,97 daily files 20220101..20221031
locationid=7752/year=2026.zip,https://openaq-data-archive.s3.amazonaws.com/records/csv.gz/locationid=7752/year=2026/,members-sha256:58dcdfb0d684ee5234b89b71809b729c0113bbce36f44bab18529ccc6d95aa3a,2026-09-26T06:17:27+00:00,0ed8800868b8a0ca6591f5be32b1a92b9e52db4f830a5454de3d4b21aa9b7b09,187802,73 daily files 20260105..20260331
locationid=7283/year=2020.zip,https://openaq-data-archive.s3.amazonaws.com/records/csv.gz/locationid=7283/year=2020/,members-sha256:2e63a160b5b649a3c77dd702b90e7844b5be717b5585c110a4512233c75026a0,2026-09-26T06:17:32+00:00,d75e7e6925642eb009ef1bac69e97703e9e76a7efdc94838e0be3a17d607d986,632228,350 daily files 20200101..20201231
locationid=7289/year=2025.zip,https://openaq-data-archive.s3.amazonaws.com/records/csv.gz/locationid=7289/year=2025/,members-sha256:cb2410cdfa8c687cc2a399964a2cdfef7e37bbe5d3b3d20e8454a2ed1c0b5e17,2026-09-26T06:17:38+00:00,ec0575addfa536cdeeceb3955522fea953b263a14b08c85552e6442178d4ab88,645989,300 daily files 20250219..20251231
locationid=7777/year=2022.zip,https://openaq-data-archive.s3.amazonaws.com/records/csv.gz/locationid=7777/year=2022/,members-sha256:9667c022caa584d184f0a2a039097e2643506d20b37771a87a607b347ab5e944,2026-09-26T06:17:40+00:00,aaf05ab777b0e29cfabe521e32a16c70e9b2778abadcd9e26b2b7d1ae0b93d8c,101793,100 daily files 20220101..20221031
locationid=7833/year=2019.zip,https://openaq-data-archive.s3.amazonaws.com/records/csv.gz/locationid=7833/year=2019/,members-sha256:0f542c87996f8cc954dcf36e9deede97b41e22475b9b87d2a457b58086771a4c,2026-09-26T06:17:41+00:00,7fdd8de340aa0682dfa5fe674a7b23666683898a5c5eedc055426145e7788b38,139767,65 daily files 20191014..20191231
locationid=7752/year=2021.zip,https://openaq-data-archive.s3.amazonaws.com/records/csv.gz/locationid=7752/year=2021/,members-sha256:eccc84d4509593bb20d6bebf4b78ea987de1b48c663fc3deefe491ba8f61926c,2026-09-26T06:17:43+00:00,67f227112bb1b6e4aaa77437e0972b04da766014ed45acdd07bcfe6979693490,163290,152 daily files 20210101..20211231
locationid=7494/year=2021.zip,https://openaq-data-archive.s3.amazonaws.com/records/csv.gz/locationid=7494/year=2021/,members-sha256:7d26da8a9a3b7526c4d8acb8657646e991344e5aa7efa28fbf22a84d51e31e64,2026-09-26T06:17:45+00:00,d20c35a0fb4aae71545687f3144825ea7bfd738754b980881f278d7705efd006,304220,255 daily files 20210101..20211231
locationid=7752/year=2019.zip,https://openaq-data-archive.s3.amazonaws.com/records/csv.gz/locationid=7752/year=2019/,members-sha256:175a9d61cddab24efde4c29568a5f29c7f0b7f4bd51115a72a1b9ff007aca5fe,2026-09-26T06:17:46+00:00,d4f7d52f1f6e736a2e286e31f75a815f39c788fcf787e63500d0489954523856,404941,160 daily files 20190711..20191231
locationid=7495/year=2021.zip,https://openaq-data-archive.s3.amazonaws.com/records/csv.gz/locationid=7495/year=2021/,members-sha256:0ed0873b1278685899e15184ccc5e7fcc826adb717b9e22eef95289afc615e85,2026-09-26T06:17:51+00:00,5f8e6e9f80c3d356afcd50370f424e21174214e11b5c1b1f386c8982d975f965,319047,253 daily files 20210101..20211231
locationid=7495/year=2020.zip,https://openaq-data-archive.s3.amazonaws.com/records/csv.gz/locationid=7495/year=2020/,members-sha256:e4c46f389719a8c08e9081ab888dfa961b533a9392616483f7914d706611bfa1,2026-09-26T06:17:53+00:00,32652f6dcd2150b3a964e05f0ccdc6f27f22197fe7292d7337c44a1df925cd63,341779,258 daily files 20200302..20201231
locationid=7494/year=2020.zip,https://openaq-data-archive.s3.amazonaws.com/records/csv.gz/locationid=7494/year=2020/,members-sha256:9ce8b0242e8c29bad92376dfd6f88fdd70383ab8e2e9569e004221e2cda307e9,2026-09-26T06:17:54+00:00,dcb7baa025aeca4278397267a5da3d7e0169ca8492586a5d74287ade2d78849a,386669,290 daily files 20200302..20201231
locationid=7292/year=2025.zip,https://openaq-data-archive.s3.amazonaws.com/records/csv.gz/locationid=7292/year=2025/,members-sha256:86f8182bae07a612d6843fc9a32ca68714efbcfc125e0e95851bcf75a326cc0d,2026-09-26T06:17:55+00:00,c431d5434b9b349b9a1b27cc6ab8248a0397a9aa99be58c18c903c2f0c1049b9,1442676,314 daily files 20250219..20251231
locationid=7777/year=2021.zip,https://openaq-data-archive.s3.amazonaws.com/records/csv.gz/locationid=7777/year=2021/,members-sha256:f308f7bd92810dff503e1bd9d64a0ddaf38201a908e0ea4ab9b7c5e68233674d,2026-09-26T06:17:59+00:00,69b15e3318a5d650890fb14924640bce5922b794f818a2babc2251202f43296b,176549,145 daily files 20210101..20211231
locationid=7833/year=2026.zip,https://openaq-data-archive.s3.amazonaws.com/records/csv.gz/locationid=7833/year=2026/,members-sha256:0ee55def91de4316e96c006248de592d1e688a5a656188db45ecd088a76940ec,2026-09-26T06:18:02+00:00,e294497702f238a8a9568ab882b922d28d7b0762d42ad19ff4c41c8ed8ca1d90,416750,81 daily files 20260101..20260331
locationid=7720/year=2021.zip,https://openaq-data-archive.s3.amazonaws.com/records/csv.gz/locationid=7720/year=2021/,members-sha256:c6f1cbf36bdf35eddbe32e5a1a63a664464ae757c17e288e8a440efda314d3ea,2026-09-26T06:18:02+00:00,3e30aa9a9b17f01ad9d36bf65d91493e90bf6a7d738611d818c892e902aa5a74,256752,245 daily files 20210101..20211231
locationid=7494/year=2025.zip,https://openaq-data-archive.s3.amazonaws.com/records/csv.gz/locationid=7494/year=2025/,members-sha256:8b7e25dca3e4ddf41be1ac35b7bb459556bcf4def4c39d0f106e75dec5308be3,2026-09-26T06:18:04+00:00,724340de22745138d30747f6ded0021edc3fcb84789a41b013f784920dd6e45d,1545490,310 daily files 20250219..20251231
locationid=7833/year=2022.zip,https://openaq-data-archive.s3.amazonaws.com/records/csv.gz/locationid=7833/year=2022/,members-sha256:7cf50e925063fd848f8f19f88a7ecf749be62cd24e0327d3afdc61997d7a535a,2026-09-26T06:18:04+00:00,ce0a563d041ddf6a99bb108c1f04df34ae1fa774d5970179bc13a2604f0ed973,112755,105 daily files 20220101..20221016
locationid=7495/year=2025.zip,https://openaq-data-archive.s3.amazonaws.com/records/csv.gz/locationid=7495/year=2025/,members-sha256:50d21623d692cd6dd69a6df35cb18bb2447c42ca54221b4fd70e612390934ea3,2026-09-26T06:18:14+00:00,7af538ee6998907dadfb52423af6e2fed0b2f74615146622d5a6acde588a05b0,1611771,309 daily files 20250219..20251231
locationid=7880/year=2026.zip,https://openaq-data-archive.s3.amazonaws.com/records/csv.gz/locationid=7880/year=2026/,members-sha256:2746ee76ade55c891a3211c98fc5dbc47074e27fda6159ab05e4ad5de63b6f05,2026-09-26T06:18:17+00:00,fd633cfc1690b1dda67b7f3595b199c977e19688da37e8eb0d69d3840d60bbe9,266747,74 daily files 20260101..20260331
locationid=7880/year=2022.zip,https://openaq-data-archive.s3.amazonaws.com/records/csv.gz/locationid=7880/year=2022/,members-sha256:4bd14437147be0330955d913a62ade5e07ca3e393cf31e4884e8d54aaa6e1536,2026-09-26T06:18:18+00:00,da5a65fc07fb0ce1cfe2c4e3387fadbe44f9b7f3260c6abd3aaa44ff997e98fd,100859,88 daily files 20220101..20221016
locationid=7901/year=2022.zip,https://openaq-data-archive.s3.amazonaws.com/records/csv.gz/locationid=7901/year=2022/,members-sha256:851d7227b12b6491d71107f2ae1cfaee27c452b968c94908da1aa4e413dce081,2026-09-26T06:18:21+00:00,f406b33a90d88cd11aa7ae52af9dbf126085b5fa370148b0f3cb1e79a9379f81,78270,72 daily files 20220101..20221016
locationid=7901/year=2020.zip,https://openaq-data-archive.s3.amazonaws.com/records/csv.gz/locationid=7901/year=2020/,members-sha256:9accddf1266e299c07cdc18d398962d807bc10dcae5e6b374de075346ebbda03,2026-09-26T06:18:23+00:00,b1210ec36e6a8ae9d3a7dcec6f96d5e2df658258feaec63b87d45a1c54532c30,106365,79 daily files 20201012..20201231
locationid=7752/year=2025.zip,https://openaq-data-archive.s3.amazonaws.com/records/csv.gz/locationid=7752/year=2025/,members-sha256:80a3472b0792385ad0d7bb1a96203ce1b1962563d813aaac6b2933fd1ed9f50b,2026-09-26T06:18:30+00:00,9b0cef01d3b24e710547f9ff67e0b525a0fa0662d61a6438f539f8ac742ffbd3,793994,266 daily files 20250219..20251231
locationid=7901/year=2026.zip,https://openaq-data-archive.s3.amazonaws.com/records/csv.gz/locationid=7901/year=2026/,members-sha256:b08f1e8f694230e37e7f8484bbe8f32af69f72980d81f011a3d37cd48b8db410,2026-09-26T06:18:30+00:00,676f0a67a970089dcaa7488b9b8bb14603fbf8c0d138717d4d75ac0d3c64cf40,392023,81 daily files 20260101..20260331
locationid=7720/year=2025.zip,https://openaq-data-archive.s3.amazonaws.com/records/csv.gz/locationid=7720/year=2025/,members-sha256:2be0801d8232bd12edb4ee30fd15167770b65d7bcb66b496da8e178e93ef43af,2026-09-26T06:18:33+00:00,85b3099fccb84bc04761ef72f1b34c32d25c28455341a20880d6c8de57fdae35,1436266,315 daily files 20250219..20251231
locationid=7752/year=2020.zip,https://openaq-data-archive.s3.amazonaws.com/records/csv.gz/locationid=7752/year=2020/,members-sha256:9b8491dd89de24c229054ff6a190445d76460dadfcca56bb3977357b2143a7a0,2026-09-26T06:18:35+00:00,060dedd4b69d028361b12f64fe5cd3151d0705e5d5405b8bdaa1d6bf06a087d9,453408,310 daily files 20200101..20201231
locationid=7979/year=2022.zip,https://openaq-data-archive.s3.amazonaws.com/records/csv.gz/locationid=7979/year=2022/,members-sha256:1a86ba402589d0e58b80d5b65b78e7c4fb21ecd5c7171b41ab130c86e55610b6,2026-09-26T06:18:36+00:00,bd3f46a064a2f25b8fa4532512a806822f2745441131976ec7e52e89835a2974,84936,89 daily files 20220101..20221016
locationid=7901/year=2021.zip,https://openaq-data-archive.s3.amazonaws.com/records/csv.gz/locationid=7901/year=2021/,members-sha256:15ecb2d8dffe4c6918f02eaa8f67194baf1d2aa204124d6aebbaad1a9fdf1dfc,2026-09-26T06:18:39+00:00,35c37cc034ae8fae0c58e86e8c77fb4c955112f6de9442ba98f61eb9bbd615c7,150584,127 daily files 20210101..20211230
locationid=7720/year=2020.zip,https://openaq-data-archive.s3.amazonaws.com/records/csv.gz/locationid=7720/year=2020/,members-sha256:9dd77f93dc500e2228ef62cd37e7e69e3d27be083cac7a47f388a32d21b2b5af,2026-09-26T06:18:41+00:00,46672728b952db65a134453527b55d8226f375d5068843d2bff2269a6cc86068,454387,344 daily files 20200101..20201231
locationid=7833/year=2021.zip,https://openaq-data-archive.s3.amazonaws.com/records/csv.gz/locationid=7833/year=2021/,members-sha256:3dfb599131853bf799d962a06b62b83024e41d16128a761c138185c286fbae34,2026-09-26T06:18:42+00:00,dcfaea05e438837f61982c40e0c61c0dd9bb6ac01e660d79f296b5a44743a69b,257503,249 daily files 20210101..20211231
locationid=7880/year=2021.zip,https://openaq-data-archive.s3.amazonaws.com/records/csv.gz/locationid=7880/year=2021/,members-sha256:9fe79b3e00bfb793b44b28729fb7690ea5e0d65ec12005e549ad6d20f4704614,2026-09-26T06:18:42+00:00,c4909762cfa7397bd151eee653169556a77225e95141162bd2a604cce72f3d8e,208597,163 daily files 20210101..20211231
locationid=7777/year=2020.zip,https://openaq-data-archive.s3.amazonaws.com/records/csv.gz/locationid=7777/year=2020/,members-sha256:57574d97f3d7534baff5b111277bc98fb947b9bc5a3258ad8c0fad4f34d69082,2026-09-26T06:18:44+00:00,512cd19fb6e1ddba6e5580f3521c89cf81a5ff25f50102872813e58362234846,340725,278 daily files 20200106..20201231
locationid=7979/year=2026.zip,https://openaq-data-archive.s3.amazonaws.com/records/csv.gz/locationid=7979/year=2026/,members-sha256:308576c8dd12ce406918bf745da247994427d9478baa0329f9b194de6f420363,2026-09-26T06:18:45+00:00,ac89b724ab67420fb787b709f144d8d3ebe6689c8d0daf4cb1f4bd227fef3f7f,320768,81 daily files 20260101..20260331
locationid=7850/year=2021.zip,https://openaq-data-archive.s3.amazonaws.com/records/csv.gz/locationid=7850/year=2021/,members-sha256:20239a389b6488f624bedb96e8272f1d20484bb75a849314183880a7d570e40f,2026-09-26T06:18:52+00:00,ae3b59f20a9e114d78e66994c4518d33a6701e43f19c976e2aa17c6d37817ceb,228458,208 daily files 20210101..20211224
locationid=8039/year=2016.zip,https://openaq-data-archive.s3.amazonaws.com/records/csv.gz/locationid=8039/year=2016/,members-sha256:5e0e5c3258d67d885fc9618eb123d973127a3cb8855d474d85e99838e037ac0a,2026-09-26T06:18:52+00:00,8a583efd94cba69e8daf07b53916fee78f51fd8ed0a4d5a48039f51fe3f58e81,33250,53 daily files 20161109..20161231
locationid=8035/year=2026.zip,https://openaq-data-archive.s3.amazonaws.com/records/csv.gz/locationid=8035/year=2026/,members-sha256:8b12988370ca137b37f41217f99ecf3b902bd7b245e97c9210aceb7ed8381d47,2026-09-26T06:18:57+00:00,38e3bb071cc47572573350683896fa9dae739d815e44165b5fe324408538866f,358418,70 daily files 20260101..20260331
locationid=8035/year=2022.zip,https://openaq-data-archive.s3.amazonaws.com/records/csv.gz/locationid=8035/year=2022/,members-sha256:8ff2eb477cbe4d6a83c44b9e98cbf4af89d0f7ddc14d00f442db33de798bda4a,2026-09-26T06:19:00+00:00,29454db539da6ed4f1a8eda62f0be64e158afb95ac50caf4881d51f2f324380d,116119,106 daily files 20220101..20221016
locationid=7880/year=2020.zip,https://openaq-data-archive.s3.amazonaws.com/records/csv.gz/locationid=7880/year=2020/,members-sha256:45294df40905d7dceb0af469b665c604a7ff3cb29dcb17d5597597aa4372ebc1,2026-09-26T06:19:01+00:00,05b2cef963482520e9ac9411316a812a09822380c8a092ef4022f9cf03ca8e15,293381,224 daily files 20200319..20201231
locationid=8118/year=2016.zip,https://openaq-data-archive.s3.amazonaws.com/records/csv.gz/locationid=8118/year=2016/,members-sha256:476b673bf28f594ad54f564ffb6bb50d43c5282a68c981632f0bce21d9648518,2026-09-26T06:19:13+00:00,9e0ff9517845b7db2be8dbea628acd2d4391ed4bd225fe715cb358edbb424cf7,34540,53 daily files 20161109..20161231
locationid=8039/year=2025.zip,https://openaq-data-archive.s3.amazonaws.com/records/csv.gz/locationid=8039/year=2025/,members-sha256:7fedfb84be9f1e652c9a42a492b21a828dbbaebc2e3715ae30c27f32bdfa1c1d,2026-09-26T06:19:14+00:00,8d8ebf924cca3eb893cd37b5137988284604d06695da8e55094e854f2bf7b0fe,40150,63 daily files 20250101..20250304
locationid=7833/year=2025.zip,https://openaq-data-archive.s3.amazonaws.com/records/csv.gz/locationid=7833/year=2025/,members-sha256:31a8fc6c0e99e567db1b95ffe398b55425bea3f15bde23ebdfaf02148da8256b,2026-09-26T06:19:16+00:00,ad429ad72cba7f630698edfe86bd7a976f8246d068adf32e21bf5224cf27be31,1363270,312 daily files 20250219..20251231
locationid=7833/year=2020.zip,https://openaq-data-archive.s3.amazonaws.com/records/csv.gz/locationid=7833/year=2020/,members-sha256:5807d87f99878f6926838aad25fd60cec2baad0bf03415eb06db7b77dff13d62,2026-09-26T06:19:18+00:00,56aa4dc95532b2764b023a9f96c7f94499eb4a88d5698725a8dced032c1a88d4,493338,346 daily files 20200101..20201231
locationid=7979/year=2021.zip,https://openaq-data-archive.s3.amazonaws.com/records/csv.gz/locationid=7979/year=2021/,members-sha256:bd093f310763e58c6fc5e19cadb621cb43a3a249253fff87f4a9c66840895ee4,2026-09-26T06:19:27+00:00,e2705937fa7e703810f6171610a9133114b94bf4d32d854f86d32ae3fc8f4a32,228904,238 daily files 20210101..20211231
locationid=7880/year=2025.zip,https://openaq-data-archive.s3.amazonaws.com/records/csv.gz/locationid=7880/year=2025/,members-sha256:2b392874794f2ad77496dcb1f553f0bbf12cccebe5b30c0244cc9fe568a6964b,2026-09-26T06:19:35+00:00,98cce8099ce2be27481eaf47fa65b0554d4d2110efaf859e8228f05a9dba5f28,968823,309 daily files 20250219..20251231
locationid=7850/year=2020.zip,https://openaq-data-archive.s3.amazonaws.com/records/csv.gz/locationid=7850/year=2020/,members-sha256:ff0a573c1ab55ba82acda82b1818b1acb38770463c9d5ebb075a9b5cbcf023d6,2026-09-26T06:19:36+00:00,7e4bcf937c4244b91327029c3d9e5fe8125d36e393a6eeebe127b416f1e3a650,568060,330 daily files 20200108..20201231
locationid=7979/year=2025.zip,https://openaq-data-archive.s3.amazonaws.com/records/csv.gz/locationid=7979/year=2025/,members-sha256:762af21ec59b043036c61ddd2b59b104e585dab007bf23698ef258f209cb077d,2026-09-26T06:19:37+00:00,108caa552bdf4ee907dc6d9b58482f2fdfc7eeac8dd25c5dc84c106f67fb1263,846705,236 daily files 20250219..20251231
locationid=8035/year=2021.zip,https://openaq-data-archive.s3.amazonaws.com/records/csv.gz/locationid=8035/year=2021/,members-sha256:b77f1a46fd7f5b7f021edf59f98a1d2968f51b9b40b931b9c6974dc63b5a6ec3,2026-09-26T06:19:37+00:00,dcba8f11592118b36ab0571368e6bee295bf68f562211976761e3b4d07ca24c2,275859,219 daily files 20210101..20211231
locationid=8035/year=2025.zip,https://openaq-data-archive.s3.amazonaws.com/records/csv.gz/locationid=8035/year=2025/,members-sha256:7f56e7df066fb16ebcd48066f6ce73d476819824a65714f80439f818265a177a,2026-09-26T06:19:41+00:00,bd7ecafbbd9dade9570b84b8958e2e978b28a0cefd59f9cff1f7f9b685b47ae0,925645,204 daily files 20250219..20251231
locationid=7901/year=2025.zip,https://openaq-data-archive.s3.amazonaws.com/records/csv.gz/locationid=7901/year=2025/,members-sha256:0e187577ed38b2e84c054455c742e53e09bd84d70df7a0ab3c71e21674377fe3,2026-09-26T06:19:44+00:00,d14f95761105c51d2528271bae822587e972c697d0c6724ff350766ae6bb9016,1433474,309 daily files 20250219..20251231
locationid=8035/year=2020.zip,https://openaq-data-archive.s3.amazonaws.com/records/csv.gz/locationid=8035/year=2020/,members-sha256:285a961c590ed2f5d25c52d472ac4b45233851ae48b0430e76ebdb3cb7734c3d,2026-09-26T06:19:48+00:00,b9be5e725e39047c6042f79775c35bd09ee6e56b94744fe7609899dc687bf2ff,373864,251 daily files 20200120..20201231
locationid=7979/year=2020.zip,https://openaq-data-archive.s3.amazonaws.com/records/csv.gz/locationid=7979/year=2020/,members-sha256:30ad8f3f4ef2c2884758af042fb6bc03c4d806a6a876f09a6d0d3e680325c339,2026-09-26T06:19:50+00:00,156288281c8e8678fc86ea167267d275e6e369b7e55d82ed36ff6f8ea544307e,409095,305 daily files 20200203..20201231
locationid=8118/year=2026.zip,https://openaq-data-archive.s3.amazonaws.com/records/csv.gz/locationid=8118/year=2026/,members-sha256:f7828af3feb7354618ba36376c89a10bc42a3ecfabf84e31518627b2e065708c,2026-09-26T06:20:07+00:00,a7563643a436b52c5b2f0e3a3a08aa857608728672f86389ed1636caad71cd51,56558,90 daily files 20260101..20260331
locationid=8039/year=2022.zip,https://openaq-data-archive.s3.amazonaws.com/records/csv.gz/locationid=8039/year=2022/,members-sha256:6d2507a84343a5cfd8059df6bac417af2d3a6e62f3eff10e69ec9073b9f3974d,2026-09-26T06:20:08+00:00,868d680ea64766e384d48a454f96f8566474da08fbdd24b2450184026896abe2,146688,241 daily files 20220101..20221231
locationid=8153/year=2022.zip,https://openaq-data-archive.s3.amazonaws.com/records/csv.gz/locationid=8153/year=2022/,members-sha256:c9e43b7e676df510ef2e81a4c0ec0c959c8846edf04741d36109bc790f4559b9,2026-09-26T06:20:14+00:00,2d78aa44b0d77fd1ab0536dd85b657cfe178cb0b06cd6beda6189993274aac9f,104991,93 daily files 20220101..20221031
locationid=8153/year=2020.zip,https://openaq-data-archive.s3.amazonaws.com/records/csv.gz/locationid=8153/year=2020/,members-sha256:b5b38b56d0200b48377888aa536f98fef381d54bb31d90bfb490d24cf2645e5d,2026-09-26T06:20:16+00:00,9e704fdd89b85f8a62fd44ff66cc6222f24b2b9de64a5b3c500abdc8fb70c0e0,132644,102 daily files 20200103..20201231
locationid=8153/year=2026.zip,https://openaq-data-archive.s3.amazonaws.com/records/csv.gz/locationid=8153/year=2026/,members-sha256:085b1860396baa2518c975e11599d2999f1513a122e4df5ea1bf14a3337b17fe,2026-09-26T06:20:17+00:00,acf41d00791f9c53e3f8175214e70b00eb97d35b6c26c77c41da80526be3a4e6,393040,81 daily files 20260101..20260331
locationid=8039/year=2017.zip,https://openaq-data-archive.s3.amazonaws.com/records/csv.gz/locationid=8039/year=2017/,members-sha256:2338f353135a90708fa163f857c56be63f64b8f69664d552d18b9f42167bc6c1,2026-09-26T06:20:24+00:00,69a50f45aae6a44910f59e6082b67e244112b8f3170c07f12de72d3eef2cd732,196346,325 daily files 20170101..20171231
locationid=8172/year=2021.zip,https://openaq-data-archive.s3.amazonaws.com/records/csv.gz/locationid=8172/year=2021/,members-sha256:58c27bf50acbebbae4d0d5e0c344ada5d83366f564bca8d3bf66ffc6496bff12,2026-09-26T06:20:24+00:00,23c1dfe51acbc467635d8c0039e9c9cf6bab4f7e3c5d32c85776a0839a2eb113,772,1 daily files 20210202..20210202
locationid=8171/year=2022.zip,https://openaq-data-archive.s3.amazonaws.com/records/csv.gz/locationid=8171/year=2022/,members-sha256:e139133325ca8cc056c0799ad82fbc12f5b05382337dc8ca8b8c0a21a15f4cf0,2026-09-26T06:20:25+00:00,4d8a4a5f92e79b0c73009ad6a2f4dd89f1d388db258a57abf4f03fbfe6cbe633,31643,51 daily files 20220101..20221016
locationid=8153/year=2021.zip,https://openaq-data-archive.s3.amazonaws.com/records/csv.gz/locationid=8153/year=2021/,members-sha256:8ac4b905636876ba1d01f020a9fb75bfb916d07c420e596185c6357fc8f3bf86,2026-09-26T06:20:33+00:00,ddae960253eeb5f0ef0d2a2a6f019f5e34b2f5600e08eeae810b453acd062c8f,200779,150 daily files 20210101..20211231
locationid=8039/year=2018.zip,https://openaq-data-archive.s3.amazonaws.com/records/csv.gz/locationid=8039/year=2018/,members-sha256:d93c3235304e604ef09a74b6773bfed50f5a987b2a8d7a112ec5d1f3ec0d3abf,2026-09-26T06:20:37+00:00,7ee7897b98e0a209c7103624932a39cd3ead3b59f45179dbca85652bad1ef8ca,213681,363 daily files 20180101..20181231
locationid=8118/year=2022.zip,https://openaq-data-archive.s3.amazonaws.com/records/csv.gz/locationid=8118/year=2022/,members-sha256:0edcfd45dd01313d7733d253d1bb9b485dd5e18a09deb8eaa8132c0b0b30ed85,2026-09-26T06:20:37+00:00,0793d7ca346ddc17a9ee04f240c6a2530c24a5b9754fcb2972798cdba8f1e253,149452,241 daily files 20220101..20221231
locationid=8039/year=2023.zip,https://openaq-data-archive.s3.amazonaws.com/records/csv.gz/locationid=8039/year=2023/,members-sha256:abbfbc93f03c22f02c7a3012a2fce3d9874f6412ed11f2e78453ad577b5a39ba,2026-09-26T06:20:38+00:00,436519f8abb108fd8e06e41f9efd547e245e1c1d4e4677b69262a9957fd8da08,203001,326 daily files 20230101..20231231
locationid=8039/year=2021.zip,https://openaq-data-archive.s3.amazonaws.com/records/csv.gz/locationid=8039/year=2021/,members-sha256:c072765ba79b3c5689e214985730aa8b4bba0490f1eb5c73bd65ec724a66b425,2026-09-26T06:20:40+00:00,4620ed5b27f1772a65cc0d76f40375df0a2ac2e58a63cd837d8911f354fa7cea,206475,345 daily files 20210101..20211231
locationid=8171/year=2026.zip,https://openaq-data-archive.s3.amazonaws.com/records/csv.gz/locationid=8171/year=2026/,members-sha256:734e36226d0cea68639dc583838d03e620dbad9f9034588bdbf4ff03489e69d9,2026-09-26T06:20:41+00:00,206c500743bbe8526466a3819672a9383f003b3ca89307fe902aed0c35738b62,146783,69 daily files 20260101..20260331
locationid=8039/year=2020.zip,https://openaq-data-archive.s3.amazonaws.com/records/csv.gz/locationid=8039/year=2020/,members-sha256:04dee139eed45e7af986597afb01d4394e75d5fd63cc030a47be2e31a6dcc02d,2026-09-26T06:20:45+00:00,0f6e7a199f0bdbcedf1d611a6ed37aadeaf290a0508411807a74ab16b0d7f0fc,214498,362 daily files 20200101..20201231
locationid=8039/year=2024.zip,https://openaq-data-archive.s3.amazonaws.com/records/csv.gz/locationid=8039/year=2024/,members-sha256:ff0106a3c15ed9c1716e226adf91612b3154fd696c50a05b4b7285723fee559e,2026-09-26T06:20:46+00:00,ab6e658bfcc19c11d5d9fe95c906596b16e91c201d0a37871f640a42f8b12300,223573,364 daily files 20240101..20241231
locationid=8118/year=2017.zip,https://openaq-data-archive.s3.amazonaws.com/records/csv.gz/locationid=8118/year=2017/,members-sha256:aee1086439d3c0528a4682afcbdea69981a79d264c755318b3d57fedba5c83c9,2026-09-26T06:20:46+00:00,0d06175dcc0241796221ad413a167fdeb0dd2b6571433486c06bd74226a93ecc,201928,325 daily files 20170101..20171231
locationid=8039/year=2019.zip,https://openaq-data-archive.s3.amazonaws.com/records/csv.gz/locationid=8039/year=2019/,members-sha256:297bb998b2cfef2ca5a7b7b73ddd1a29eb481df75c99a82411765d85a4da12e5,2026-09-26T06:20:47+00:00,0c85e1036d80c491ef66690336b93ab358b7d4c05fa051355c37e44c3b585388,221461,365 daily files 20190101..20191231
locationid=8171/year=2021.zip,https://openaq-data-archive.s3.amazonaws.com/records/csv.gz/locationid=8171/year=2021/,members-sha256:03787fb3916d6ba638ce73dbd3679735bab9f217728a20ee69fdb044d02440fe,2026-09-26T06:20:52+00:00,afe89af83e6c9d4eba0f1a37210c6dbdbe539236eb13e15a6005a493fdc00fcf,120051,133 daily files 20210101..20211231
locationid=8172/year=2025.zip,https://openaq-data-archive.s3.amazonaws.com/records/csv.gz/locationid=8172/year=2025/,members-sha256:6decb49ba4313c36b859dde9d8edcd96e4f3f79b1d66c132da3ada61970c41c1,2026-09-26T06:20:55+00:00,3b6fd4ed0054242f64580e8bb18028af597b629632e8bc8e783d255698c7e43d,40311,63 daily files 20250101..20250304
locationid=8172/year=2022.zip,https://openaq-data-archive.s3.amazonaws.com/records/csv.gz/locationid=8172/year=2022/,members-sha256:3eee95b3d925e7da87649c03f086332d0485fcc28e03cafcc65bac2164ba1eb0,2026-09-26T06:20:59+00:00,9ba41f08cfcdb3fcbbed5e4d818836d8ffceed5fd8d157b481ed6f6a57373349,62798,102 daily files 20220125..20221231
locationid=8118/year=2023.zip,https://openaq-data-archive.s3.amazonaws.com/records/csv.gz/locationid=8118/year=2023/,members-sha256:2e76cfe6958ab50f864f7a3cc4a3ced1a628c40cb19bdf423aa7ae6d22686d4b,2026-09-26T06:21:02+00:00,9c0c419b3e7fd84819c8991aa313febe8098cb1b83b2207fcbe25ccbe232e3b0,195957,308 daily files 20230101..20231231
locationid=8118/year=2019.zip,https://openaq-data-archive.s3.amazonaws.com/records/csv.gz/locationid=8118/year=2019/,members-sha256:f527d70441b08847b54dbbd616dac1e9ab394a87d33a7098e976222df978f55b,2026-09-26T06:21:03+00:00,e39dddf091004af5fedc98d45387f5ca86f413bf5fda7fb61bf6dac1a8dfab6e,224024,364 daily files 20190101..20191231
locationid=8118/year=2018.zip,https://openaq-data-archive.s3.amazonaws.com/records/csv.gz/locationid=8118/year=2018/,members-sha256:c4fae1c323ece3bdb65cdef5f57022b12fa3fab3fc8ad0a0ead90da8cca4b239,2026-09-26T06:21:08+00:00,e092daa9977e6104424f963d66faa8dc674dfc247a39eee817a6e40e70744ff7,220875,363 daily files 20180101..20181231
locationid=8239/year=2018.zip,https://openaq-data-archive.s3.amazonaws.com/records/csv.gz/locationid=8239/year=2018/,members-sha256:a9394e1c140973820232343a206f422c08fd890aa1c2232469de354926f1dbab,2026-09-26T06:21:08+00:00,7d988e2e72218faa3075ae9fe6e27dbafa6a098709639a21befe43e939d56009,23761,11 daily files 20180822..20181228
locationid=8118/year=2021.zip,https://openaq-data-archive.s3.amazonaws.com/records/csv.gz/locationid=8118/year=2021/,members-sha256:0d4bcc5ab9cd44ad36faf8c0fa6aa164bc1ad053ba9a71fa03b021a7196b9f02,2026-09-26T06:21:10+00:00,ddd82e0be17d7b8d9f157c57eeef65596253822cec9ccee99f71ca9e95516f26,210459,346 daily files 20210101..20211231
locationid=8190/year=2026.zip,https://openaq-data-archive.s3.amazonaws.com/records/csv.gz/locationid=8190/year=2026/,members-sha256:f98cad623d2b4fdda8fddcd92a064f7309c09c96ff60d4450c01412f0dbf1974,2026-09-26T06:21:10+00:00,d97cfe4f34ce44c1bcfe12196a367630be9c8ef82388ac3354297a2a0c3683b9,484811,80 daily files 20260101..20260331
locationid=8190/year=2022.zip,https://openaq-data-archive.s3.amazonaws.com/records/csv.gz/locationid=8190/year=2022/,members-sha256:bb198917c982d8fddd31d94ed0d92c94f7f5e6c335884a9b75e878e706fa7af6,2026-09-26T06:21:17+00:00,81e47f7c22867de45a885d895c198bb4aa641d6e044d7b8eda47f47c35e226fc,125952,110 daily files 20220101..20221016
locationid=8118/year=2020.zip,https://openaq-data-archive.s3.amazonaws.com/records/csv.gz/locationid=8118/year=2020/,members-sha256:7a16386ff97362e53e9aca7babf34247860f530a9bfbb64835d153937f18ed28,2026-09-26T06:21:17+00:00,36af8d1150725dd51760a7351e4e124da07e7e95362f9df06fc29dcaba5c5235,220223,363 daily files 20200101..20201231
locationid=8153/year=2025.zip,https://openaq-data-archive.s3.amazonaws.com/records/csv.gz/locationid=8153/year=2025/,members-sha256:600eff8b71e9c8090c999d554a799655e90ff5f12f79121abf398376d169f11f,2026-09-26T06:21:22+00:00,b4e70b063629f00be2edb14ca09f1be810b7da3798ebd6567b36792c29ac7794,1142068,286 daily files 20250219..20251231
locationid=8235/year=2018.zip,https://openaq-data-archive.s3.amazonaws.com/records/csv.gz/locationid=8235/year=2018/,members-sha256:3aebf879a8879e31bb65b9d513904af032926949fb469028ca431100992821e4,2026-09-26T06:21:24+00:00,65886088210758e7f5ac520a6367e5b96112b4d57d730e953ff0f0797bf6a8c8,118400,108 daily files 20180810..20181228
locationid=8171/year=2020.zip,https://openaq-data-archive.s3.amazonaws.com/records/csv.gz/locationid=8171/year=2020/,members-sha256:0e7564432469d1aa1e041c35532a5a3b831f16fe3c2815ff4bdcf8b429acbfe6,2026-09-26T06:21:27+00:00,542dfd043ee3cf53dbbd2e4a47e5cff80e89ca3b68acb1052c3101cf94116147,275978,265 daily files 20200226..20201231
locationid=8235/year=2022.zip,https://openaq-data-archive.s3.amazonaws.com/records/csv.gz/locationid=8235/year=2022/,members-sha256:4bc4e1261c0a115c41eafe02dac3b67115e2b48293a02765d8426f77076b10da,2026-09-26T06:21:28+00:00,13e18e68f0cc19966d3b805482486ddfbccc30b30bb717ab6724c90a426f283c,103053,102 daily files 20220101..20221031
locationid=8235/year=2026.zip,https://openaq-data-archive.s3.amazonaws.com/records/csv.gz/locationid=8235/year=2026/,members-sha256:841ab7160ddb11a128208574c3be8173946c25c13d5f9c52fe7c5de95f0d7697,2026-09-26T06:21:29+00:00,673faef4541a0540c690afe2cbdec7ac9d1b5640e42a240342e95594e29f789b,386387,81 daily files 20260101..20260331
locationid=8118/year=2024.zip,https://openaq-data-archive.s3.amazonaws.com/records/csv.gz/locationid=8118/year=2024/,members-sha256:39c76c50f457e841804c090d02eb97eb3a540190d5fbf4dba30cc39d4bd63e5a,2026-09-26T06:21:31+00:00,367b69942b7e2d51cbcdeb30010124bc89c87c367292c67354a99c55b4e11434,226127,364 daily files 20240101..20241231
locationid=8118/year=2025.zip,https://openaq-data-archive.s3.amazonaws.com/records/csv.gz/locationid=8118/year=2025/,members-sha256:c9a4b63bf1ad1e5cbfa1bc5e8904ebe6855b8e84064dd7d02ba8c82c43ce2602,2026-09-26T06:21:38+00:00,5f062c174eccf53cdb25de9a1765da08b5698350d488d12b03f564d880b1c724,226598,363 daily files 20250101..20251231
locationid=8235/year=2021.zip,https://openaq-data-archive.s3.amazonaws.com/records/csv.gz/locationid=8235/year=2021/,members-sha256:72d853b210bc93499e8761a82e9588db6a4774f541350c92d6dff6cd33ea77b5,2026-09-26T06:21:41+00:00,9005d2ea676e0e7c0d51895dd307e04f8467a3790fbbcc2065968c05e49a1883,185633,155 daily files 20210101..20211231
locationid=8171/year=2025.zip,https://openaq-data-archive.s3.amazonaws.com/records/csv.gz/locationid=8171/year=2025/,members-sha256:cfd55b72ff4b731a01bbf7e1069752c76cae0bb0925013670dd11a091c9ee1ff,2026-09-26T06:21:42+00:00,ae7c9ab3828d5c20fefe583f14c2cbe39a09dd263a50228920ac80a95222b5f3,460755,251 daily files 20250219..20251231
locationid=8319/year=2018.zip,https://openaq-data-archive.s3.amazonaws.com/records/csv.gz/locationid=8319/year=2018/,members-sha256:589d5917c96b30b395232e82f624c98424584f5c3dfc764a9ba88bc405df86c9,2026-09-26T06:21:45+00:00,375abad80d2084d86176d16641ee3e588668e27c84a993b3c55d0f0391946960,70147,40 daily files 20181023..20181228
locationid=8239/year=2026.zip,https://openaq-data-archive.s3.amazonaws.com/records/csv.gz/locationid=8239/year=2026/,members-sha256:6e3761e201764e0cf8efd3fe8866a66e148dea11744531715736f6b51f2fe818,2026-09-26T06:21:46+00:00,7c8904c69d8a7d046276810dbc96e3e68c72add8f5bf31cbec7a1eb29094f235,432606,79 daily files 20260101..20260331
locationid=8235/year=2019.zip,https://openaq-data-archive.s3.amazonaws.com/records/csv.gz/locationid=8235/year=2019/,members-sha256:84b2eb716a3eed91b483dde22b3c63d76b1fc8b874f4c4a95c8d7b1cac9cd4a2,2026-09-26T06:21:48+00:00,ff4957e5855ac56d4f1c8366c0495b42ed1197b851a77aa374bb8af734565620,394843,172 daily files 20190103..20191231
locationid=8239/year=2022.zip,https://openaq-data-archive.s3.amazonaws.com/records/csv.gz/locationid=8239/year=2022/,members-sha256:6515fc21277a8ffe7800eca1162850f861945104837db2c9e90ae8ba80c64414,2026-09-26T06:21:56+00:00,4afa7cfbb9856e7573113f5de44fea410bf3352a7782078e77b49eef9c57fb71,134681,126 daily files 20220101..20221031
locationid=8245/year=2026.zip,https://openaq-data-archive.s3.amazonaws.com/records/csv.gz/locationid=8245/year=2026/,members-sha256:63f1ea3a8c2154dc41f38d3910492f15154235bbe256d88f825f51b01a44fb3f,2026-09-26T06:21:58+00:00,28b6b23174cece45bd23db1bc85427a7a8777f925eff60ca27ca269687ef07a0,435320,81 daily files 20260101..20260331
locationid=8190/year=2021.zip,https://openaq-data-archive.s3.amazonaws.com/records/csv.gz/locationid=8190/year=2021/,members-sha256:1619755339e7005d578d7b703fbf8ea0acbb0f7352134d8f3894259e36017ab2,2026-09-26T06:21:58+00:00,7637765cd8975099a80393fe7e8d901c38287c138fd12154d099594b4ed868f9,271360,224 daily files 20210101..20211231
locationid=8172/year=2023.zip,https://openaq-data-archive.s3.amazonaws.com/records/csv.gz/locationid=8172/year=2023/,members-sha256:2b9389c8801ed79d7ae55b629f0fa76aa4fd71dd2a4b049b0f534927498359af,2026-09-26T06:22:02+00:00,c8cf7f81efc001a7a56469be9a8ccf7671e4167595c701e2989038b5c1d47123,180346,284 daily files 20230101..20231231
locationid=8239/year=2019.zip,https://openaq-data-archive.s3.amazonaws.com/records/csv.gz/locationid=8239/year=2019/,members-sha256:af104213b8500aaab85d14b9d0aaeef2f987098135445d2487fe140cdb05e472,2026-09-26T06:22:05+00:00,635f52cc00f17da035990d74e2c0acead09ab793efbb842e307733f8b6d3b564,438943,172 daily files 20190103..20191231
locationid=8245/year=2022.zip,https://openaq-data-archive.s3.amazonaws.com/records/csv.gz/locationid=8245/year=2022/,members-sha256:52eaca4696fe29e192e678d59d6b36fce02b0c36f4c823a9c855b8e5a88c848f,2026-09-26T06:22:05+00:00,2915ad744476797e8634391b9188ad8d04aa818dca83e9da09766b5c1b58de9a,124831,109 daily files 20220101..20221016
locationid=8319/year=2019.zip,https://openaq-data-archive.s3.amazonaws.com/records/csv.gz/locationid=8319/year=2019/,members-sha256:3c66a55cda7ba81a1926ca2047a9354b9214281a90e5ac1652c7c6ac05383d41,2026-09-26T06:22:06+00:00,84647498b7120b87b0602e81e0d52f4f1c9bfd7ede025b9921225c0c52620a4c,214366,94 daily files 20190103..20191231
locationid=8190/year=2020.zip,https://openaq-data-archive.s3.amazonaws.com/records/csv.gz/locationid=8190/year=2020/,members-sha256:99b384fb2028af07508e6cbb56a7b857cf8a69b46b338f0818b828061b503e17,2026-09-26T06:22:16+00:00,0da44584e3d8adef7ed3d4304371824e924ac4bc9f8d3169672249215d8f54f9,377526,269 daily files 20200217..20201231
locationid=8319/year=2026.zip,https://openaq-data-archive.s3.amazonaws.com/records/csv.gz/locationid=8319/year=2026/,members-sha256:4822c1238a130fb7fb6abf2c34adea7b4dc3ca4dc980e2773b64a824f5697a27,2026-09-26T06:22:16+00:00,3c226a375587b7b3caf29d620e39f7779c884958d13156dbbbecb922867fded3,420882,81 daily files 20260101..20260331
locationid=8319/year=2022.zip,https://openaq-data-archive.s3.amazonaws.com/records/csv.gz/locationid=8319/year=2022/,members-sha256:7582bed5bf79b380dd6f0c4274118f9b98ca6fa6895c8b4bc8154495037a1fe1,2026-09-26T06:22:20+00:00,f0858db2e4ebf9d563de78c72b1ee9c726aa2715f341e23f16b14f089679c7d1,107392,105 daily files 20220101..20221031
locationid=8190/year=2025.zip,https://openaq-data-archive.s3.amazonaws.com/records/csv.gz/locationid=8190/year=2025/,members-sha256:22406d9514bd298b311863d98552c7ce3bf000eab9a759173ef4fae52c1d5e3a,2026-09-26T06:22:20+00:00,0c475090943f83460bea702ebaf39dd889db20891bfb7de6be7e294ff04e8eb4,1504813,288 daily files 20250219..20251231
locationid=8239/year=2021.zip,https://openaq-data-archive.s3.amazonaws.com/records/csv.gz/locationid=8239/year=2021/,members-sha256:7716364d96fbc5b334d4f92fe5a2624e94f713b36127a7e5f7b2bd09690f54bb,2026-09-26T06:22:22+00:00,41804d915045798bae8ee3fd6eaac5db9e10905c34b88769991e943b03f33eaa,246637,216 daily files 20210103..20211231
locationid=8172/year=2024.zip,https://openaq-data-archive.s3.amazonaws.com/records/csv.gz/locationid=8172/year=2024/,members-sha256:818dda2133475a065e272974ab5e9472da2f95a7e4acb68e8c6c9b32437864f3,2026-09-26T06:22:27+00:00,cb6aebcad5aae985aa18c44a2d550a3b6be1ce3c607957939eb1d17610f6e85e,219613,355 daily files 20240101..20241231
locationid=8235/year=2020.zip,https://openaq-data-archive.s3.amazonaws.com/records/csv.gz/locationid=8235/year=2020/,members-sha256:729576486b83ec0920cb7789f995bb350676c7604436e04a6eb4c8fc62ff2f9b,2026-09-26T06:22:31+00:00,304ba712c2678c824fb57ba6a02829fcbf697518c0aff06cda3344e3f1b05fef,368311,302 daily files 20200101..20201219
locationid=8365/year=2018.zip,https://openaq-data-archive.s3.amazonaws.com/records/csv.gz/locationid=8365/year=2018/,members-sha256:460fd220212018aca511e2183726844af56d2254df3ba2004a1dcbc31f232098,2026-09-26T06:22:32+00:00,07c5724c2295d614d320f2eb6da5c36c9e0983c7d9f4ef3b042d99d8aa9c205e,183032,112 daily files 20180810..20181228
locationid=8365/year=2026.zip,https://openaq-data-archive.s3.amazonaws.com/records/csv.gz/locationid=8365/year=2026/,members-sha256:9e0e47820dc4526326c9117950a43ca0a06b7cc9cf647cac95d02ab5cb1f6bc2,2026-09-26T06:22:35+00:00,cdb3c2762aa805080923418bc1de2dd86fb9d6b13953ea5aa88d92e09ba6b2f3,442025,81 daily files 20260101..20260331
locationid=8235/year=2025.zip,https://openaq-data-archive.s3.amazonaws.com/records/csv.gz/locationid=8235/year=2025/,members-sha256:15aebf0ca86e9069586ff45c17cb6b64b6bf54ce37ee5371dab8908ebe5c7b48,2026-09-26T06:22:45+00:00,cd6b936ec90d612a6dda8bb2f022e4c9044a7146167bffa94ded23a53fa3196c,1446934,315 daily files 20250219..20251231
locationid=8365/year=2022.zip,https://openaq-data-archive.s3.amazonaws.com/records/csv.gz/locationid=8365/year=2022/,members-sha256:843710386acd52667a198ad50e1b819b7e46e43c5f43420d33b05f9252bc6ff2,2026-09-26T06:22:46+00:00,cb917b170e7a98794419c4e94f8459d5c30860eced5735b644e07ea668e2ef3b,136394,126 daily files 20220101..20221031
locationid=8319/year=2021.zip,https://openaq-data-archive.s3.amazonaws.com/records/csv.gz/locationid=8319/year=2021/,members-sha256:4633e5036f9307aa259d2b20181f82b0f595244efa05dd354baf202c7a9b1347,2026-09-26T06:22:48+00:00,1d957f1004c15b0b73d44e408398a69b91402acc32c61d301a9f5e902483e5ee,207037,199 daily files 20210101..20211231
locationid=8245/year=2021.zip,https://openaq-data-archive.s3.amazonaws.com/records/csv.gz/locationid=8245/year=2021/,members-sha256:b70c7788bd2119a42d95165de664ce77a0d29924fe6419fba2281548fb74596c,2026-09-26T06:22:49+00:00,ac8151b89f1318b3b0a51f879ab4519329d5e2f986ef1b218042081a6b004831,289056,247 daily files 20210101..20211231
locationid=8472/year=2018.zip,https://openaq-data-archive.s3.amazonaws.com/records/csv.gz/locationid=8472/year=2018/,members-sha256:adbaeb6f36e4167ca62f04a8ff7705e2ad1a29f66e00be2594476ed0e96d004b,2026-09-26T06:22:50+00:00,eaa0cd0a47aba42b934ff478b32c9ac53d95af5a2289911cdddbf4dfd112ef24,158868,112 daily files 20180810..20181228
locationid=8239/year=2020.zip,https://openaq-data-archive.s3.amazonaws.com/records/csv.gz/locationid=8239/year=2020/,members-sha256:e5bb0145269652e432977810ea01914599c361687b05d166d67910e2601e3f9a,2026-09-26T06:22:51+00:00,23a2522ddac6d5d63992b9481c754ef4220583f45c0c7e65ca51325e53736463,483391,304 daily files 20200101..20201210
locationid=8472/year=2026.zip,https://openaq-data-archive.s3.amazonaws.com/records/csv.gz/locationid=8472/year=2026/,members-sha256:049c81554fbda174c9b3342e3b73394e78351f4adf6984b902fa93743eb5dfac,2026-09-26T06:22:57+00:00,b3034052dc2ed66f3007a38ca95f4c233f696cebdc9ddaf666259bc3e85ce953,417202,81 daily files 20260101..20260331
locationid=8365/year=2019.zip,https://openaq-data-archive.s3.amazonaws.com/records/csv.gz/locationid=8365/year=2019/,members-sha256:d6406882c6f0ac7057b18599a7c368c2a33d43b82e3ad912abe127ec586a24f2,2026-09-26T06:22:58+00:00,5b63e16851525eb38e531ad78a924989bb967dfad111c648b8e9da504b866de7,291389,173 daily files 20190103..20191231
locationid=8239/year=2025.zip,https://openaq-data-archive.s3.amazonaws.com/records/csv.gz/locationid=8239/year=2025/,members-sha256:3ca04cd7231b07a3e7f3a4ae115ab19257bc51cf658b91a672cd6930899c841b,2026-09-26T06:23:01+00:00,4a675698ca84f66478100bcf59ae490f54e4fc217af366573111717b850b7fd9,1471269,315 daily files 20250219..20251231
locationid=8472/year=2022.zip,https://openaq-data-archive.s3.amazonaws.com/records/csv.gz/locationid=8472/year=2022/,members-sha256:77947e8308d7cb65893ea511d70db729bc5b4c05c236b38d6e29a0751f92cbb2,2026-09-26T06:23:03+00:00,915de148f23bea94b2b2dc4a1e0f3fff87ffaa60915411199987e2ff5c6ae91e,112915,122 daily files 20220101..20221031
locationid=8557/year=2016.zip,https://openaq-data-archive.s3.amazonaws.com/records/csv.gz/locationid=8557/year=2016/,members-sha256:20266c30a46c9f700a2cc4dddcd8a411c30366bde870957c161a9c81c68bf237,2026-09-26T06:23:10+00:00,58579c66369f823f9e130159c04b614996a4ae837cf28d6b98435bd414e89d4d,33439,53 daily files 20161109..20161231
locationid=8365/year=2021.zip,https://openaq-data-archive.s3.amazonaws.com/records/csv.gz/locationid=8365/year=2021/,members-sha256:e544d22e2bfd9836d99ba97e808a478a6ed54fd0f5eac36702465ffede4c6178,2026-09-26T06:23:11+00:00,fa4598e6f2310c2b0ade6f248a39ec7f68b32befaf3827b1127ee0d9e808466e,205814,207 daily files 20210104..20211231
locationid=8475/year=2018.zip,https://openaq-data-archive.s3.amazonaws.com/records/csv.gz/locationid=8475/year=2018/,members-sha256:817d9c739e47f36c8e37ec8ccce4dd40740cd4d14cbc8380771c0e2424f92907,2026-09-26T06:23:13+00:00,f11b2393692e3bc99074026a8acf6a4a165b667957c45f7a47851582fb4e96af,144637,111 daily files 20180810..20181228
locationid=8472/year=2019.zip,https://openaq-data-archive.s3.amazonaws.com/records/csv.gz/locationid=8472/year=2019/,members-sha256:18c1faa63ff04b03bfe4fb5c0e8c27f220652077f187186f0e29ba31dcbc812f,2026-09-26T06:23:15+00:00,43a55bb8a715514885c92728ca9bf2a8d2d344420ef7e99c315b135a7548f69a,359371,169 daily files 20190103..20191231
locationid=8475/year=2026.zip,https://openaq-data-archive.s3.amazonaws.com/records/csv.gz/locationid=8475/year=2026/,members-sha256:9fc0b1bdac6028aa670f75f04d2906c72b6c588cf2de01135694e9980e21d124,2026-09-26T06:23:20+00:00,fbde635f35a7946f06133ede95977c552e88dbe613e8d838359322356e015cc1,440277,81 daily files 20260101..20260331
locationid=8245/year=2025.zip,https://openaq-data-archive.s3.amazonaws.com/records/csv.gz/locationid=8245/year=2025/,members-sha256:f646833f972595b9267fae373c0df60115e3158f12f596771e13a0df306e0e63,2026-09-26T06:23:20+00:00,9d390f30aca44a2e209b16482d6c4c10e6b016e316ce8980b27067b0f37c16ac,1416082,314 daily files 20250219..20251231
locationid=8245/year=2020.zip,https://openaq-data-archive.s3.amazonaws.com/records/csv.gz/locationid=8245/year=2020/,members-sha256:aea6648609ad4f26ff2bafcaad3dcac14c971b4d3f63d3d58ec8a0c21ccc5c74,2026-09-26T06:23:25+00:00,55b582d680a4f366820be387925f79129fe9db40aab16f20ec9c6e5908364fc4,523760,341 daily files 20200107..20201231
locationid=8475/year=2022.zip,https://openaq-data-archive.s3.amazonaws.com/records/csv.gz/locationid=8475/year=2022/,members-sha256:8b7275fd04f2c64d463915afdd65713e1ea3faf132c22a52047dd38f04d76470,2026-09-26T06:23:29+00:00,27757d1ae2e8b94ecceece8c4548f961705354f5a219003f77595623e74313d2,122672,120 daily files 20220102..20221031
locationid=8319/year=2020.zip,https://openaq-data-archive.s3.amazonaws.com/records/csv.gz/locationid=8319/year=2020/,members-sha256:3ac27380a8b5f4cd679afaa2aa963f2251524fe9a2249183546081bf5f3c32c3,2026-09-26T06:23:32+00:00,3ea3aa163ddcf096157e0ea1866e0f542f658b3ee3c9bb8f354cfa707741c1c1,438109,324 daily files 20200101..20201231
locationid=8475/year=2019.zip,https://openaq-data-archive.s3.amazonaws.com/records/csv.gz/locationid=8475/year=2019/,members-sha256:3766da2614692dc6ee8e117a04216e154eacb096b17894e0743ea74b0b506a81,2026-09-26T06:23:33+00:00,c3a1a163b3ecf726fadf0e357019cb3cb028313afbfa7fb9ce8fa375e4bf0c6f,423550,170 daily files 20190103..20191231
locationid=8319/year=2025.zip,https://openaq-data-archive.s3.amazonaws.com/records/csv.gz/locationid=8319/year=2025/,members-sha256:b26ecfb835c5576dee59b60b5a388e1b0038706d943c116a858cc9688ee2335d,2026-09-26T06:23:35+00:00,bb8a61eee0df6844150ca5e8a528aa796831d9b96317961922e9fe56f26a2f1e,1383319,313 daily files 20250219..20251231
locationid=8472/year=2021.zip,https://openaq-data-archive.s3.amazonaws.com/records/csv.gz/locationid=8472/year=2021/,members-sha256:7d0112109cdcbadfa03a75ebaa576539b89d2d4cd2c06fe353de6ce8950aa14b,2026-09-26T06:23:37+00:00,b9da01b34163503d531482a3f0806b92f806d57773e59da5cde97ccbe8c87367,223758,222 daily files 20210101..20211231
locationid=8558/year=2016.zip,https://openaq-data-archive.s3.amazonaws.com/records/csv.gz/locationid=8558/year=2016/,members-sha256:c3e219c5dd2aa285622b08ca7995c36a55211244342b8eb89e87ec0ae7b1cf8b,2026-09-26T06:23:40+00:00,66c5ad04fa8a51eca3bfe36f5ef7051bfc9c896f9ee4dad9d10feb16f2c3c88c,32820,53 daily files 20161109..20161231
locationid=8365/year=2020.zip,https://openaq-data-archive.s3.amazonaws.com/records/csv.gz/locationid=8365/year=2020/,members-sha256:d23e9a4b7baf0eba1be601c528278aac34408dc33801628c15218327aebd3680,2026-09-26T06:23:43+00:00,ce3d3b20badda32bfad60c8aff24dc9f8c1d127853fabe8283d0ec0658387379,423035,304 daily files 20200101..20201214
locationid=8557/year=2026.zip,https://openaq-data-archive.s3.amazonaws.com/records/csv.gz/locationid=8557/year=2026/,members-sha256:d0eed22c1482875132a3ba570a2d427243f9d217f3a324b924e6e2520197e227,2026-09-26T06:23:52+00:00,50e6c769dd1a332893e83959e6d827c6ce7aec2e43dd0f68b7c932b6c39c5b42,54726,88 daily files 20260101..20260331
locationid=8365/year=2025.zip,https://openaq-data-archive.s3.amazonaws.com/records/csv.gz/locationid=8365/year=2025/,members-sha256:42de44e649560666ebdb4087c2f1c75043a9c28f3ef377a1957bb310fda4bcb3,2026-09-26T06:23:59+00:00,83e1dacf4b362341e0e7cf18062756772237e10ae227d66a2857364800316bf0,1461357,315 daily files 20250219..20251231
locationid=8475/year=2021.zip,https://openaq-data-archive.s3.amazonaws.com/records/csv.gz/locationid=8475/year=2021/,members-sha256:9ba9256f0ba79f28fce87c2ba8149afd4a153d95a953fe9f44c26c8e94521d22,2026-09-26T06:24:03+00:00,95d6e8afeb8b33924954954ad5fe036b10e8a127622830793780c08fc0b17a8e,237544,215 daily files 20210102..20211231
locationid=8472/year=2020.zip,https://openaq-data-archive.s3.amazonaws.com/records/csv.gz/locationid=8472/year=2020/,members-sha256:f49fca79ba97990ce22a021527fb25f8ae4fc336cec88df4e5986580bd7dfceb,2026-09-26T06:24:11+00:00,7b3972d2f0ae88b0492dd60657d0d112442036abf8c5c65ba99ec93ed33894af,410490,324 daily files 20200101..20201231
locationid=8472/year=2025.zip,https://openaq-data-archive.s3.amazonaws.com/records/csv.gz/locationid=8472/year=2025/,members-sha256:9a496ed1668aaec7b2875466c9496844dea3568e58de871b852eea164528aaae,2026-09-26T06:24:18+00:00,ea3d41dcb28bbec4ed5dfdf0e730655f4e03a0828426acbf7004dc956644e6ca,1406372,315 daily files 20250219..20251231
locationid=8475/year=2020.zip,https://openaq-data-archive.s3.amazonaws.com/records/csv.gz/locationid=8475/year=2020/,members-sha256:003754f93faf02105b6c80c9eb22ac3ccd197bbcbe56cc7e6abc240c6964914d,2026-09-26T06:24:19+00:00,96fc2792d961df767771b50aff006a0aa139671ae2b8d0829310842c7c602a65,458678,302 daily files 20200101..20201214
locationid=8557/year=2022.zip,https://openaq-data-archive.s3.amazonaws.com/records/csv.gz/locationid=8557/year=2022/,members-sha256:4f0292534df0bdbdd90dd9894103ec933c4f51e56a746de472bc20cdd1ee2a4c,2026-09-26T06:24:34+00:00,8cf89c7e1e7ce199757097e94eaa35bc5160fcd413e51c0211fa3c37c9c5dc07,147062,241 daily files 20220101..20221231
locationid=8914/year=2021.zip,https://openaq-data-archive.s3.amazonaws.com/records/csv.gz/locationid=8914/year=2021/,members-sha256:7d5230e828ff50c076f2578f9d118efd248de75c1814848928b91d3c90f581e5,2026-09-26T06:24:41+00:00,7f2b0ac8a418a10272b4b94f8336999ec87f4fcaf1d27d771562bbb24964d984,131845,80 daily files 20210101..20211231
locationid=8475/year=2025.zip,https://openaq-data-archive.s3.amazonaws.com/records/csv.gz/locationid=8475/year=2025/,members-sha256:7f8b62e376c65cc6fa847e560f78c563d6ae375e6c0f53b7940afce050c8fe4c,2026-09-26T06:24:42+00:00,8779f26620da67619835133fdbc99304b24a2104b94f8dd768eeed57602eb837,1439700,314 daily files 20250219..20251231
locationid=8557/year=2017.zip,https://openaq-data-archive.s3.amazonaws.com/records/csv.gz/locationid=8557/year=2017/,members-sha256:c39a2efbd48a70d3c05b37d3e27987841f6687fa492173de8260285ac9ab0cf2,2026-09-26T06:24:42+00:00,678aeda0d4eadf54fa5d0f431a2ab0f999f170ef6a97f072d162ad5ba40b1109,196596,325 daily files 20170101..20171231
locationid=8557/year=2025.zip,https://openaq-data-archive.s3.amazonaws.com/records/csv.gz/locationid=8557/year=2025/,members-sha256:c609a52ab450724946aead85ef6763c0e51564b97381c1f913756ad7e11b0d7e,2026-09-26T06:24:44+00:00,3807b315329de04f42e9af580e2a9054653326c9b519fb5c3ab01822e2bdb88f,156382,254 daily files 20250101..20251231
locationid=8915/year=2018.zip,https://openaq-data-archive.s3.amazonaws.com/records/csv.gz/locationid=8915/year=2018/,members-sha256:e9ee4009fc3c019da072fdb600a6bc55de657ecfc0edcd0ff074b4434123b9a5,2026-09-26T06:24:47+00:00,61e7011502875366b728a891fddfbff972fcdca4769ff678352404679c2c080f,21940,11 daily files 20181214..20181228
locationid=8914/year=2022.zip,https://openaq-data-archive.s3.amazonaws.com/records/csv.gz/locationid=8914/year=2022/,members-sha256:813c517295ffa526d6afaba2d87bbbdefa7d87618e4665a75af724c9a0b5e651,2026-09-26T06:24:48+00:00,d7db29e2d9d896403be49407de9be2acbe34f0caff38a3c5a8811baf3df7348e,102229,87 daily files 20220101..20221016
locationid=8914/year=2019.zip,https://openaq-data-archive.s3.amazonaws.com/records/csv.gz/locationid=8914/year=2019/,members-sha256:61fe4c0e2b625d418fa7e81afda8a80b1873c23051f3c4cdf677c2af75ff2c20,2026-09-26T06:24:53+00:00,bc24640e286a4dd5452efdfb130086b7e9b9565ff599f47849b10010e6806f63,415407,151 daily files 20190711..20191231
locationid=8558/year=2025.zip,https://openaq-data-archive.s3.amazonaws.com/records/csv.gz/locationid=8558/year=2025/,members-sha256:f01e158fe4fec11f89a4ab748d13b99458ffd80d554e9b3be67a26d6265c103e,2026-09-26T06:24:55+00:00,0bed43954f8b33a4f5b35e745cbd825682ef47361f18e81d5659f3d1d36489a6,109421,177 daily files 20250101..20250630
locationid=8557/year=2023.zip,https://openaq-data-archive.s3.amazonaws.com/records/csv.gz/locationid=8557/year=2023/,members-sha256:d81df8a3ac0f2f518641c81c91bcb467e8ea27611477b36d33337e3540e5f423,2026-09-26T06:24:58+00:00,0d2a2e68200116cd83fa66550f11f875162d12eaea0e9204013bc5056ff39b40,193428,308 daily files 20230101..20231231
locationid=8557/year=2018.zip,https://openaq-data-archive.s3.amazonaws.com/records/csv.gz/locationid=8557/year=2018/,members-sha256:347eee6f20fff12c66a4708eb9651a29cae1273ba3a52affd20d250ea335b5ea,2026-09-26T06:25:00+00:00,14ac952dc0e7712a3fdafcb982c85bbe500135027c723356af821626f7b8aaf7,212802,363 daily files 20180101..20181231
locationid=8558/year=2023.zip,https://openaq-data-archive.s3.amazonaws.com/records/csv.gz/locationid=8558/year=2023/,members-sha256:5dd9a1ce40606732504a019f5bda835cd2b110fcd0ae56350bab296d2a04347b,2026-09-26T06:25:00+00:00,ebee6e3cff8b7acf80bc98b25573ade21d18dbfe585b5d540a6cc59df7863d30,150219,238 daily files 20230101..20231231
locationid=8558/year=2022.zip,https://openaq-data-archive.s3.amazonaws.com/records/csv.gz/locationid=8558/year=2022/,members-sha256:0d9b4f85390308df1a6386f9c52e4aa0a40311044a14bada163ff04e01c56787,2026-09-26T06:25:02+00:00,09386c4e5ea1281c538bb28a6905f3bb343733110ddefe903b056895a617bf3f,147556,241 daily files 20220101..20221231
locationid=8557/year=2021.zip,https://openaq-data-archive.s3.amazonaws.com/records/csv.gz/locationid=8557/year=2021/,members-sha256:ae0d7b36ad7af1ada26d7e818a4e148baede3fbafa4b7b7ba9bb3196752e1a7d,2026-09-26T06:25:02+00:00,74a65704a628cb3add633f7f2c38366e0cf2659dae750dec4ab9e33f6b8621c8,206610,348 daily files 20210101..20211231
locationid=8914/year=2026.zip,https://openaq-data-archive.s3.amazonaws.com/records/csv.gz/locationid=8914/year=2026/,members-sha256:baf7de1980c1b1fab3a8cb34922556f90f4d4ff8041f37c36618f47ada4b260c,2026-09-26T06:25:04+00:00,d75bd13bfc5ce8271bc0ef8dd328dcd3d916c50bf0520ea8239a3a0eea8af15e,455179,81 daily files 20260101..20260331
locationid=8557/year=2019.zip,https://openaq-data-archive.s3.amazonaws.com/records/csv.gz/locationid=8557/year=2019/,members-sha256:9d9aa86107c5a0ea8bbdd395addff397d3fdfdc8689ab0825e84479a660badab,2026-09-26T06:25:06+00:00,c55b47c3466bf9110a235f6e8ef5e91c93e6634b33715f65d2f2c3db46be8d48,218176,365 daily files 20190101..20191231
locationid=8557/year=2020.zip,https://openaq-data-archive.s3.amazonaws.com/records/csv.gz/locationid=8557/year=2020/,members-sha256:f2cf83228b1f223fb70ba8b2f443301481a6b269531ad986adf55c9a233c57d2,2026-09-26T06:25:06+00:00,e6243a692047cc84ad633874bdeca33d7042b21b99573b4e162c68f1a01968fe,212697,362 daily files 20200101..20201231
locationid=8917/year=2018.zip,https://openaq-data-archive.s3.amazonaws.com/records/csv.gz/locationid=8917/year=2018/,members-sha256:d0b95d7e70a3b6f95335a10f3e64912e5e610e824a38c69d750d6cb908f77273,2026-09-26T06:25:08+00:00,2280f1c217cc34255fa7b3befb3fbd8a93fc999f5076f7da212eda5042649203,23121,11 daily files 20181214..20181228
locationid=8558/year=2017.zip,https://openaq-data-archive.s3.amazonaws.com/records/csv.gz/locationid=8558/year=2017/,members-sha256:778b506ef7a6d01b2ee04867c2bfc6cc4c0ac4d2f104244e6ac8361ef759703d,2026-09-26T06:25:16+00:00,c581c08f3cb9c3a38de13a6e4b18e7dc2ac9e1aeecb7612dfe8452a3cdf29713,198879,325 daily files 20170101..20171231
locationid=8557/year=2024.zip,https://openaq-data-archive.s3.amazonaws.com/records/csv.gz/locationid=8557/year=2024/,members-sha256:7ba4fa3d7642521708c41816713f3a08f8f45eede1df78be8c9c1dc6048af346,2026-09-26T06:25:20+00:00,a96d3058c271f77ea8e104649076b749451ea0170158dfc0fe499465e7c7325a,222481,364 daily files 20240101..20241231
locationid=8915/year=2026.zip,https://openaq-data-archive.s3.amazonaws.com/records/csv.gz/locationid=8915/year=2026/,members-sha256:a080b7eed07bc3a7d6cae8f87f6f4cc57e3d59e1d322dd0340df829cbfd15b76,2026-09-26T06:25:22+00:00,e5fbb14d897e182786f12a0ee424d6395586ba456778a36246b269362bc92eec,426734,81 daily files 20260101..20260331
locationid=8915/year=2022.zip,https://openaq-data-archive.s3.amazonaws.com/records/csv.gz/locationid=8915/year=2022/,members-sha256:69cff82498661e0aec76a757531371d1dd7e6b4f33b0e619d91896be7b9c94eb,2026-09-26T06:25:23+00:00,801364444d3a91f0e5d3fb9b52cfc8d967992c98e55ca7ac0783db0566014e6f,105464,103 daily files 20220101..20221031
locationid=10484/year=2018.zip,https://openaq-data-archive.s3.amazonaws.com/records/csv.gz/locationid=10484/year=2018/,members-sha256:6d97184ba93d2184f30e88f01173fdaf7ef7e83c519812144d7fa6b2cbc20801,2026-09-26T06:25:23+00:00,59ce9bd199bf16a2a947d9ad4630eeed888b1cedf28c578873e792aacfaf6093,22362,11 daily files 20181214..20181228
locationid=8558/year=2021.zip,https://openaq-data-archive.s3.amazonaws.com/records/csv.gz/locationid=8558/year=2021/,members-sha256:08d1cb911d91a74095cfb108995cb1b7b6fc8a8d957f4982c6133542bd221753,2026-09-26T06:25:31+00:00,a31eca322f0bdc6d2e7a4a24f5622bd85fe8105bebe3e1007f4303bda9264fa0,207649,345 daily files 20210101..20211231
locationid=8558/year=2020.zip,https://openaq-data-archive.s3.amazonaws.com/records/csv.gz/locationid=8558/year=2020/,members-sha256:77b63d1b04ab27699ebdcebed52e30155e7d88dfadf8e9dab309daf4ac981d4c,2026-09-26T06:25:32+00:00,c41856dfa11b6cf095ab5bb9f17a24631b29bbf95b8f253794cc155188e50305,216294,361 daily files 20200101..20201231
locationid=8558/year=2018.zip,https://openaq-data-archive.s3.amazonaws.com/records/csv.gz/locationid=8558/year=2018/,members-sha256:dde0b5eeec42ef3274e70ac091e888453095e42c1a7ec73db29910df5df5dee4,2026-09-26T06:25:34+00:00,7006dbd3b3f3b9461c1dc58f8782b7b07b8bee154d35b013c17f1cba59a1249d,212601,361 daily files 20180101..20181231
locationid=8916/year=2022.zip,https://openaq-data-archive.s3.amazonaws.com/records/csv.gz/locationid=8916/year=2022/,members-sha256:90f740d5a814e1c59e301bd19c4309066712a4946b84d72525ece21f34da64f2,2026-09-26T06:25:36+00:00,a966a57d386ae97e01f65ec9c9f29b9bb70b05b2d03764d1648cebe9b3121b6e,111679,105 daily files 20220101..20221016
locationid=8917/year=2026.zip,https://openaq-data-archive.s3.amazonaws.com/records/csv.gz/locationid=8917/year=2026/,members-sha256:7a52282535e6bef02c79c0568429136ee1508e21b00d3e78566ab9de346aebc6,2026-09-26T06:25:37+00:00,fbb3a390795e3a62714906d44c6aa557bc136f7c082f4321183373daf093b1ed,439682,81 daily files 20260101..20260331
locationid=8915/year=2021.zip,https://openaq-data-archive.s3.amazonaws.com/records/csv.gz/locationid=8915/year=2021/,members-sha256:02e2b039508d8fc6bffd72b8f68867407fee9473ab03d7047af74479c5a08c0c,2026-09-26T06:25:38+00:00,a37ffdb5a48b53a0f9814002fd98f6b135a9e0175c2e1defb207b5c565585f67,191560,154 daily files 20210104..20211231
locationid=8558/year=2019.zip,https://openaq-data-archive.s3.amazonaws.com/records/csv.gz/locationid=8558/year=2019/,members-sha256:b4a91a99ef1ceaedc239ebbd1726dc85c22d6acc9396b734a0aecbb05b3d6c60,2026-09-26T06:25:38+00:00,5699c1fa87549efed19f4acce82c81dd064d15e71c0cae167d0346dad87e31f1,218493,360 daily files 20190101..20191231
locationid=8915/year=2019.zip,https://openaq-data-archive.s3.amazonaws.com/records/csv.gz/locationid=8915/year=2019/,members-sha256:41134f7fbd1fcb6bc3c4e12ab25f1d1a7c122d4c4073a669f5acbeaa98575713,2026-09-26T06:25:45+00:00,6af55de1bcad138f20acec9e52784baa80574bc2282d027bb2aca06e08c9f9d5,415075,172 daily files 20190103..20191231
locationid=8917/year=2022.zip,https://openaq-data-archive.s3.amazonaws.com/records/csv.gz/locationid=8917/year=2022/,members-sha256:3f14591a9c2b249426d1c4f3114bb875137b24a03bba160acfe22cbef34bc600,2026-09-26T06:25:48+00:00,85cbef76ef26fb4375b38cd10bafdc498a6171516f271711598406607fed5959,132113,124 daily files 20220101..20221031
locationid=8558/year=2024.zip,https://openaq-data-archive.s3.amazonaws.com/records/csv.gz/locationid=8558/year=2024/,members-sha256:9d6493ae77cdd08ed5b6b2e9ac28ed209c2f7e60e7dc4f0ef9679c75712f7fcb,2026-09-26T06:25:50+00:00,ed47d348d60ce84848b694db254d8756aff7b5737f98f36dec9c48bb6ce8c7c8,223631,364 daily files 20240101..20241231
locationid=8914/year=2020.zip,https://openaq-data-archive.s3.amazonaws.com/records/csv.gz/locationid=8914/year=2020/,members-sha256:8444e027e40f41fd895f909eb787362881e04c3c27f0c456050b0d91461ea797,2026-09-26T06:25:55+00:00,96d83d09373c5e73e189cebe921d22385b6ac2541e4c89a7a373d7b672061fe1,541902,333 daily files 20200101..20201229
locationid=10486/year=2018.zip,https://openaq-data-archive.s3.amazonaws.com/records/csv.gz/locationid=10486/year=2018/,members-sha256:6437ffc390d9597da7c340c234d4b4c91ae55179856eae43ade3ca9d8528c56f,2026-09-26T06:25:57+00:00,175eef6cfed60e0990bfae9dfcab0d62b7bdf99a575e291e5065d291947f986c,24701,11 daily files 20181214..20181228
locationid=10484/year=2022.zip,https://openaq-data-archive.s3.amazonaws.com/records/csv.gz/locationid=10484/year=2022/,members-sha256:d426377fb4d765fe5491be00df2188c4158c13b39887d230ca32a9bf5295f47f,2026-09-26T06:26:00+00:00,6b133b6f42c2507d21a2ee650426f74f421c08643a5ada2d2236063815072c86,107891,102 daily files 20220101..20221031
locationid=10484/year=2026.zip,https://openaq-data-archive.s3.amazonaws.com/records/csv.gz/locationid=10484/year=2026/,members-sha256:676266c112353cc04d89e97c0ef2bb39f117d3e310bf6de6ab37d60af867115d,2026-09-26T06:26:02+00:00,e4b415e0171d057ff3be5c82fb02e7fdfeeaaef14b46ba6ce46e3cf521ecef32,435208,81 daily files 20260101..20260331
locationid=8917/year=2019.zip,https://openaq-data-archive.s3.amazonaws.com/records/csv.gz/locationid=8917/year=2019/,members-sha256:b50b2fcc9f9ff6f6ad24d9b1730ee094a6f8d1fd08b713084e393ad3668a01cf,2026-09-26T06:26:02+00:00,1b91668403a73728b338d199fce12f0a71355e8d190d60943bd7d39b33b394f0,469008,173 daily files 20190103..20191231
locationid=8914/year=2025.zip,https://openaq-data-archive.s3.amazonaws.com/records/csv.gz/locationid=8914/year=2025/,members-sha256:2a6a905aa26618e6045c1dccd33a515d950fbfcbd5c12a02176af1d627ee4060,2026-09-26T06:26:07+00:00,0b72417cb5143ccdfc65c279a565e6a8ec1546c332929d5d6edbbd2efdd48197,1616972,311 daily files 20250219..20251231
locationid=10485/year=2018.zip,https://openaq-data-archive.s3.amazonaws.com/records/csv.gz/locationid=10485/year=2018/,members-sha256:2a56fab36b3b6c8d94e905cd9317f52bc017f65c95e0d390ba41425f15b18dda,2026-09-26T06:26:12+00:00,532be0dddef2185109e2002064c2f0ccef6769dfe274b6d4d0fbc19c9c59d9b5,197540,105 daily files 20180810..20181228
locationid=10485/year=2022.zip,https://openaq-data-archive.s3.amazonaws.com/records/csv.gz/locationid=10485/year=2022/,members-sha256:95a528d6066ef5bb4b48bb80c31068df9f16e5eb53373d9d4deebdc58b95bac5,2026-09-26T06:26:14+00:00,3a8b3bedb28c33a62a49b6cc96b0defadb98da5213ae77445d92ecf2874ac5dd,111384,102 daily files 20220101..20221031
locationid=10485/year=2026.zip,https://openaq-data-archive.s3.amazonaws.com/records/csv.gz/locationid=10485/year=2026/,members-sha256:64540287b0f48f73af4e8c50e3d6329731ea8ed7cbbc579836d027464c134289,2026-09-26T06:26:16+00:00,19e41e47d56477c389598b51f50331bc12943faca181850b02c0326bc3399b20,418379,80 daily files 20260101..20260331
locationid=10484/year=2021.zip,https://openaq-data-archive.s3.amazonaws.com/records/csv.gz/locationid=10484/year=2021/,members-sha256:f03f62d22453706365fb5a5941e2afb2b0d324676f7b79d4a976c214fcc5f243,2026-09-26T06:26:18+00:00,23245030406f089e0ccb966cc018485c146a12affdca2cfccd908f276d5eaefd,199177,155 daily files 20210101..20211231
locationid=8917/year=2021.zip,https://openaq-data-archive.s3.amazonaws.com/records/csv.gz/locationid=8917/year=2021/,members-sha256:da77b17cda62c90f3bf9dd51383255a4c4a866576ca4e648f2164f645c893749,2026-09-26T06:26:20+00:00,db5afc51e9ca21938008146dfadd4398b0da234a63810cf2fa2193c30a7e2c24,248451,221 daily files 20210104..20211231
locationid=10484/year=2019.zip,https://openaq-data-archive.s3.amazonaws.com/records/csv.gz/locationid=10484/year=2019/,members-sha256:446dbdf8a3f9bfbab956a47300a9fcc7edd7c11bb1a30efd1e9cf19aef6e18a5,2026-09-26T06:26:21+00:00,4d8725ff0970af09a0e7eb4aff88af5b80b895ee40b1c4b8732461d68dd0cdbd,439246,171 daily files 20190103..20191231
locationid=8915/year=2020.zip,https://openaq-data-archive.s3.amazonaws.com/records/csv.gz/locationid=8915/year=2020/,members-sha256:2c0a60d750c8c8284f824ed72cf4ab9f73c9ffa3c1b9ad780d5f6d194420ee54,2026-09-26T06:26:26+00:00,4e74bd319e0c85fdd9919b4ab91afe686c31a87ec423fa95f4453b39c8d8bc60,444292,297 daily files 20200101..20201210
locationid=8916/year=2021.zip,https://openaq-data-archive.s3.amazonaws.com/records/csv.gz/locationid=8916/year=2021/,members-sha256:901bd22a51b9b1d3e7e2080ead0b901a8f8a2c851eac84e5db2a96ae13d2b1fe,2026-09-26T06:26:27+00:00,061e9bb362930333dd261cd0e574b005efa77439e94b6f0b1f178b739ac11e25,280514,254 daily files 20210101..20211231
locationid=10488/year=2018.zip,https://openaq-data-archive.s3.amazonaws.com/records/csv.gz/locationid=10488/year=2018/,members-sha256:fa00e240fc46325ea1192646f4569aa0365b8a0867d48ed9c02e3775e9304755,2026-09-26T06:26:28+00:00,6d4a82667f94b9d8a9396079df7151e1e3d577fea51bce228dffe9e7278b7573,23212,10 daily files 20181214..20181228
locationid=8916/year=2020.zip,https://openaq-data-archive.s3.amazonaws.com/records/csv.gz/locationid=8916/year=2020/,members-sha256:e8d0a35881ebebc9d2da9b4e452e1117a4ea8768e428fcdbc5454fe03deeffab,2026-09-26T06:26:35+00:00,fcb976fed02e229dcae6a93f1aedae86f516d25c183160f28d3d91e6b46449cb,423455,289 daily files 20200205..20201231
locationid=10485/year=2019.zip,https://openaq-data-archive.s3.amazonaws.com/records/csv.gz/locationid=10485/year=2019/,members-sha256:02fd6cc0e246fa24c20ad572767d5c903880a819cfddfad0447019b69fd39f3f,2026-09-26T06:26:36+00:00,d69e056533449ac8d5e87afb32cdee0b2d9f74120f46f70e980701e41ebb4cc5,432684,170 daily files 20190103..20191231
locationid=8915/year=2025.zip,https://openaq-data-archive.s3.amazonaws.com/records/csv.gz/locationid=8915/year=2025/,members-sha256:30f7b0e7da5513cd16bd16a3860ac7ec823a364a5a99601bfc3dd5cef10e9584,2026-09-26T06:26:36+00:00,fc073fc0a8f141089d7b33dbee0e9948a3b16cabf90e35964e35d94e6f715777,1458645,315 daily files 20250219..20251231
locationid=10486/year=2026.zip,https://openaq-data-archive.s3.amazonaws.com/records/csv.gz/locationid=10486/year=2026/,members-sha256:19534ec40f1b2425c8a0e83176d7ae654df1b643ecfa41cd463d8622356e86b3,2026-09-26T06:26:37+00:00,d7deb6d1a2341f611dce2eebe74e40358a8d13c1da90b9b2284908e8df382280,417999,81 daily files 20260101..20260331
locationid=10486/year=2022.zip,https://openaq-data-archive.s3.amazonaws.com/records/csv.gz/locationid=10486/year=2022/,members-sha256:46b487993fd9a919367b00485b34db246f34301ef9be8451dedd53dc15f30159,2026-09-26T06:26:41+00:00,ad2064f1fa0dc48fc70a3521e09e60fa95d20d59377c8332f0bcba147ae001b7,112134,112 daily files 20220101..20221031
locationid=10485/year=2021.zip,https://openaq-data-archive.s3.amazonaws.com/records/csv.gz/locationid=10485/year=2021/,members-sha256:c1885aaebe2f168000ad58e057fbec32378a12d78c12a7bad9ddbe69738149d2,2026-09-26T06:26:45+00:00,df8064fa860579d9a42d30076a50213e46663c9f2f89d598ebbe2d45cf9c64a6,215353,190 daily files 20210104..20211231
locationid=10487/year=2018.zip,https://openaq-data-archive.s3.amazonaws.com/records/csv.gz/locationid=10487/year=2018/,members-sha256:3a0d6ef89febf7b3c015c5cb2ef2b8a04b143378f3416b1fe686cb7344bbcbea,2026-09-26T06:26:49+00:00,4d561f7a0fa54b321bb5f97e7503903be169c29f63b48d739b701116f100e50f,176256,99 daily files 20180813..20181228
locationid=8917/year=2020.zip,https://openaq-data-archive.s3.amazonaws.com/records/csv.gz/locationid=8917/year=2020/,members-sha256:178198e3bc867294264c7f4f80f7eff458f61b22acc968cc9a32162f73eeb81a,2026-09-26T06:26:51+00:00,5e563ae71f992c599720c18360aba20b841e9ef624a5c574d9dd0173b5178876,504352,313 daily files 20200101..20201214
locationid=8917/year=2025.zip,https://openaq-data-archive.s3.amazonaws.com/records/csv.gz/locationid=8917/year=2025/,members-sha256:272b79c1466fdd24e187bcebf20991d16e5eb650a82b371652496103bfded383,2026-09-26T06:26:57+00:00,0b016878e721e9419fc06543c7e2b4f982072d38b6c9786084fbdffa332a7f7e,1462944,314 daily files 20250219..20251231
locationid=10486/year=2019.zip,https://openaq-data-archive.s3.amazonaws.com/records/csv.gz/locationid=10486/year=2019/,members-sha256:f35e7ba1311e599b4502a0608108e100ceb72897ebdeb1b035201c326f5cf42e,2026-09-26T06:26:57+00:00,4184e36523b619b3895202aa113618acecd67a9a865939d661a92ffd4f2cf045,426823,172 daily files 20190103..20191231
locationid=10487/year=2021.zip,https://openaq-data-archive.s3.amazonaws.com/records/csv.gz/locationid=10487/year=2021/,members-sha256:9de66d5e4389388f1928ec0b2eb9ae70357f5a9c69640064850f6a28c1d367ea,2026-09-26T06:27:02+00:00,3a54f6e3da09c1cb08a99619e479ac5688b96f4cbe20404ae01f7f7147073767,98889,126 daily files 20210101..20210920
locationid=10488/year=2022.zip,https://openaq-data-archive.s3.amazonaws.com/records/csv.gz/locationid=10488/year=2022/,members-sha256:3180fa034236c71b2ef8d83fcb19f2a091cfca83d21092cf2e52a7bb2585c548,2026-09-26T06:27:04+00:00,faa46cadefd9a55ccc8b47808d31e471275cb8747961241fe3a6c33bc46a4f38,103407,101 daily files 20220101..20221031
locationid=10488/year=2026.zip,https://openaq-data-archive.s3.amazonaws.com/records/csv.gz/locationid=10488/year=2026/,members-sha256:337f069149019b6364214a4de0b1e97cdce2d78969ff525c605680bd04bfe031,2026-09-26T06:27:06+00:00,cc2733ff701641603fb88b8fd197e2e3d4e5609f9bf2c4438554e5aa8c37bd87,415607,81 daily files 20260101..20260331
locationid=10484/year=2020.zip,https://openaq-data-archive.s3.amazonaws.com/records/csv.gz/locationid=10484/year=2020/,members-sha256:e2547696fc05dbdbbf7942f6efbfbdb5e9dc39c57530c4835fe43ae672bdcfc2,2026-09-26T06:27:13+00:00,05c45be8dda800019ba38a66cb8fcfb9a0354f2a72ad771afa72deae6b39202d,483926,314 daily files 20200101..20201231
locationid=10487/year=2019.zip,https://openaq-data-archive.s3.amazonaws.com/records/csv.gz/locationid=10487/year=2019/,members-sha256:c541712896a300ff994f4338a955088f15d7940fa88c6a21ad2e637bb6870a06,2026-09-26T06:27:15+00:00,35f16dd7e746ab463eb3380a63a386017c9131c91aadc4898ad91ae8eda89aae,436192,169 daily files 20190103..20191231
locationid=10485/year=2020.zip,https://openaq-data-archive.s3.amazonaws.com/records/csv.gz/locationid=10485/year=2020/,members-sha256:1996435ddee58e29667ad23e27370274646929c816d26880c19195038ea1eb20,2026-09-26T06:27:16+00:00,64babc378f3717ab5be4a96898fcaf2cab8b9c8db36f13b6f67cb53cc4abc047,440224,290 daily files 20200101..20201210
locationid=10489/year=2022.zip,https://openaq-data-archive.s3.amazonaws.com/records/csv.gz/locationid=10489/year=2022/,members-sha256:51ce186b37c37a7e262aa7f2de6909bd2a2ca4a94b46844a3b51b12aca745aac,2026-09-26T06:27:18+00:00,6c2c93e4146d3db72c9aa86adbfa4c49598573012b025ac80961030a0473d63b,121181,106 daily files 20220101..20221031
locationid=10488/year=2021.zip,https://openaq-data-archive.s3.amazonaws.com/records/csv.gz/locationid=10488/year=2021/,members-sha256:2a275802b1bd67aca81c249db654cb6fdb75dfd3c090048a7806912db3344cae,2026-09-26T06:27:18+00:00,53d26501d23bcbdd133f7e97de17948f90be7dc72ccf4732bf0286aa23abe12e,171102,145 daily files 20210104..20211231
locationid=10484/year=2025.zip,https://openaq-data-archive.s3.amazonaws.com/records/csv.gz/locationid=10484/year=2025/,members-sha256:f6a29803a47872e35e003b3dcc8754339add2e1c8575a2d2989664791cf8fe31,2026-09-26T06:27:20+00:00,b4b7eb0580b7cb65c8f0967c01c13597e5c5c27ae7f6f45aae113b2395929ad0,1427005,312 daily files 20250219..20251231
locationid=10486/year=2021.zip,https://openaq-data-archive.s3.amazonaws.com/records/csv.gz/locationid=10486/year=2021/,members-sha256:a5087f4539ba08b8932ac7cea579901b2a91a88134fc1a37df6bcd9438119a68,2026-09-26T06:27:22+00:00,1dfa8df29337a50bc3f21cc09bdfb2b384cc2d82ed3dd9aa88871cbfeca2849e,249191,225 daily files 20210101..20211231
locationid=10488/year=2019.zip,https://openaq-data-archive.s3.amazonaws.com/records/csv.gz/locationid=10488/year=2019/,members-sha256:1b0c4ae7d71748b4994bd9399add7d08c83b6e5cd8a581de00a12fa8f1aef4a2,2026-09-26T06:27:23+00:00,8815ee3cc6952c641b32f3424e841ef199f4931f10ab4b636bfac3dbc45539d0,416556,169 daily files 20190103..20191231
locationid=10599/year=2019.zip,https://openaq-data-archive.s3.amazonaws.com/records/csv.gz/locationid=10599/year=2019/,members-sha256:1dddc7bb3f042b08ecd9344359a8b9e8c6d0092dfcf6745da4835c4a700c8f25,2026-09-26T06:27:24+00:00,51e643dd7f65d4583e0eca2dc82d8e8801d25195e96bb83ecafce5fcc81200ad,12083,6 daily files 20191226..20191231
locationid=10537/year=2026.zip,https://openaq-data-archive.s3.amazonaws.com/records/csv.gz/locationid=10537/year=2026/,members-sha256:0e6c6e573aab38deb9f1b0b682fdd375c26aafa4cb345f4ad986d7c32e05a5d1,2026-09-26T06:27:24+00:00,5fc0b0e3011438f5ff032fd539174ff13cb19e4f07bca7c7b6ba791faa3ccb23,390521,70 daily files 20260101..20260331
locationid=10537/year=2022.zip,https://openaq-data-archive.s3.amazonaws.com/records/csv.gz/locationid=10537/year=2022/,members-sha256:5f1a543fe5f81cf415ac163685920f849f06179b318bf601bf2ce3cb12c1edd6,2026-09-26T06:27:25+00:00,0c1bb12a3f58bea0bc291ae17841cfcc1fc36226a634f50ed4f2ecb6ff7201f8,97403,90 daily files 20220101..20221016
locationid=10485/year=2025.zip,https://openaq-data-archive.s3.amazonaws.com/records/csv.gz/locationid=10485/year=2025/,members-sha256:d0f71765e0bffebfd6855297530f1fb2e644afe5a367631c2888c1eeb3bdb0f3,2026-09-26T06:27:34+00:00,f9621474c161f9a9c0f30ef2a2da151785b21ed02b71888dfa692cdf875be1f9,1428894,315 daily files 20250219..20251231
locationid=10489/year=2021.zip,https://openaq-data-archive.s3.amazonaws.com/records/csv.gz/locationid=10489/year=2021/,members-sha256:14d8b2da2c957133b6b62e7ebf8ad8231a6c82ce64a2315bdebcb610ae68978a,2026-09-26T06:27:41+00:00,773f1e5361c139aca1e9c98291f66f57be97b446d49c2b53c910afcd7eb5f3cd,229857,177 daily files 20210101..20211231
locationid=10486/year=2020.zip,https://openaq-data-archive.s3.amazonaws.com/records/csv.gz/locationid=10486/year=2020/,members-sha256:b8c3988f25431c2ef1ca52e839bce44f17493808fcb9a6fa8705292e1bb2da29,2026-09-26T06:27:45+00:00,5cdfa5b5962ddce303d56004e0786fdcdedcfa6fbd7851b7d5b2306d9a53b406,460442,318 daily files 20200101..20201231
locationid=10545/year=2018.zip,https://openaq-data-archive.s3.amazonaws.com/records/csv.gz/locationid=10545/year=2018/,members-sha256:0e811f6c09271761c1c65cedd2f7886815adf04d5eb054ae9e91a9c546f4479c,2026-09-26T06:27:46+00:00,296bc7b5014c5091d09900e82f40e86e93c34a5e23546ed0a55e09e42528163d,221315,125 daily files 20180416..20181119
locationid=10545/year=2026.zip,https://openaq-data-archive.s3.amazonaws.com/records/csv.gz/locationid=10545/year=2026/,members-sha256:c81d4340566066a9a24cab68588620978c8e0a106ed9d7d848ef5bc17320336f,2026-09-26T06:27:46+00:00,5a9951a92648919aa9cb6a3b97cd121f9069b4bf930116e2ca21f615a84d39ae,481916,80 daily files 20260101..20260331
locationid=10545/year=2022.zip,https://openaq-data-archive.s3.amazonaws.com/records/csv.gz/locationid=10545/year=2022/,members-sha256:a8a23f9af814e21a8625b480e63a09254f1fee0649b36690de37ad4f624e2fc1,2026-09-26T06:27:52+00:00,94016a75fc4ceed09867dfab339196fb4429cd6579f00be7849173dd486a1654,132077,105 daily files 20220101..20221031
locationid=10599/year=2022.zip,https://openaq-data-archive.s3.amazonaws.com/records/csv.gz/locationid=10599/year=2022/,members-sha256:f55409cdd364d9c318407c29bd8c7e7ae7be8381de4fb74d7bb8651c672ebecf,2026-09-26T06:27:53+00:00,193753d35c2611d3126a10953f7d40cc59984056a9c2da868639acd770777cc1,113049,90 daily files 20220101..20221016
locationid=10486/year=2025.zip,https://openaq-data-archive.s3.amazonaws.com/records/csv.gz/locationid=10486/year=2025/,members-sha256:545202adb11b39cfdaa3fa3c07114819e86e820072291a1bc64b1ddf6c56978c,2026-09-26T06:27:54+00:00,0e135775af30d36f4f8d0fbafb853848f7be3a648dca36cf47e7eb1e69c46c57,1413234,315 daily files 20250219..20251231
locationid=10599/year=2026.zip,https://openaq-data-archive.s3.amazonaws.com/records/csv.gz/locationid=10599/year=2026/,members-sha256:b86063452791114ab1d61b6c91e776319e3652a7e9ede11b96de55445b8b2480,2026-09-26T06:27:55+00:00,9729cd6c26bcc8c311c1c0bed070bd326c3c46d8088e7441daf7d2e0dea89bbc,514064,81 daily files 20260101..20260331
locationid=10545/year=2019.zip,https://openaq-data-archive.s3.amazonaws.com/records/csv.gz/locationid=10545/year=2019/,members-sha256:2b55b6e72c94b221d1e11654785b4337bb9e865b99bb17830191d930865be9d3,2026-09-26T06:28:06+00:00,6b9c80650a7a84543eb4c8dd2b841a5166693073a750bd01f52daeb3e8c4d321,589033,171 daily files 20190103..20191231
locationid=10537/year=2021.zip,https://openaq-data-archive.s3.amazonaws.com/records/csv.gz/locationid=10537/year=2021/,members-sha256:3594b9ac427c631761a3123fc7cbb4fc4776d1d12a64cd6ad0c263c4e725b303,2026-09-26T06:28:08+00:00,a53d34fbe573fa3d9009dde73d883182fa8a84fc4d719ff96088f4ecf5d1c636,257991,212 daily files 20210101..20211231
locationid=10488/year=2020.zip,https://openaq-data-archive.s3.amazonaws.com/records/csv.gz/locationid=10488/year=2020/,members-sha256:d60a61f17100a93ebc5adca59291465fedccfe30b489c255a958a85dddc9d86d,2026-09-26T06:28:09+00:00,823916b69ff2096fcbffaa36b96a529f658ac223cd0044bfd60fe6924d2a22cf,411988,289 daily files 20200101..20201214
locationid=10545/year=2021.zip,https://openaq-data-archive.s3.amazonaws.com/records/csv.gz/locationid=10545/year=2021/,members-sha256:4fd75decedf5b2c840783ddfc83211f95cf2c5e9589542f8bca4ea75c6670705,2026-09-26T06:28:09+00:00,d5ee4c073890a13d2e5991bf09b0a46d363b443b3dd29ce6bd3e7d0afe344ef0,219700,160 daily files 20210101..20211231
locationid=10487/year=2020.zip,https://openaq-data-archive.s3.amazonaws.com/records/csv.gz/locationid=10487/year=2020/,members-sha256:327963b24573d9320188dd7107b6fa3c2ca0ec3d538100d418925d373d2e7314,2026-09-26T06:28:10+00:00,331daaa5a221fd399a09af3ddc8af1ab2bc6fea22759f17422eea98f2863ad78,494690,320 daily files 20200101..20201231
locationid=10599/year=2021.zip,https://openaq-data-archive.s3.amazonaws.com/records/csv.gz/locationid=10599/year=2021/,members-sha256:4cffaa694d96d5668fa76ed449d4b623af7915e6383d229251966c59ef03288f,2026-09-26T06:28:19+00:00,339c6da5883111532cc844e85bb1e42edd264175885350932672197423fd7a6a,241198,163 daily files 20210101..20211231
locationid=10609/year=2022.zip,https://openaq-data-archive.s3.amazonaws.com/records/csv.gz/locationid=10609/year=2022/,members-sha256:a6aea259425a21c27a7510a0dd88845d0f93320302c7a508770833c024d499ab,2026-09-26T06:28:20+00:00,c336ea3354eb059c386a33aac27acfb5d60bd5afcd446c3c9febac2217a214ca,137754,114 daily files 20220101..20221031
locationid=10537/year=2025.zip,https://openaq-data-archive.s3.amazonaws.com/records/csv.gz/locationid=10537/year=2025/,members-sha256:d3d76fcfad7d7f5941512a34c6ea92feb5a6f4fb178d535672df85f4681c31ed,2026-09-26T06:28:21+00:00,21ac75884386716934072feabeae2f49a4626e930d9917b11c82f0b4d813d72b,1097820,235 daily files 20250326..20251231
locationid=10630/year=2022.zip,https://openaq-data-archive.s3.amazonaws.com/records/csv.gz/locationid=10630/year=2022/,members-sha256:9718096cf9bbfdc920aeb8ec867eb83c7519dd691f243f689be378aa1e552ac3,2026-09-26T06:28:21+00:00,e899045ada76ba79f3a9e31e1d278056a108056f8e2850a81c22ce25d8afb91d,112155,91 daily files 20220101..20221016
locationid=10630/year=2026.zip,https://openaq-data-archive.s3.amazonaws.com/records/csv.gz/locationid=10630/year=2026/,members-sha256:0b2734118a75ad170e19451787c98a76014633a0eb50698c7c51fff535540bd1,2026-09-26T06:28:23+00:00,6190de4304f0d476b4851137408bd2a09d35de83ee7e0564443a5a02f7cb3d31,521631,81 daily files 20260101..20260331
locationid=10537/year=2020.zip,https://openaq-data-archive.s3.amazonaws.com/records/csv.gz/locationid=10537/year=2020/,members-sha256:36eeef2901acf2ea872e083d01dc6eceb70b058e1f21e5f38f86146a8214dd7a,2026-09-26T06:28:24+00:00,e1725b21df8e2897581b9fea722a28c1caaa3ac7b09c79cc1f545aaa45e6f7b4,357887,254 daily files 20200211..20201231
locationid=10488/year=2025.zip,https://openaq-data-archive.s3.amazonaws.com/records/csv.gz/locationid=10488/year=2025/,members-sha256:0307390047ee6476b07acffa5113fbd01e02ba1e8b78c8820c8c903a725a8281,2026-09-26T06:28:30+00:00,7c1c9ebfbb3ea5fceeaef42c425182161dcafc662e91b8d39dd9642b775a0d66,1422927,315 daily files 20250219..20251231
locationid=10670/year=2019.zip,https://openaq-data-archive.s3.amazonaws.com/records/csv.gz/locationid=10670/year=2019/,members-sha256:84bc6366ed27dd4d3d49c3870c57d51b010d88455a217fe7ca01ca657b172df6,2026-09-26T06:28:32+00:00,ab495c4bb4ac762a35646ab7d593b3055cd26f7bdd4238c965438bf479b3847c,11856,6 daily files 20191226..20191231
locationid=10489/year=2020.zip,https://openaq-data-archive.s3.amazonaws.com/records/csv.gz/locationid=10489/year=2020/,members-sha256:5fff58967e2ab92a191c053a5b0a85d6d23a4ca8a4a43f0b6abb44f018c9de71,2026-09-26T06:28:36+00:00,53a002500b2311dea9dc3a86fec33f953efc79fb938581f7b91307356b3b19f3,651018,332 daily files 20200120..20201231
locationid=10633/year=2026.zip,https://openaq-data-archive.s3.amazonaws.com/records/csv.gz/locationid=10633/year=2026/,members-sha256:18921e9db5f05a1b3e50e83949165777138e8547e01608d55011388df5ec77cd,2026-09-26T06:28:39+00:00,a5391898bca79db3d8b9dad17ffac2a4e14a3acc56ccc6b330d82a16e35c397d,516082,81 daily files 20260101..20260331
locationid=10633/year=2018.zip,https://openaq-data-archive.s3.amazonaws.com/records/csv.gz/locationid=10633/year=2018/,members-sha256:37c25877c1f50c79fb523478bde24ea09cee8d9361cdefa21ec85259b6202453,2026-09-26T06:28:40+00:00,0d7cf013a4f106f7dca617008750692e6cfb243d3f954b0b4aeb01d45b2972f9,250128,119 daily files 20180416..20181119
locationid=10630/year=2021.zip,https://openaq-data-archive.s3.amazonaws.com/records/csv.gz/locationid=10630/year=2021/,members-sha256:b0503926b8c623a7c9e742be6e213e5dc0063b2e31f1dced713af927e1681dad,2026-09-26T06:28:46+00:00,12f6f7a2f70ab2957e1862e0b4238a7eaf325f5d45446178b52f1ea2779c195b,230655,160 daily files 20210101..20211231
locationid=10633/year=2022.zip,https://openaq-data-archive.s3.amazonaws.com/records/csv.gz/locationid=10633/year=2022/,members-sha256:2ed0d49f63fd3000cece5bc79581b22e499e19de05b77d627b0235f3d1c8c189,2026-09-26T06:28:47+00:00,ef1e6b3b7c598d2e42a9569a0459216b5cfd0fba12744f48e8aa73a8d54c54d4,128867,104 daily files 20220101..20221031
locationid=10633/year=2021.zip,https://openaq-data-archive.s3.amazonaws.com/records/csv.gz/locationid=10633/year=2021/,members-sha256:17633be92da2c8c9cabb80efbf61b7e78484fa9f7c7a840f12fbb4b6203b0280,2026-09-26T06:28:53+00:00,5fa5079441df718df8cb731bbd7a76da18b3f8314d4c9eb7332147bcf74a999b,184988,124 daily files 20210101..20211231
locationid=10645/year=2026.zip,https://openaq-data-archive.s3.amazonaws.com/records/csv.gz/locationid=10645/year=2026/,members-sha256:719be96d95a61d9dd5876fc4e89d0de9a3f13f8e3093a971827c5b1d3ba73402,2026-09-26T06:28:54+00:00,88ee5a4c3a066f9bdaf64f17cd96e181bbcabdc43fddcd3c1691a2ce2f29f385,451897,81 daily files 20260101..20260331
locationid=10633/year=2019.zip,https://openaq-data-archive.s3.amazonaws.com/records/csv.gz/locationid=10633/year=2019/,members-sha256:ce2fc2ec96082a15dbb8a0e67dc8d83261612a4571525c0237273368467db880,2026-09-26T06:28:56+00:00,27195bbd7f82fe67d6f3dc5ed9e475fcc7d341ab7b4d5800129d407cf97b6739,465706,166 daily files 20190103..20191231
locationid=10609/year=2021.zip,https://openaq-data-archive.s3.amazonaws.com/records/csv.gz/locationid=10609/year=2021/,members-sha256:0b9da6641975adf94e01454fde96ac304edc98d5fbca428bdf1cb41777bba6b5,2026-09-26T06:28:58+00:00,2da9b21341eae2ab80d7a72b7589fd5afb793211ec5eab1f6347fd285d578639,291881,236 daily files 20210101..20211231
locationid=10645/year=2022.zip,https://openaq-data-archive.s3.amazonaws.com/records/csv.gz/locationid=10645/year=2022/,members-sha256:e962a529bab17e852e724dfb61a55ac7209293d728fde02263f185f62fba9c5b,2026-09-26T06:28:59+00:00,dcb7a61f7995344d91b42f41e7dd658436510cc5ce9fa2226ce72cb7e95c60fb,136631,109 daily files 20220101..20221016
locationid=10697/year=2019.zip,https://openaq-data-archive.s3.amazonaws.com/records/csv.gz/locationid=10697/year=2019/,members-sha256:f713ef3f78bc30aa1e9e66067fbf1522eb0730ed7e14e670789dd97f34782fbd,2026-09-26T06:28:59+00:00,1c203eecc8d6ee9063c5968b78b24c356b221e1f82925ae8a62bef1634ce17ef,10476,6 daily files 20191226..20191231
locationid=10545/year=2020.zip,https://openaq-data-archive.s3.amazonaws.com/records/csv.gz/locationid=10545/year=2020/,members-sha256:be7d4be2346dccb98085eef5d54dce9e628d16f3d75b1723a9ee337b7539906a,2026-09-26T06:29:07+00:00,8992fa8664ab3a2e55d2854f3c33126c41e94d12be3918f79f15797d7da61628,675217,347 daily files 20200101..20201231
locationid=10670/year=2026.zip,https://openaq-data-archive.s3.amazonaws.com/records/csv.gz/locationid=10670/year=2026/,members-sha256:21c254117e6bf02b5a7de6c883ca9d3c32b77785c31c937b3806d8dcef5e81dc,2026-09-26T06:29:11+00:00,a033309f5b1dd63fdce8f6851a5d43d60d5974366093a76b78b054f817cf8eb8,454269,81 daily files 20260101..20260331
locationid=10545/year=2025.zip,https://openaq-data-archive.s3.amazonaws.com/records/csv.gz/locationid=10545/year=2025/,members-sha256:bf1896fc7225aa591aa55eb7121d769dd442a29f9d5c3e8ac7d475bd0feee1e1,2026-09-26T06:29:11+00:00,28f475da2946f94837bfa3a570f3cb7247e65dc1a29e7c7dd3fe42f51c563dd1,1611310,313 daily files 20250219..20251231
locationid=10630/year=2020.zip,https://openaq-data-archive.s3.amazonaws.com/records/csv.gz/locationid=10630/year=2020/,members-sha256:d9dfc568381f4d5544b907b1a04aef9f1c6f11881aa4e5e29484c101f40ec798,2026-09-26T06:29:12+00:00,ddbdcad379f13333997525635b22c11192d6fda8cc71316b0fe4247869b63f8e,320528,244 daily files 20200331..20201231
locationid=10599/year=2025.zip,https://openaq-data-archive.s3.amazonaws.com/records/csv.gz/locationid=10599/year=2025/,members-sha256:7849c85c37fe7d0243d0c2b1259a630e071a294d8531d8dec9cb9ba324dd691a,2026-09-26T06:29:14+00:00,6861b780b68b9afa690628cfe18e7881f7568689e0bd5f14ef1d579767145957,1650090,313 daily files 20250219..20251231
locationid=10670/year=2022.zip,https://openaq-data-archive.s3.amazonaws.com/records/csv.gz/locationid=10670/year=2022/,members-sha256:42773bccc134bfb7aa3bad3892dc02728cbe92d9bf915fc7c571d92042a94420,2026-09-26T06:29:15+00:00,c5171cd76c675cf0563ba808dca5f3b663f47ca6e9e4d7c5e92080c001a227cf,129111,107 daily files 20220101..20221016
locationid=10609/year=2020.zip,https://openaq-data-archive.s3.amazonaws.com/records/csv.gz/locationid=10609/year=2020/,members-sha256:ec7b7553c9dce18b259d2888cb9efacbe65e09e1117fbf353f9374080326cdf5,2026-09-26T06:29:18+00:00,aa1ef591ec3e6925e78a49cd8023f5d6d1384a6290a80d3db961ab83069d149a,458331,310 daily files 20200103..20201231
locationid=10599/year=2020.zip,https://openaq-data-archive.s3.amazonaws.com/records/csv.gz/locationid=10599/year=2020/,members-sha256:f5ea77c3f28f49c95255739076a2c35cce9e32a563cc44854feda2dc1eefcb3d,2026-09-26T06:29:23+00:00,cab9efc4f5ea24fc1dc5f44f69b09978024fcec436b818b2e70c145a598fdda1,572818,346 daily files 20200102..20201231
locationid=10697/year=2026.zip,https://openaq-data-archive.s3.amazonaws.com/records/csv.gz/locationid=10697/year=2026/,members-sha256:6a8666b5339f37b601c8048d399e729da1e4eda4bc46a847e0d88cb38da72d2b,2026-09-26T06:29:28+00:00,d126e44d03ad8d50f823f6d361929501fbc60d1ccabc25b00b33a0f4649c0127,493131,81 daily files 20260101..20260331
locationid=10697/year=2022.zip,https://openaq-data-archive.s3.amazonaws.com/records/csv.gz/locationid=10697/year=2022/,members-sha256:d2d28d140510a37df1333e7fa7f966769eaf010a116af7c9669d48724536b867,2026-09-26T06:29:30+00:00,779f5d32edf949dc300c4e3b8272c44f498f28686adc4bd5eda5155e6c7c8ad5,105045,89 daily files 20220101..20221016
locationid=10725/year=2026.zip,https://openaq-data-archive.s3.amazonaws.com/records/csv.gz/locationid=10725/year=2026/,members-sha256:555ca78827288c4e681c2afc38139e1931e0880678b24d03bb80bd02de346152,2026-09-26T06:29:43+00:00,bbdbd9882ebcf7fe8c70123115ddf8684b1aeb5ea8f9c36ae597a71e43dee900,502383,79 daily files 20260103..20260331
locationid=10630/year=2025.zip,https://openaq-data-archive.s3.amazonaws.com/records/csv.gz/locationid=10630/year=2025/,members-sha256:ee0d1b2b577c1182f74e6cc069bee3b22642433a81327a31475d1a88ba7d7e91,2026-09-26T06:29:45+00:00,2f9cf18ae249469a49e7cc333271ecc99eac677a80151149555c0b32a3a549df,1564129,309 daily files 20250219..20251231
locationid=10695/year=2021.zip,https://openaq-data-archive.s3.amazonaws.com/records/csv.gz/locationid=10695/year=2021/,members-sha256:e99a553c3a8392dce231ed08675189bba6ba21b5597cd35114bffbfb1df2bb50,2026-09-26T06:29:51+00:00,91fa7d4f861f056be2ddf031000e7492be7dfba456e648cfd6dadc58c0721d70,182064,177 daily files 20210101..20211123
locationid=10645/year=2021.zip,https://openaq-data-archive.s3.amazonaws.com/records/csv.gz/locationid=10645/year=2021/,members-sha256:89ea1dbbef2c7d6de93a2f247c53f331c8b7a1f629c7f70db0e690cdf1464394,2026-09-26T06:29:51+00:00,d0a2d1eb92f6b7254753e68f4516c3b1761fe297396cd1457fc19524a337af24,311540,254 daily files 20210101..20211231
locationid=10725/year=2022.zip,https://openaq-data-archive.s3.amazonaws.com/records/csv.gz/locationid=10725/year=2022/,members-sha256:4624e2e03be8910d4fb84652c6b16d84f3bd97a6dd63ae14c9e1afbc9c04aa9e,2026-09-26T06:29:52+00:00,3bdd19b431e89d711702145980b9d35668a71c5d8ad677c746a7768837b2e853,129988,110 daily files 20220101..20221016
locationid=10697/year=2021.zip,https://openaq-data-archive.s3.amazonaws.com/records/csv.gz/locationid=10697/year=2021/,members-sha256:e4f4a850551a5a98c1117356aa17c93c495fe68452d7331ad09e2ee05e5a114c,2026-09-26T06:29:54+00:00,cdbda5fa61241438c207ffbf89ab272f7608e51da7ad7f6cf4f8140e82149da8,237035,161 daily files 20210101..20211231
locationid=10633/year=2020.zip,https://openaq-data-archive.s3.amazonaws.com/records/csv.gz/locationid=10633/year=2020/,members-sha256:284d3308f99bdd2ed1ddaf9897c57a41ed6803b5ec768c07661802702f820daf,2026-09-26T06:29:54+00:00,03ff82b366fb10ab8112e3e49f932866ba7fdeb946ce58bd7ef925c913c60b6c,578830,305 daily files 20200101..20201231
locationid=10747/year=2026.zip,https://openaq-data-archive.s3.amazonaws.com/records/csv.gz/locationid=10747/year=2026/,members-sha256:ed88bfef60f84bb3b5c7edbd0316c38c2c42c2663beafb69940db676a325cfe7,2026-09-26T06:29:59+00:00,8423613ce2dfac53e7e9b2ca780aec023a9e582b66e1ef5e13c3df3e3c79ada9,429736,78 daily files 20260101..20260331
locationid=10670/year=2021.zip,https://openaq-data-archive.s3.amazonaws.com/records/csv.gz/locationid=10670/year=2021/,members-sha256:82d02843a23d21e3c95cce52df58a32ff5921698a692598f5e86bc54f6531be5,2026-09-26T06:30:00+00:00,084355c98f30a03d8d11a57e53c255cc248ad04be807be99447072e17d426102,320293,253 daily files 20210101..20211231
locationid=10633/year=2025.zip,https://openaq-data-archive.s3.amazonaws.com/records/csv.gz/locationid=10633/year=2025/,members-sha256:96931b02a9b2f4d601cac87ac4200239ae24f0153c37196c091a9415dbc9fb83,2026-09-26T06:30:01+00:00,f9cb86d9b2608af9b9ef4bc810837514e20574f662b97ea57c169e2f60e92ad0,1653297,311 daily files 20250219..20251231
locationid=10747/year=2022.zip,https://openaq-data-archive.s3.amazonaws.com/records/csv.gz/locationid=10747/year=2022/,members-sha256:cae3305e2110b460693499c0dcf3e08ad27c2c48166ffc739bf7bc088bef483f,2026-09-26T06:30:01+00:00,06834a8ccfff2b3c6b5a0b28f3399a68af9237df34d971cccf1b96b5f8a64ce0,128285,106 daily files 20220101..20221016
locationid=10725/year=2025.zip,https://openaq-data-archive.s3.amazonaws.com/records/csv.gz/locationid=10725/year=2025/,members-sha256:3cf6f190b872dbe6a20e4a1041ddee9aa761bcff00240f5d6711ecea81e7e264,2026-09-26T06:30:02+00:00,b30ac0e482820ad785b03ac9b98a9c70308373fc5ca0fc045201f665bff68275,748435,132 daily files 20250219..20251231
locationid=10645/year=2020.zip,https://openaq-data-archive.s3.amazonaws.com/records/csv.gz/locationid=10645/year=2020/,members-sha256:094781dde5b8ff25375b88020e642dde323464c0d18326397c68ee7999565b8c,2026-09-26T06:30:03+00:00,a6f9e2f6f7c7844987eeb3ceb8e1344067c1c360131418113e1fc017c51945e6,424028,289 daily files 20200302..20201231
locationid=10645/year=2025.zip,https://openaq-data-archive.s3.amazonaws.com/records/csv.gz/locationid=10645/year=2025/,members-sha256:ed81204b3a6eaf5c8cdeb6bf7d27db8a49f7d67af38e3384dd4294a79f9844fc,2026-09-26T06:30:12+00:00,5691dd9e9487998d01dbf4eb2366ed09ff7fb96f4b7b67004235739835d71e9d,1454667,308 daily files 20250219..20251231
locationid=10695/year=2020.zip,https://openaq-data-archive.s3.amazonaws.com/records/csv.gz/locationid=10695/year=2020/,members-sha256:cf3e3635a97d4b941c3af5237685f5b831063037e2c3ee2bbe04aa27ced1f40f,2026-09-26T06:30:19+00:00,1b3431f9c34dc6ddc67e999577cfa253acb811872483f1b21343c71bdb311dd3,369488,258 daily files 20200130..20201215
locationid=10725/year=2020.zip,https://openaq-data-archive.s3.amazonaws.com/records/csv.gz/locationid=10725/year=2020/,members-sha256:403c53b2492bad0658c1ca629e1512a4a3061ce5425b12aea4b7002672101406,2026-09-26T06:30:26+00:00,7cf80fced1a410bc1190e60e4932b24bb30cda950fa76104468787ae0379ed18,248191,210 daily files 20200423..20201231
locationid=10780/year=2026.zip,https://openaq-data-archive.s3.amazonaws.com/records/csv.gz/locationid=10780/year=2026/,members-sha256:4de9a56e39b4c30d2a64efc60b24703475e1235750572beb9e76f91324c2f636,2026-09-26T06:30:27+00:00,e8e99d597ffb413d7ede53c8e297b4aa2e731ebbefcfc08fd17d92d0c62dff10,481566,80 daily files 20260101..20260331
locationid=10820/year=2022.zip,https://openaq-data-archive.s3.amazonaws.com/records/csv.gz/locationid=10820/year=2022/,members-sha256:9359d1673e6758a3b24b4155f6f2f904b868309d911b278578923bf5b1f7d652,2026-09-26T06:30:29+00:00,54c598239ce70f8461e7789827d41796e8a16c838efd93fceb719d9cf8609c7f,92762,81 daily files 20220101..20221016
locationid=10670/year=2025.zip,https://openaq-data-archive.s3.amazonaws.com/records/csv.gz/locationid=10670/year=2025/,members-sha256:a1b836fe6e43f8f0ec0b2114362b6afff864148ca74be524e404700c1c5b68c6,2026-09-26T06:30:32+00:00,0419a3dcd2c3cb9c4ca8e2c0dfcec0dd7321f770a6d1035a1a4c600d9809305d,1489221,312 daily files 20250219..20251231
locationid=10780/year=2022.zip,https://openaq-data-archive.s3.amazonaws.com/records/csv.gz/locationid=10780/year=2022/,members-sha256:320f74fe7dc63c09d8553a50127edb49215a43e2900f61b07c56c17fe9a71c78,2026-09-26T06:30:32+00:00,1ffa92fd8db57a3d1d0d18deb7be2735aa087989b8c36497ec81639bca3455b1,126686,112 daily files 20220101..20221031
locationid=10670/year=2020.zip,https://openaq-data-archive.s3.amazonaws.com/records/csv.gz/locationid=10670/year=2020/,members-sha256:f21fac0ad4803049a95c41d2c8020c11ee7f50fa88f2a877835b10fad0783d1d,2026-09-26T06:30:33+00:00,1b7f4681b224d900df08fb9e49b811b9a27771c50ee6cfad9501b8cf712e1867,551017,346 daily files 20200101..20201231
locationid=10820/year=2026.zip,https://openaq-data-archive.s3.amazonaws.com/records/csv.gz/locationid=10820/year=2026/,members-sha256:bda47e9d6fce81f427f1e90569994a9d544035cc20414f46cccf3582ba6cf7a9,2026-09-26T06:30:34+00:00,a88c45532f08d27418aa4b300b2788f181bc1147a957b349905557c4df099532,126423,81 daily files 20260101..20260331
locationid=10697/year=2025.zip,https://openaq-data-archive.s3.amazonaws.com/records/csv.gz/locationid=10697/year=2025/,members-sha256:3157ae4219c1967df5081f787b55d25c4dfa02075db2abd156a4db7a03e3d3a1,2026-09-26T06:30:39+00:00,48e222b31c238036aedcfe19ee4d1c5ff2671e396c69ec121185b8323fda9380,1388881,279 daily files 20250219..20251231
locationid=10780/year=2019.zip,https://openaq-data-archive.s3.amazonaws.com/records/csv.gz/locationid=10780/year=2019/,members-sha256:a17d509ad266496b1aed88014b363e426b49a7a5a9583ce5fe632d2a32eebcf5,2026-09-26T06:30:41+00:00,91667137fe787183cec13c74defd0f7d7e9773beb6a4001744a920d5e41a6d3e,379500,150 daily files 20190719..20191231
locationid=10725/year=2021.zip,https://openaq-data-archive.s3.amazonaws.com/records/csv.gz/locationid=10725/year=2021/,members-sha256:d45926355909ec0da59f68d028660fb85236e8253ae4ab6e29a70b2e1f2dd465,2026-09-26T06:30:45+00:00,4737a3aa9062bbdd68da60037c6ad751ed7fad28a5551d0cde0c8afbe4b7ce07,313669,251 daily files 20210101..20211231
locationid=10823/year=2020.zip,https://openaq-data-archive.s3.amazonaws.com/records/csv.gz/locationid=10823/year=2020/,members-sha256:fb10f38dfc9dbddb969a6dcde433cd315e21bb8b085c933359ba6aee2e867d49,2026-09-26T06:30:48+00:00,61f3fa18e8da6be7d4e12552027180b67cd310f3e3925ad3be62e20735edd0a0,148661,120 daily files 20200824..20201231
locationid=10747/year=2021.zip,https://openaq-data-archive.s3.amazonaws.com/records/csv.gz/locationid=10747/year=2021/,members-sha256:692d7e5edfd146ba248e91ad53bb10f16581f5fa90bf7c60ca3f855fe0a39dbc,2026-09-26T06:30:50+00:00,44b1721be9b6d0353dcb92aaae907ad15147f86bd63c65f6ef86fdea237131ec,288281,250 daily files 20210101..20211231
locationid=10820/year=2025.zip,https://openaq-data-archive.s3.amazonaws.com/records/csv.gz/locationid=10820/year=2025/,members-sha256:94c18bd7d25dce6c0f2f96d4ad8e0b2ef69f5a0196a47c626db1164ecb411a22,2026-09-26T06:30:52+00:00,3a94f848d9d76ffcd7147cce036bfde19f6466f11ac533be40ed3c7a3edf14be,287842,133 daily files 20250219..20251231
locationid=10823/year=2022.zip,https://openaq-data-archive.s3.amazonaws.com/records/csv.gz/locationid=10823/year=2022/,members-sha256:d8bcce5a5416c9a763b8268cd6e37abe596275c3bd773d8e603758c4b593fbbe,2026-09-26T06:30:53+00:00,8fc4b0d2dbb1318a2eb8bf885ee6b2f0fa84556cc1cefaf46ffe0be1e36ce649,128110,105 daily files 20220101..20221016
locationid=10820/year=2021.zip,https://openaq-data-archive.s3.amazonaws.com/records/csv.gz/locationid=10820/year=2021/,members-sha256:722d06131e5d0dbed775a30bfe4315f7215f7162bcfc9feb9fcd1c5f3d37eeca,2026-09-26T06:30:55+00:00,da1df6d61f053844148e9d3f8686a4a8e095e47ffb488c8cd9d93bd059bb256f,206116,148 daily files 20210101..20211231
locationid=10823/year=2026.zip,https://openaq-data-archive.s3.amazonaws.com/records/csv.gz/locationid=10823/year=2026/,members-sha256:b16368080cf330e78dd57068fe710ae7f1bf61ac90e6ad79fa21ff48f9c2f65f,2026-09-26T06:30:56+00:00,018f79778ddf2c9fdf890f09bfa494e9096ef555f34cd0ab30ed09216c3201d2,527584,81 daily files 20260101..20260331
locationid=10697/year=2020.zip,https://openaq-data-archive.s3.amazonaws.com/records/csv.gz/locationid=10697/year=2020/,members-sha256:0406bd2ca9956b5e724e7d9eec9fcb1649d6f6c69332815d66c4a9d4374782c0,2026-09-26T06:30:59+00:00,a8940643e8930bd12b3ef67ea2cbed10f41b513c0cc19dbb979bf399c972913f,521835,349 daily files 20200101..20201231
locationid=10747/year=2020.zip,https://openaq-data-archive.s3.amazonaws.com/records/csv.gz/locationid=10747/year=2020/,members-sha256:3058b9f489a9206357ad3217b5f1e40c2251db09c65d2bece206a1078089b7db,2026-09-26T06:31:00+00:00,cdb574fe46cc7230d569c21208d83402a78c0b92f7ece4746240010acdd79b0e,411348,290 daily files 20200211..20201231
locationid=10780/year=2021.zip,https://openaq-data-archive.s3.amazonaws.com/records/csv.gz/locationid=10780/year=2021/,members-sha256:b088e186221d1e83e75b7cfd16ba2aa9182e50a2b7defa1602c270e987b60c20,2026-09-26T06:31:03+00:00,2a570fc0738c4efab6253e719532383db6b30f7997820f64d7fa612760e3ab34,215651,189 daily files 20210101..20211231
locationid=10825/year=2022.zip,https://openaq-data-archive.s3.amazonaws.com/records/csv.gz/locationid=10825/year=2022/,members-sha256:cbfb21e6158b19a70c5d5a335b448d2102db258fab463e037c0b951c6c7e160f,2026-09-26T06:31:06+00:00,56ae7c4a3f5eac342b5462d54f05cc96eb5d8f51074400ea94e3a2e5223be01a,114746,92 daily files 20220101..20221016
locationid=10825/year=2026.zip,https://openaq-data-archive.s3.amazonaws.com/records/csv.gz/locationid=10825/year=2026/,members-sha256:1944f15a494a6bc7bc32c37655fe1ccc526e598582bb797ac1a304352cf6bcac,2026-09-26T06:31:06+00:00,77965e7527101b30c8aa2cccd8fbe8c4a2da227cc36e0c6bbcdc00dd62200d28,484149,81 daily files 20260101..20260331
locationid=10747/year=2025.zip,https://openaq-data-archive.s3.amazonaws.com/records/csv.gz/locationid=10747/year=2025/,members-sha256:758f0f6df5d80346ef6b46001bcda649c7d6cf098c626ddab5f8134c33e7c784,2026-09-26T06:31:15+00:00,aef49570a0295c8e7536cf22fef4518235820f6c99458f43e87b4a4529da7902,1327935,283 daily files 20250219..20251231
locationid=10831/year=2018.zip,https://openaq-data-archive.s3.amazonaws.com/records/csv.gz/locationid=10831/year=2018/,members-sha256:71d518e411df5d7ba93d4989bf9d14e0b9b0f54b8dd2610bdccedc4489ba1c98,2026-09-26T06:31:16+00:00,5bf1d93e88f7d7eec9e138f8b1db0e92f92d6d264deaa171f7173f9789fd18c3,140460,106 daily files 20180811..20181228
locationid=10825/year=2025.zip,https://openaq-data-archive.s3.amazonaws.com/records/csv.gz/locationid=10825/year=2025/,members-sha256:2d07f04fd2778a43229abc9cc62b4c03228da0d659712aa6954a134a98677775,2026-09-26T06:31:22+00:00,0a5e9bd966e0a7a6ff135afe0de7617d43f0117304e69502d72eaec418d52fe8,728705,137 daily files 20250219..20251231
locationid=10831/year=2026.zip,https://openaq-data-archive.s3.amazonaws.com/records/csv.gz/locationid=10831/year=2026/,members-sha256:96b85b83247b54ce5d45b59f27ebaf6a7f09f3cfda4d89373eaec8994db2134f,2026-09-26T06:31:23+00:00,84c50bf24efe124d973a766518ce16f7f25263e116bce5a1fc6746e6e65f015d,420334,81 daily files 20260101..20260331
locationid=10831/year=2022.zip,https://openaq-data-archive.s3.amazonaws.com/records/csv.gz/locationid=10831/year=2022/,members-sha256:21e9e450cd64f8b583a114ed7f0ee9af29131c9a99171d8201e7d9c9f561846c,2026-09-26T06:31:25+00:00,13c3ad7eb782014775ed37997f9b842e8b8686bef6417cf0d1c261a1887c9662,102371,103 daily files 20220101..20221031
locationid=10825/year=2021.zip,https://openaq-data-archive.s3.amazonaws.com/records/csv.gz/locationid=10825/year=2021/,members-sha256:75134c5cf154f327b3e0692f706a78f78a43f12534f11227ade31957c0d7f2dd,2026-09-26T06:31:32+00:00,499457568d8cd4784a9edc29c8a72ab6237dbf1f205e53a15db43bece451064f,228617,163 daily files 20210101..20211231
locationid=10844/year=2018.zip,https://openaq-data-archive.s3.amazonaws.com/records/csv.gz/locationid=10844/year=2018/,members-sha256:70d4e5e22bca6a83a39085af4652973d9f7e50b95e50c0e49b1530535c626ac4,2026-09-26T06:31:33+00:00,c7a84e30dbf40060ddfb5c24f69c5a4a7cbd863ba3e6af7611302215585f689d,298962,104 daily files 20180511..20181119
locationid=10820/year=2020.zip,https://openaq-data-archive.s3.amazonaws.com/records/csv.gz/locationid=10820/year=2020/,members-sha256:d07044fa496c99e8de1a848dc663ea3b3cb764dec32bfa3412d5380fbd2cd31c,2026-09-26T06:31:35+00:00,8c05030f556b2f2e612cf4390bd7d68de7d560e074a4f427fc60387a3fafe3ad,386459,265 daily files 20200311..20201231
locationid=10844/year=2026.zip,https://openaq-data-archive.s3.amazonaws.com/records/csv.gz/locationid=10844/year=2026/,members-sha256:af168a167d953b22200996dc9bc0070e4284c2ea5e5a8ca0785f630f1c42632c,2026-09-26T06:31:36+00:00,f50bbb747b90529a4bef2f15f722f1ad0c43cc1bc8f1fcdeb625ba0b783ce726,531137,81 daily files 20260101..20260331
locationid=10823/year=2021.zip,https://openaq-data-archive.s3.amazonaws.com/records/csv.gz/locationid=10823/year=2021/,members-sha256:abd03250430245599e8318196261b556ef9205ce352a1566d23700ba5004482a,2026-09-26T06:31:36+00:00,480648535ef6cd2208760ae2a192bd2102056157204f886c6e78e2e33d448757,315301,252 daily files 20210101..20211231
locationid=10831/year=2021.zip,https://openaq-data-archive.s3.amazonaws.com/records/csv.gz/locationid=10831/year=2021/,members-sha256:964c5a71afc91f652cc91a0047b813f6ea841bd861fcd2ce50a7b53412037bf0,2026-09-26T06:31:38+00:00,f7074f22760ccbee652444c3974618af9f3db47157a0e144c8f7002bc4bd5584,187406,145 daily files 20210104..20211231
locationid=10831/year=2019.zip,https://openaq-data-archive.s3.amazonaws.com/records/csv.gz/locationid=10831/year=2019/,members-sha256:27a4439c712d412bacdcc50649cf45b38375b0278597829ba75084b8deae1dce,2026-09-26T06:31:44+00:00,cbbf35af89be1cbd369d25f4acf82e9de9b5661a6f08998a266069ac566ce84a,445646,172 daily files 20190103..20191231
locationid=10780/year=2020.zip,https://openaq-data-archive.s3.amazonaws.com/records/csv.gz/locationid=10780/year=2020/,members-sha256:d657bbba2adf9ec21fedba8e423cd35da92b5797e25e448368f0076277872bc2,2026-09-26T06:31:45+00:00,dde76a1b58e2fd474315cd45d848a6e8b5d93c1be701d2902510e68a3a0a0a64,527134,338 daily files 20200101..20201231
locationid=10844/year=2022.zip,https://openaq-data-archive.s3.amazonaws.com/records/csv.gz/locationid=10844/year=2022/,members-sha256:eb4a771e3cfc06a13f5ac262d585e318f3c075bc4a475d5cbed3801f1ab9d109,2026-09-26T06:31:46+00:00,9730a00d454d46841a43067e12bb0679627b125a78bfa3c0c395fdf920c03b96,150785,122 daily files 20220101..20221016
locationid=10851/year=2022.zip,https://openaq-data-archive.s3.amazonaws.com/records/csv.gz/locationid=10851/year=2022/,members-sha256:b4f862e20e2e81362f0db59c4704273fd9e12c8660177b9b01a03434e0a32ec2,2026-09-26T06:31:48+00:00,0776a76660217d79bbcfe1418435ca2d1252e2de8ea430b31fa3ede231ddff04,107384,84 daily files 20220101..20221016
locationid=10780/year=2025.zip,https://openaq-data-archive.s3.amazonaws.com/records/csv.gz/locationid=10780/year=2025/,members-sha256:3a5410c2bac2346fa679b8c3eea37b99b32a1e231dee1141b32901682ce89076,2026-09-26T06:31:51+00:00,ce9a55d8050f90d5e30e604d7ca7c19a731233fefa6830c46a6fa437d3c93641,1688500,314 daily files 20250219..20251231
locationid=10851/year=2026.zip,https://openaq-data-archive.s3.amazonaws.com/records/csv.gz/locationid=10851/year=2026/,members-sha256:6acab69bb5344467925736299b94b0cba689dbc7edca9072fcc6b71205bef16c,2026-09-26T06:31:55+00:00,80537caf3fced8933469e98b2165a2cb823b2d8574dbbc301b72ca417b16bf8b,509355,81 daily files 20260101..20260331
locationid=10844/year=2019.zip,https://openaq-data-archive.s3.amazonaws.com/records/csv.gz/locationid=10844/year=2019/,members-sha256:c3c7293a1239fa02a253d911f9ee574f0b2e6e07054e9a77c19cba031ea098af,2026-09-26T06:31:56+00:00,0c15a3b584aa3414ce6f7aea74dd9ce5f1f51b4e3b8a69ec71c6c1f6157360c2,555484,167 daily files 20190103..20191230
locationid=10895/year=2019.zip,https://openaq-data-archive.s3.amazonaws.com/records/csv.gz/locationid=10895/year=2019/,members-sha256:2cf82a5eba0247730fa45f277f2fd8d7e3abe5ca8ad93b2ceba5f13292cfd7be,2026-09-26T06:31:57+00:00,8557401a672d1ce69b59c7504fc174f48079621f471ccad22996a07e88ca6753,175775,73 daily files 20190917..20191231
locationid=10895/year=2022.zip,https://openaq-data-archive.s3.amazonaws.com/records/csv.gz/locationid=10895/year=2022/,members-sha256:fc87a43d7684ee5c8f09a80e3b6c664dd409d20b6a66ca27f2b713ef6706bb00,2026-09-26T06:32:06+00:00,c1ccdb5f5b88742721312246a38882ffa7914022c71006002e0156716b2a91e5,96573,84 daily files 20220101..20221016
locationid=10895/year=2026.zip,https://openaq-data-archive.s3.amazonaws.com/records/csv.gz/locationid=10895/year=2026/,members-sha256:66228d4b534bad5d51a063d8e1a7629df8a024d2caba3471f29da0b7f582cf93,2026-09-26T06:32:08+00:00,e859694cc2d6ff3c486fd48fe543033a2a02c45f37121b146237827ae626b0ac,486696,81 daily files 20260101..20260331
locationid=10844/year=2021.zip,https://openaq-data-archive.s3.amazonaws.com/records/csv.gz/locationid=10844/year=2021/,members-sha256:f04b9ad323df0fe4e2396694efc93ad2dc1d4b342f0236ec93d6e6e1ec678f6b,2026-09-26T06:32:09+00:00,3a57e5f9bf00c60d25ca4e53d8ecf540fc20bb93a0a0121b8ad37c5ad70aee6c,250907,190 daily files 20210101..20211231
locationid=10825/year=2020.zip,https://openaq-data-archive.s3.amazonaws.com/records/csv.gz/locationid=10825/year=2020/,members-sha256:270c00c3c45d334d5b03c0b72e2277cd07e5d525b41bb166953c857043ef1bc8,2026-09-26T06:32:11+00:00,b31a58185ba65bdc6c42a4cc887475f27857cb5f479f5469c9ff4cb992a24130,407809,277 daily files 20200311..20201231
locationid=10823/year=2025.zip,https://openaq-data-archive.s3.amazonaws.com/records/csv.gz/locationid=10823/year=2025/,members-sha256:dd391d36c105f67825546a394f02a2835d274fb8888c3a68864cbb702d960ecb,2026-09-26T06:32:13+00:00,fb0ed19f9ea357ba24610fc2c42492ae4e05d9cd416e4c1b5f720132382fac2a,1660732,308 daily files 20250219..20251231
locationid=10851/year=2021.zip,https://openaq-data-archive.s3.amazonaws.com/records/csv.gz/locationid=10851/year=2021/,members-sha256:f99ef09f61ca686bc05db1efce823a944d5951e16e53ac5741dc46bb90efb626,2026-09-26T06:32:14+00:00,2630d82289a22082a8ebff5d302bea6942242be5c2166b6f05846b60955ea78c,245212,164 daily files 20210101..20211231
locationid=10896/year=2022.zip,https://openaq-data-archive.s3.amazonaws.com/records/csv.gz/locationid=10896/year=2022/,members-sha256:59d4ce3d78e1b0a5948b0a46034db806b35a0e8aa73ed827473a31e6a24c7168,2026-09-26T06:32:19+00:00,a5f5c6f7f29b86af64b08a3c98113ab734e764fe0322b65df20faf71bda24257,102432,93 daily files 20220101..20221016
locationid=10831/year=2020.zip,https://openaq-data-archive.s3.amazonaws.com/records/csv.gz/locationid=10831/year=2020/,members-sha256:ac5ec64653570c00ca520965aeee9dbb34633887a01ebf940bd70c27f510fedc,2026-09-26T06:32:33+00:00,c0e52db1025339666b1fc42d60ceff8e613941ff80e1ec8d55fe75c91e465b08,484327,311 daily files 20200101..20201210
locationid=10898/year=2022.zip,https://openaq-data-archive.s3.amazonaws.com/records/csv.gz/locationid=10898/year=2022/,members-sha256:ea2e4de6e7d1c16293d38f223986bb953b0b70762bb83650412aa92af50ff347,2026-09-26T06:32:33+00:00,9315d8dbcaea737c127e16caa0b0775d7707fd47d7042812ba6c3db71860c283,97543,90 daily files 20220101..20221016
locationid=10897/year=2022.zip,https://openaq-data-archive.s3.amazonaws.com/records/csv.gz/locationid=10897/year=2022/,members-sha256:4b8d8064872efec87463940ac011824a4b515d5cbc7f897cddf094b01f28618a,2026-09-26T06:32:36+00:00,0398505ff1cb07fbf2808e44615adf59a0d03ca4790169aed3eca06e7ce6e6d6,145016,123 daily files 20220101..20221031
locationid=10895/year=2021.zip,https://openaq-data-archive.s3.amazonaws.com/records/csv.gz/locationid=10895/year=2021/,members-sha256:9db8337b2e6ed3ea6704f474023c4f8ae433686577e024eb7f054d6c24aab0c7,2026-09-26T06:32:36+00:00,d589a5b9ccd2bb3b6eab0c140af4d8db712605fea3b4253e4b21d6d732612ff2,207181,178 daily files 20210101..20211231
locationid=10900/year=2026.zip,https://openaq-data-archive.s3.amazonaws.com/records/csv.gz/locationid=10900/year=2026/,members-sha256:d2d26012265b18a8be79bbbc7d3bb55c08eb485664abc37621ba4c5bbf347aa4,2026-09-26T06:32:38+00:00,8a5cc5a0b73a7dbb6fd8261f0c4131f076f36ad78fdb6842a4396d5cd3bafba5,239103,71 daily files 20260101..20260331
locationid=10831/year=2025.zip,https://openaq-data-archive.s3.amazonaws.com/records/csv.gz/locationid=10831/year=2025/,members-sha256:c04d11eaa1884e02a27eaef312f9ed2cb2b24d8f51ff234fe1f48230963091d8,2026-09-26T06:32:42+00:00,3da012c91c330274270b2736f66e7d6925cd8cb102b23b78711149c7e73d484e,1420168,315 daily files 20250219..20251231
locationid=10900/year=2022.zip,https://openaq-data-archive.s3.amazonaws.com/records/csv.gz/locationid=10900/year=2022/,members-sha256:e03ab75965b1d8aa10bc84a7a034d86335c373d864b065b16d4cd01cad243996,2026-09-26T06:32:47+00:00,022b86686557cbe010ea9ce5712f525a444fc5de647a6086d232ef4856c18b70,125394,107 daily files 20220101..20221016
locationid=10844/year=2020.zip,https://openaq-data-archive.s3.amazonaws.com/records/csv.gz/locationid=10844/year=2020/,members-sha256:d87e19c310cf791564dff854e97c40f59aef1379b8570b87d877308cf7592c80,2026-09-26T06:32:47+00:00,bc341176bc0ae6d653b17c2c9819b16f7bda570fd662e21faa61919cd17713cc,680125,322 daily files 20200101..20201231
locationid=10844/year=2025.zip,https://openaq-data-archive.s3.amazonaws.com/records/csv.gz/locationid=10844/year=2025/,members-sha256:ba78c43210c3d26915fa6dd076573f59d16f6728b099ca898aa635735134d741,2026-09-26T06:32:54+00:00,85fb4b2301fa24b34db5397c15cda6ee44c1dd922e10d7719252c1cedcf4f451,1577967,307 daily files 20250219..20251231
locationid=10900/year=2025.zip,https://openaq-data-archive.s3.amazonaws.com/records/csv.gz/locationid=10900/year=2025/,members-sha256:27a6ba73a610b6f53d1f24ebc9c4c3b1010f47058c993ca617dda31140aa0464,2026-09-26T06:32:54+00:00,89e6abfa2637259f269abacdacc6d3243e9802af92e6cfa45ce34593e78b776f,331775,125 daily files 20250219..20251231
locationid=10898/year=2021.zip,https://openaq-data-archive.s3.amazonaws.com/records/csv.gz/locationid=10898/year=2021/,members-sha256:0e2efe54330754fdc87167e74815004ff00b7d007009f4184991cfdcf996f5b2,2026-09-26T06:32:56+00:00,42e85e6a435deac0710eda6f9ba9b99954f37664b22417f0639fe638e4ddf9f3,215822,159 daily files 20210101..20211231
locationid=10901/year=2020.zip,https://openaq-data-archive.s3.amazonaws.com/records/csv.gz/locationid=10901/year=2020/,members-sha256:b4ae82f7d21367881801d2361708002f82fb95707f595ce310200bb0a1cec16f,2026-09-26T06:32:58+00:00,f3e1cedec6c297d3767c38889e368416205f7d38bf3273353f86247fe5019802,123663,113 daily files 20200904..20201231
locationid=10903/year=2019.zip,https://openaq-data-archive.s3.amazonaws.com/records/csv.gz/locationid=10903/year=2019/,members-sha256:86f5cede2da3e275b46711c5462bd7d71aed25ef920e3bd7a177ed9c07948a90,2026-09-26T06:32:59+00:00,51da19e44658bd5601f2bbe4cb1f07307eef4d3343e52a5f6401c2ca1992115b,14268,8 daily files 20191224..20191231
locationid=10901/year=2022.zip,https://openaq-data-archive.s3.amazonaws.com/records/csv.gz/locationid=10901/year=2022/,members-sha256:c1ac2b6edd04f258802ddf985bab5bb59c9662d428a59e9431639495d8114065,2026-09-26T06:33:01+00:00,2beb51ec299500e55e00798e90f370d3278a6331c9dc7ee29b31136d85265b92,90308,81 daily files 20220101..20221016
locationid=10901/year=2026.zip,https://openaq-data-archive.s3.amazonaws.com/records/csv.gz/locationid=10901/year=2026/,members-sha256:6e4651d37121101210dcd76c125dd0917c498ca0cf4cf3aec5be6c2d7fbb79bf,2026-09-26T06:33:04+00:00,2f8c99a7044ad652763b50e484d27d1dd064baa600a87f2984b31a64948fe878,486612,81 daily files 20260101..20260331
locationid=10896/year=2021.zip,https://openaq-data-archive.s3.amazonaws.com/records/csv.gz/locationid=10896/year=2021/,members-sha256:d6f07d7caf2801257d99ad9efea3f3e20e88bfab459c44063363e68256bb7b03,2026-09-26T06:33:08+00:00,af14ebdda5764abc134d679725e37f0c0807c9da4467ff8ff90525634f2553cb,279614,233 daily files 20210101..20211231
locationid=10851/year=2020.zip,https://openaq-data-archive.s3.amazonaws.com/records/csv.gz/locationid=10851/year=2020/,members-sha256:c591c85ea8fad0fd78fde5307814a182b126ee7d8a9acdd0871d5f358f3c303d,2026-09-26T06:33:10+00:00,3c7d88ca50adbe9929785ffc63f659b14311defe52f22d922c287c5bbeb4aa73,515097,331 daily files 20200102..20201231
locationid=10897/year=2021.zip,https://openaq-data-archive.s3.amazonaws.com/records/csv.gz/locationid=10897/year=2021/,members-sha256:e24b8cec0e3a9063a8d1da807863821a900b985831a2a407a21121d982ed3cb5,2026-09-26T06:33:11+00:00,b8eec833b518e14419ee132b242e1cb0e6ff85af9b353c28abcbcd5d17c3eac7,273671,223 daily files 20210101..20211231
locationid=10902/year=2022.zip,https://openaq-data-archive.s3.amazonaws.com/records/csv.gz/locationid=10902/year=2022/,members-sha256:f1db5d189b01c5e09b82f4d7cf54b24ed9fe3d697b5b29d96fcb4be0d04214ac,2026-09-26T06:33:15+00:00,1a20b76faf67b9a69743b51f683f5d16b60119e75ad76370ff924328006c779f,101420,90 daily files 20220101..20221016
locationid=10851/year=2025.zip,https://openaq-data-archive.s3.amazonaws.com/records/csv.gz/locationid=10851/year=2025/,members-sha256:2db5751c1667ef4e793bd18fc94258c60e68db0bbc4494bfded44567e398e376,2026-09-26T06:33:15+00:00,9697f163863401963dd69edaadbe952d384b43c8b4c425751cee8968f26c181d,1692906,311 daily files 20250219..20251231
locationid=10901/year=2021.zip,https://openaq-data-archive.s3.amazonaws.com/records/csv.gz/locationid=10901/year=2021/,members-sha256:58c607b5ceab81e853877d07151db948a00a6bbab6f26f47df95a7a715623b49,2026-09-26T06:33:15+00:00,844650fc8eada6fa3696b510648b9416b20b266915c0cf46fa41bab41cf17c4e,202677,160 daily files 20210101..20211231
locationid=10895/year=2025.zip,https://openaq-data-archive.s3.amazonaws.com/records/csv.gz/locationid=10895/year=2025/,members-sha256:31c2c7d336251eb1811bd47aecb333a27780024addb78a611fc7c95442867af9,2026-09-26T06:33:17+00:00,840f28d5101993ac1e9f26d6d85f03a5cad8a18b4be788dc98c7d5df144c6611,1451006,297 daily files 20250219..20251231
locationid=10902/year=2026.zip,https://openaq-data-archive.s3.amazonaws.com/records/csv.gz/locationid=10902/year=2026/,members-sha256:c6c14ad6b6300056d78bba2cf38f388358e3356a86676f3b271840b79d290e9e,2026-09-26T06:33:17+00:00,efbbbb27cddbdc7db7c238659b78e32cab29bd5238a50cccd3b476b630cc336a,370926,81 daily files 20260101..20260331
locationid=10897/year=2020.zip,https://openaq-data-archive.s3.amazonaws.com/records/csv.gz/locationid=10897/year=2020/,members-sha256:ee46d92e797ed54bc9590d46bc4a12215b9e66e63e12e76af80d5c80d0556829,2026-09-26T06:33:18+00:00,588ef63ea2c58ccd871c6ba67996bf0ad23534b32eee44067f373e418866492f,321081,240 daily files 20200428..20201231
locationid=10895/year=2020.zip,https://openaq-data-archive.s3.amazonaws.com/records/csv.gz/locationid=10895/year=2020/,members-sha256:f562eb547979f839e1a54b59f2e621aefa1c8360bbf2ee6c3f27abe504ada76b,2026-09-26T06:33:18+00:00,8941c194bf3f37aa24ab062f8bf0462ea5f5d8e3162b11339303c5f8ab2c7865,462629,307 daily files 20200101..20201231
locationid=10903/year=2026.zip,https://openaq-data-archive.s3.amazonaws.com/records/csv.gz/locationid=10903/year=2026/,members-sha256:624e9353db9506d9983962ea29a9d2cd33959bd10b098f707e6ee08a09f6ab4b,2026-09-26T06:33:30+00:00,12847793213f8b3957507ed107f9498d4752696db51355994f5e5018dac160d3,429915,75 daily files 20260101..20260331
locationid=10903/year=2022.zip,https://openaq-data-archive.s3.amazonaws.com/records/csv.gz/locationid=10903/year=2022/,members-sha256:5999cea9a79aab0ab2c62e40f480615c731a3d0ad708475b9aa5cc29cbad6a30,2026-09-26T06:33:34+00:00,320c94f75ba72f62a7d64ecf1403770ca488de04221180673baea7c12c4b0254,107532,94 daily files 20220101..20221031
locationid=10902/year=2021.zip,https://openaq-data-archive.s3.amazonaws.com/records/csv.gz/locationid=10902/year=2021/,members-sha256:8f8f7140ca55e132b0e21351abac3499b36e573979535d8e0ff760e7c8667f94,2026-09-26T06:33:38+00:00,a80e0d6f7475e8decb96a0d836f5b3e4ea7f6997293054dc054de7f2040b68c0,218205,159 daily files 20210101..20211231
locationid=10900/year=2020.zip,https://openaq-data-archive.s3.amazonaws.com/records/csv.gz/locationid=10900/year=2020/,members-sha256:38592afa5778ff9f7e298e5ae19c0c4b1bce40ac0778c2bff12fb319c3ecb7bf,2026-09-26T06:33:40+00:00,ae0ad417e192dfc98abd3791f8ad0f951296d860bb8374c66c6bba7df7e4aa30,348781,255 daily files 20200330..20201231
locationid=10900/year=2021.zip,https://openaq-data-archive.s3.amazonaws.com/records/csv.gz/locationid=10900/year=2021/,members-sha256:8803ea87fed0d2522e949554c5c7badd8518a0bee0073351c373a2721172d10a,2026-09-26T06:33:41+00:00,05da214496378613f52d52e7cdb0d396b137dbca871d1bf6b37bc390e33883d9,301486,257 daily files 20210101..20211231
locationid=10904/year=2026.zip,https://openaq-data-archive.s3.amazonaws.com/records/csv.gz/locationid=10904/year=2026/,members-sha256:fb259f01bf73925260d6c70bbc9201852e94c6e15c7a53c64a59364b38ebece8,2026-09-26T06:33:48+00:00,f9ca94f990cf5c0cfd670f3cdc55eff7d800de4a5cc25af87e73e32358be3741,545215,81 daily files 20260101..20260331
locationid=10896/year=2020.zip,https://openaq-data-archive.s3.amazonaws.com/records/csv.gz/locationid=10896/year=2020/,members-sha256:32c28f39dbb7962aeea107323529ab6745598eab46c4b3dceee1a06c912a9c9f,2026-09-26T06:33:48+00:00,e7529ada1f3f04d08a9d0102b2d8d3e9e0789cf4d3c9f67adfdbd25ca2322271,513191,342 daily files 20200106..20201231
locationid=10903/year=2021.zip,https://openaq-data-archive.s3.amazonaws.com/records/csv.gz/locationid=10903/year=2021/,members-sha256:a121a89dedfbc4726dcb5a4f3673b47fce01c222e1692a7624c8540c2d08cf95,2026-09-26T06:33:50+00:00,26da31127e87fdb1c65a08d76d61139438cc4244e516c4275b7d63d01932e261,214068,158 daily files 20210101..20211231
locationid=10904/year=2022.zip,https://openaq-data-archive.s3.amazonaws.com/records/csv.gz/locationid=10904/year=2022/,members-sha256:419ebfaba80afac6509a45b89f7b75537eb411e31d149ec038bf88453285e3f7,2026-09-26T06:33:51+00:00,bbd862de3f5c06709d0880cf85d7d8afe45d618f33a56ad61221958099b2ff7d,124147,107 daily files 20220101..20221031
locationid=10898/year=2020.zip,https://openaq-data-archive.s3.amazonaws.com/records/csv.gz/locationid=10898/year=2020/,members-sha256:484865dc6b50f361ea1f2d86266c46994d33839fc4580c561411ca1979404f49,2026-09-26T06:33:53+00:00,c496c13ce5ee85bb8f846794531aa4ee373fb537e7b7881d5d9ea6bf0a5f07a5,478020,313 daily files 20200205..20201231
locationid=10905/year=2022.zip,https://openaq-data-archive.s3.amazonaws.com/records/csv.gz/locationid=10905/year=2022/,members-sha256:3e0a092d1de00d219da736955adb4f0971b32ed263cb44df4f8aa3ed40d4a3a7,2026-09-26T06:33:53+00:00,0cfb15bd38ce66b4a05ed68e4127695414e641fb8f919e08bdc1744f134d9ccb,116846,96 daily files 20220101..20221031
locationid=10904/year=2019.zip,https://openaq-data-archive.s3.amazonaws.com/records/csv.gz/locationid=10904/year=2019/,members-sha256:fca1825115f3d2f07d0ada9df0739c46561c86f4d1d31c6666f54b9835ede0cf,2026-09-26T06:33:58+00:00,220f9545e130fce4cc81a7ac2e09be2707536fe5c615b06dacb7d52e330a4363,332348,133 daily files 20190809..20191231
locationid=10906/year=2022.zip,https://openaq-data-archive.s3.amazonaws.com/records/csv.gz/locationid=10906/year=2022/,members-sha256:b0b7b2e7a8f67b443bcfd5abd5c2fc0403ec40e1b20b394ae2fdd5afc76f60cf,2026-09-26T06:34:04+00:00,969b98c5bb63d08b32a514bb62dd89fa9187c0ac02c634b3f549c07eafffdc30,84294,83 daily files 20220101..20221016
locationid=10905/year=2019.zip,https://openaq-data-archive.s3.amazonaws.com/records/csv.gz/locationid=10905/year=2019/,members-sha256:cbd37e66124825d5efb31b85aeba593326cf11dfb6d45001698c4e4b46234625,2026-09-26T06:34:07+00:00,c62e49ddf7a663381b5180a94c2b7e6a62c2165df08f53b32d322a9b9ef5e859,371560,135 daily files 20190807..20191231
locationid=10907/year=2022.zip,https://openaq-data-archive.s3.amazonaws.com/records/csv.gz/locationid=10907/year=2022/,members-sha256:0097207e0efb3ec651512558bb18afd8686419f43f521c5299156cfa791b2317,2026-09-26T06:34:12+00:00,0b9d392f82ff8a06689fbfc769298a2ef60483fcb90fd18be6948514857ca8b0,93711,88 daily files 20220101..20221016
locationid=10902/year=2020.zip,https://openaq-data-archive.s3.amazonaws.com/records/csv.gz/locationid=10902/year=2020/,members-sha256:c3f8ff2270198e30f5ce2ac13e18095f0b2df958ca7ccbe775b7b2b78bb2829b,2026-09-26T06:34:15+00:00,a0faf17681c80248413dd09777a79ce4f2abf14dee9d681d1c21416cb294764c,412362,271 daily files 20200203..20201231
locationid=10905/year=2021.zip,https://openaq-data-archive.s3.amazonaws.com/records/csv.gz/locationid=10905/year=2021/,members-sha256:a087c97a0a5938c97d942d0189bdfaef98a3e659400127ffb361192d8aea6a2f,2026-09-26T06:34:18+00:00,0a2c5342f8270d81e669881bad28c36e8ba2376280ac8451005cd145bd9e3de4,230739,162 daily files 20210101..20211231
locationid=10907/year=2026.zip,https://openaq-data-archive.s3.amazonaws.com/records/csv.gz/locationid=10907/year=2026/,members-sha256:d4745874231c91ac22fb4d873521911620e328eed268aad8734e65e5b3dfdc67,2026-09-26T06:34:20+00:00,2b7cab49cfc928371e6be26fc2f94cc53056049af9607ad8324f27bf6bdc1337,418216,81 daily files 20260101..20260331
locationid=10901/year=2025.zip,https://openaq-data-archive.s3.amazonaws.com/records/csv.gz/locationid=10901/year=2025/,members-sha256:4f0ec1213c986847f5c769e4c332392d1ae24792a982c7820c8d4bcd3cbc9fdf,2026-09-26T06:34:24+00:00,03cc31e664e9b5efd2157badc48d1dfb9598fd73a95a755848f0f4b8298ca5e0,1535878,308 daily files 20250219..20251231
locationid=10908/year=2022.zip,https://openaq-data-archive.s3.amazonaws.com/records/csv.gz/locationid=10908/year=2022/,members-sha256:d085b8c59c4cc235c9c284f0364e1f54bc63890561e113d59e88c6aca45e55da,2026-09-26T06:34:26+00:00,efecae020268d89cfc8d727cd088ba6559a218d6bad26c1012951c62e1cb5bf1,105718,89 daily files 20220101..20221016
locationid=10902/year=2025.zip,https://openaq-data-archive.s3.amazonaws.com/records/csv.gz/locationid=10902/year=2025/,members-sha256:918ae6b2649d87a4a2bde1b6f5674aeff22a8d484d1cfa1d2f49491ae68abada,2026-09-26T06:34:28+00:00,19f6a5dac74fe1766faa9157cf1fd4e01c70f1d8cef43d6842f0ae60405f24e6,1194228,280 daily files 20250219..20251231
locationid=10908/year=2026.zip,https://openaq-data-archive.s3.amazonaws.com/records/csv.gz/locationid=10908/year=2026/,members-sha256:749a784ad0986a204f4cd5f90f6ed4d309146876f2c14db151bb7a14420b8c67,2026-09-26T06:34:29+00:00,0c5cd43e15ea01b38c5d5699264b8eea0d34065934166f364986b26f87a65ed0,456320,80 daily files 20260101..20260331
locationid=10909/year=2019.zip,https://openaq-data-archive.s3.amazonaws.com/records/csv.gz/locationid=10909/year=2019/,members-sha256:3fb8dcd330db47a4a9b1c813521154219fa87990f54a6ffb75c014555c88e023,2026-09-26T06:34:35+00:00,5ab6a398f59b510d8697fdbeb3d92fdcba6140b6969a6ce8cfdc012e2aaffcae,163781,77 daily files 20190923..20191231
locationid=10904/year=2021.zip,https://openaq-data-archive.s3.amazonaws.com/records/csv.gz/locationid=10904/year=2021/,members-sha256:ad6dfd75014dba3c11d42025f81c4982e558f98ead6736183b0fb7719cee7586,2026-09-26T06:34:40+00:00,c22c5ff311b264d96302b2cf1b90b4566008143e7ea3f7150cb1e1ed40829945,307539,250 daily files 20210101..20211231
locationid=10908/year=2021.zip,https://openaq-data-archive.s3.amazonaws.com/records/csv.gz/locationid=10908/year=2021/,members-sha256:e1608862817ef269e478882405ece6d951e8c7cf5af4256b6cf0ae16d9cd20ad,2026-09-26T06:34:40+00:00,b6bcadc88112109f7ed6807c1937d76dfc0262af951afdef0071e9fba40c21fc,172978,133 daily files 20210301..20211231
locationid=10908/year=2025.zip,https://openaq-data-archive.s3.amazonaws.com/records/csv.gz/locationid=10908/year=2025/,members-sha256:a53163f190c4385b571f10036d4b10920b3d0d66e0d3aa40b4fffb135ab6a2b7,2026-09-26T06:34:41+00:00,890d60ce6adf1dd8c2e8bc014556bb72b9c0f4591f16c1e5df032687c31df235,610049,127 daily files 20250219..20251231
locationid=10907/year=2021.zip,https://openaq-data-archive.s3.amazonaws.com/records/csv.gz/locationid=10907/year=2021/,members-sha256:8841ebd77fbe87fd6a47ea3fc55c3b2ce019348cc3add3bced5d9769db122ab5,2026-09-26T06:34:41+00:00,d9ab046655d61579120d43aab5123155ad5db588b8044d8ad1093ec73e8dec88,216497,165 daily files 20210101..20211231
locationid=10903/year=2025.zip,https://openaq-data-archive.s3.amazonaws.com/records/csv.gz/locationid=10903/year=2025/,members-sha256:3601de73c709083586f0d46f5ec5a8958d3f98bf2afad7c98d70753c3344291d,2026-09-26T06:34:45+00:00,c60d232564aa2fbc2c16507f1d7c691fff87ad2e5193e9db60e98d4823e4b8f5,1387088,284 daily files 20250219..20251231
locationid=10909/year=2022.zip,https://openaq-data-archive.s3.amazonaws.com/records/csv.gz/locationid=10909/year=2022/,members-sha256:20554c7a6f5321347a5d7d97af946f296ec0d06bbd5a5b545b696d1e03afadc5,2026-09-26T06:34:51+00:00,d61f5462180159c6b13e43563a500142dab2339f05733a5221c98898fb6cd26b,100234,92 daily files 20220101..20221031
locationid=10909/year=2026.zip,https://openaq-data-archive.s3.amazonaws.com/records/csv.gz/locationid=10909/year=2026/,members-sha256:60ba5a6d264daafc617de744d7ba651a7323c069fd2b0c683bc07a5c4f9013ff,2026-09-26T06:34:51+00:00,3075a459f44ccff88c6fe28a31bf6bcc30e6b50f7346235a2c8de0c5ab4aa5cf,387254,81 daily files 20260101..20260331
locationid=10906/year=2021.zip,https://openaq-data-archive.s3.amazonaws.com/records/csv.gz/locationid=10906/year=2021/,members-sha256:52770cd32f314df24ca7eaa6b2db6154e86c70376f24c1eecd52610c708ad741,2026-09-26T06:34:53+00:00,759e0a2a1f338c25a00e840793af14798d380467cc732f1876c6da3e0fe095b0,269174,228 daily files 20210101..20211231
locationid=10908/year=2020.zip,https://openaq-data-archive.s3.amazonaws.com/records/csv.gz/locationid=10908/year=2020/,members-sha256:e166be2e9918994e292920903d91b376c7b033f399e7ae58d49869eb10b80ad1,2026-09-26T06:34:54+00:00,dbc394007d9e7f4c62bbb4c3efd2390fdf34f0fd78f7dad5bcfb66fb10363ac7,236118,177 daily files 20200311..20201223
locationid=10903/year=2020.zip,https://openaq-data-archive.s3.amazonaws.com/records/csv.gz/locationid=10903/year=2020/,members-sha256:79b1c87dcc923cfdf921ab7ff30f5040b9be50a903c8c6b6a3868491c2a49dd0,2026-09-26T06:34:59+00:00,cf7e4cd84b0f424033ff0046a58420d0f2e58dd0347b1232ccf7aaf93434d2e2,536242,342 daily files 20200101..20201231
locationid=10912/year=2025.zip,https://openaq-data-archive.s3.amazonaws.com/records/csv.gz/locationid=10912/year=2025/,members-sha256:82321c2f115a5c5a5c922a13c1063ea44fc39ce48050e10cac0a4badee20efc7,2026-09-26T06:35:05+00:00,bb3f9d22e59161c87cce0cbf03e79b4a13b9cee393814ef7e4268ce3f42c2e27,4513,2 daily files 20250219..20250220
locationid=10910/year=2022.zip,https://openaq-data-archive.s3.amazonaws.com/records/csv.gz/locationid=10910/year=2022/,members-sha256:5c6f30b08856ef65d28dcf6db68668fcc502f61ab9bf9e4945731e0bd56d8abe,2026-09-26T06:35:09+00:00,0e84266d55ac0f9ed1858df966d47fc9f1d325546151520e6f33198d7e985138,110136,99 daily files 20220101..20221031
locationid=10904/year=2025.zip,https://openaq-data-archive.s3.amazonaws.com/records/csv.gz/locationid=10904/year=2025/,members-sha256:a132de727d76a3dcc027160c55d6b7e6581039763f74645bd4e1a7d71762be60,2026-09-26T06:35:14+00:00,f1b9f3d05f332dd6e6ff4d5ec6e26c3c620cb474355baa9fc6367fb4d7f68310,1798745,315 daily files 20250219..20251231
locationid=10904/year=2020.zip,https://openaq-data-archive.s3.amazonaws.com/records/csv.gz/locationid=10904/year=2020/,members-sha256:9c2ad923ab74671460a13464b292a58e2e5edb4c2d69e3075d1234925d0bc35f,2026-09-26T06:35:14+00:00,cd4c747807c42e39bfeee5cd2f02240f7ae65b9443d496948b4170583890b2bd,534776,328 daily files 20200101..20201231
locationid=10910/year=2025.zip,https://openaq-data-archive.s3.amazonaws.com/records/csv.gz/locationid=10910/year=2025/,members-sha256:ac08c6101fd55c2b14c3a02d36415ff7de1a4fff75e4a4e73d5297c14591b29d,2026-09-26T06:35:15+00:00,0a16afbeefed12b3927bb82cd9005f61b128fa2e878f937c8fd648398604952f,518516,89 daily files 20251003..20251231
locationid=10910/year=2026.zip,https://openaq-data-archive.s3.amazonaws.com/records/csv.gz/locationid=10910/year=2026/,members-sha256:3a0eace9d444bee8b8b3881e6984d2d736924c2ed1c90af3c5160c54c28adcec,2026-09-26T06:35:16+00:00,77675a443bdf5f19dbd00b5cbd3ae9ad76c5e63c6eb3410bad0f8289a6ea12e9,510730,81 daily files 20260101..20260331
locationid=10909/year=2021.zip,https://openaq-data-archive.s3.amazonaws.com/records/csv.gz/locationid=10909/year=2021/,members-sha256:d3daca0c595246e957170fe28d21d0ed327e4a8fd9b08aeabfd8c1b8962cb5be,2026-09-26T06:35:17+00:00,7f9c14a411e781d3e1a9ebe372ff5c4fea5051125d519f048650e14b4718fc3c,197778,156 daily files 20210101..20211231
locationid=10911/year=2019.zip,https://openaq-data-archive.s3.amazonaws.com/records/csv.gz/locationid=10911/year=2019/,members-sha256:86cb125dcee39324018e2791d7a08cf2cdb1a983ae382f255a88a77f95ad0e9b,2026-09-26T06:35:18+00:00,059bcf9aabfa505b88a41d6bb0404d46d1a9776133b1d5a5c26adcc94700d584,202121,87 daily files 20190923..20191231
locationid=10905/year=2020.zip,https://openaq-data-archive.s3.amazonaws.com/records/csv.gz/locationid=10905/year=2020/,members-sha256:80e41cc7a91934535bd0d208ad5855700cebecf0e2867bdee26f6754ce198b92,2026-09-26T06:35:20+00:00,2038dcb4f62d28ffb30a1cf93a120e25bdee512be4e4f8114e8fc417b653e07e,507691,334 daily files 20200101..20201231
locationid=10911/year=2022.zip,https://openaq-data-archive.s3.amazonaws.com/records/csv.gz/locationid=10911/year=2022/,members-sha256:e545b714967a3ebaa5013b1ecd66536ec88cd5c7e1f9f1eb2b137a14b28428d8,2026-09-26T06:35:24+00:00,559734eadd3b899bcd476e038e0daf9522fa300c3b89a897faf4aa31e4f55eeb,102738,92 daily files 20220101..20221016
locationid=10911/year=2026.zip,https://openaq-data-archive.s3.amazonaws.com/records/csv.gz/locationid=10911/year=2026/,members-sha256:d5db1774686a66d5f2e7a59d9ea6f5c243fe9fce79ec67cc695f58b06b3e47e7,2026-09-26T06:35:26+00:00,31156cab1093c1866d058f41786797a9a6cc2f5d43e81ac31d3aad0db05a9356,430174,81 daily files 20260101..20260331
locationid=10906/year=2020.zip,https://openaq-data-archive.s3.amazonaws.com/records/csv.gz/locationid=10906/year=2020/,members-sha256:34ebf16ba988f1c925fd9b561ad5cb646b939e84aa88f34f9f75830dd4617eff,2026-09-26T06:35:29+00:00,5ee861bc8a51538b20958778b7b7efc685e516c5c5a76e6afe3c84f7c0fd6e7a,487315,322 daily files 20200102..20201231
locationid=10910/year=2021.zip,https://openaq-data-archive.s3.amazonaws.com/records/csv.gz/locationid=10910/year=2021/,members-sha256:3d073e4cefde82f3357971da0b0c1da1cf4899ad561294b76f9c3d9f3fbc11db,2026-09-26T06:35:29+00:00,7ee0e0ca42b8a415fe5588ca0a2e78c5e65528a47fd150a766f6a1fdb5daaa55,221938,160 daily files 20210101..20211230
locationid=10910/year=2019.zip,https://openaq-data-archive.s3.amazonaws.com/records/csv.gz/locationid=10910/year=2019/,members-sha256:0d8f21b8ad4c4e4549bad8f9e58c44f77310d47014389fd45ea29749b9f4b4dc,2026-09-26T06:35:31+00:00,323864f9fdc91b907f2c6a6a132f905a26f626ecf00aee05d0581ee84a3e36e9,444449,169 daily files 20190212..20191231
locationid=10907/year=2020.zip,https://openaq-data-archive.s3.amazonaws.com/records/csv.gz/locationid=10907/year=2020/,members-sha256:0a4313a47c22b6e1301c67cda9bc7204c1b1fecdb074e180e0e05e47bae2b134,2026-09-26T06:35:37+00:00,d9215cd61f33946282d205be3cc309a8e47dd588e2fd8949e1607a1f24110cec,459265,315 daily files 20200203..20201231
locationid=10913/year=2019.zip,https://openaq-data-archive.s3.amazonaws.com/records/csv.gz/locationid=10913/year=2019/,members-sha256:ac3938dc1fe490f294485b72ff13678a74649220f9ab2494030b28b8fbd3d24c,2026-09-26T06:35:42+00:00,ca2608920520f99a34c277bf7f6fab3d9e16e9c411e58ce9dc315ef1dbe170e0,202022,87 daily files 20190923..20191231
locationid=10911/year=2021.zip,https://openaq-data-archive.s3.amazonaws.com/records/csv.gz/locationid=10911/year=2021/,members-sha256:b5971f22fcba6e3f7869cc0536b10f298b3e176592b8c28a8bc6a478b279c7a4,2026-09-26T06:35:43+00:00,c50a2085ba6afd3013131cd4f3373f3bd483e67eb3ab6960ad301bd83689f672,213735,160 daily files 20210101..20211231
locationid=10912/year=2021.zip,https://openaq-data-archive.s3.amazonaws.com/records/csv.gz/locationid=10912/year=2021/,members-sha256:99025daacadcab948ca583b7d3678dc0a8cf741e9ddba2ce57b22d9c8f2750bf,2026-09-26T06:35:43+00:00,a6f8e2441ab1776e9e9a8eee6344a0843c8701f8b8bc0f829940ce544c7363b7,138994,117 daily files 20210301..20211228
locationid=10907/year=2025.zip,https://openaq-data-archive.s3.amazonaws.com/records/csv.gz/locationid=10907/year=2025/,members-sha256:6a616d491c1953a6e4f1ce9a9416411ced4c8b1238a794f0baa420865b68fb17,2026-09-26T06:35:44+00:00,2336a00e21f2da0cc2f155266e3afa53cf94d7fa9fcc23f4d2786fee0d6dc055,1327846,312 daily files 20250219..20251231
locationid=10913/year=2026.zip,https://openaq-data-archive.s3.amazonaws.com/records/csv.gz/locationid=10913/year=2026/,members-sha256:5cbcd348591705008e77a573cf537c1d5ac3eef56b6228b51498870f728b9a66,2026-09-26T06:35:45+00:00,91bcc6551da972d337810d78d951196f7ca76dac83bc3872ede265d2c638540e,417548,81 daily files 20260101..20260331
locationid=10909/year=2025.zip,https://openaq-data-archive.s3.amazonaws.com/records/csv.gz/locationid=10909/year=2025/,members-sha256:9fd217d99c99fb84f407cd36de0a73e2fc1caf7ce4523ba31ba86a18841df1f6,2026-09-26T06:35:47+00:00,313c8e78b57cd07a4f05d0626283126e85d67fc109ace8f25e931bfa85470d81,660786,230 daily files 20250219..20251231
locationid=10913/year=2022.zip,https://openaq-data-archive.s3.amazonaws.com/records/csv.gz/locationid=10913/year=2022/,members-sha256:4161007aca7e84ab3c54b833cc2415a30ac0786bc428fef1df4cc8f9b8f9b610,2026-09-26T06:35:48+00:00,ee4a9be3e63bbf2a22d43050aa99786f699ad6064d1923c114381ab95ba4793a,103479,93 daily files 20220101..20221016
locationid=10914/year=2019.zip,https://openaq-data-archive.s3.amazonaws.com/records/csv.gz/locationid=10914/year=2019/,members-sha256:2e6edd5b12814d3cbe70df9d8067f44fff344592d9299706ab1e9acbd095e9a4,2026-09-26T06:35:51+00:00,adc3b661b87b8e89aff6845827646c305b0ef028064a0061deb545f96689891f,238540,93 daily files 20190917..20191231
locationid=10914/year=2026.zip,https://openaq-data-archive.s3.amazonaws.com/records/csv.gz/locationid=10914/year=2026/,members-sha256:1301569fdecb62dede771453ad2d1ff1aecc0d97642ee86220c4caf519452006,2026-09-26T06:35:55+00:00,710b88210dfd77e1647bca43f69c5b4cad0d9bb03a44a0d6472372c1cf6b4ed8,456381,74 daily files 20260101..20260331
locationid=10914/year=2022.zip,https://openaq-data-archive.s3.amazonaws.com/records/csv.gz/locationid=10914/year=2022/,members-sha256:28f0b6e583abcb1e4262b767dd83aca66b5af710e694c5e18c32a2834920adb7,2026-09-26T06:35:57+00:00,bc3a7fa0e39f0273b0bb99d5889ade325288315f052217a8de12c308ca268d75,111639,90 daily files 20220101..20221016
locationid=10912/year=2020.zip,https://openaq-data-archive.s3.amazonaws.com/records/csv.gz/locationid=10912/year=2020/,members-sha256:e4adf6adeb3ce2b104de55febcb5a473a201a65ad2d24ea46835c533af2ffcb6,2026-09-26T06:36:09+00:00,3896296fe985d37ac6ecc8c6d087fb6173b2eb3760c6aa6782a807de5d0e50be,237741,197 daily files 20200203..20201218
locationid=10913/year=2021.zip,https://openaq-data-archive.s3.amazonaws.com/records/csv.gz/locationid=10913/year=2021/,members-sha256:072ae364701703e2a00e7fa4eeb7d6c5b3d41b7df732a884e1b60847a030ed2f,2026-09-26T06:36:11+00:00,88366258e6fe747f5b7a5f3536a6bc287d17d96195c8822345ec6af0a963047a,216267,160 daily files 20210101..20211231
locationid=10909/year=2020.zip,https://openaq-data-archive.s3.amazonaws.com/records/csv.gz/locationid=10909/year=2020/,members-sha256:8bace9dd6042002c6190ab38f92bc6b75915482030369c6ffee00891ebda1db5,2026-09-26T06:36:12+00:00,c6277f5f82ddfc553351ace2473a20ecfa3e41a8a7313b45f1d5e3a4dc85a84d,499616,345 daily files 20200101..20201231
locationid=10915/year=2026.zip,https://openaq-data-archive.s3.amazonaws.com/records/csv.gz/locationid=10915/year=2026/,members-sha256:c2d0f4285c945205faf44eb917c407e2e37c11c99ad4cc2056342d473bd15ca8,2026-09-26T06:36:12+00:00,20de114bd5582f28e1ef43b540469e3199dd5e1138c295dd7e5de2096b26b827,358119,81 daily files 20260101..20260331
locationid=10916/year=2022.zip,https://openaq-data-archive.s3.amazonaws.com/records/csv.gz/locationid=10916/year=2022/,members-sha256:755b6e3bd0e4f88cf9959f4fa744d13be95a431350869b7248065ba1d48cdbfe,2026-09-26T06:36:17+00:00,66b4b54175746a38f8ba5fd8124afb4cab6765354e3cf789f7a7837100bb724b,85632,85 daily files 20220101..20221016
locationid=10915/year=2022.zip,https://openaq-data-archive.s3.amazonaws.com/records/csv.gz/locationid=10915/year=2022/,members-sha256:f095b621bed2395f729ed7121ff2e615a7daa8ae7f26af59f5b09505ad022642,2026-09-26T06:36:17+00:00,33ce8957cba71ae7dfee406b27c08c520ab5887dc86cd6d31cc1011e2d44eca2,136076,115 daily files 20220101..20221016
locationid=10917/year=2026.zip,https://openaq-data-archive.s3.amazonaws.com/records/csv.gz/locationid=10917/year=2026/,members-sha256:16af7b3e2cf0081eef88920737f635ff6b6fd94e45effc4fc7962135b0fa72c2,2026-09-26T06:36:19+00:00,991e2ed9e13721a7c11cc7252ea71d24b54bcd0fa0e4164b4d4603da51cba24b,88612,25 daily files 20260101..20260331
locationid=10917/year=2022.zip,https://openaq-data-archive.s3.amazonaws.com/records/csv.gz/locationid=10917/year=2022/,members-sha256:417d2e4d11a764a8bff0d9342bd48697e4ac74ece39ecc2c3e5c5ede2b9beb3c,2026-09-26T06:36:21+00:00,16687f8fbb063be0a87c16702139619243872b621d0cd906c26725e44e7c4af5,66133,70 daily files 20220101..20221016
locationid=10910/year=2020.zip,https://openaq-data-archive.s3.amazonaws.com/records/csv.gz/locationid=10910/year=2020/,members-sha256:80abdde6f283f4d04f7fa6502a16d0109df7b6fdd87fe6f149521f67e4efb8bf,2026-09-26T06:36:27+00:00,b1d7da68a3aec470aa4e1d80603b4a64484e4b98ee1b64886592d99bed28cbfb,468382,332 daily files 20200101..20201231
locationid=10917/year=2021.zip,https://openaq-data-archive.s3.amazonaws.com/records/csv.gz/locationid=10917/year=2021/,members-sha256:577b8eaab0a1d1a8a422e008e6a0605644589db95405c12f145d5dc363cf62db,2026-09-26T06:36:39+00:00,e7d6d73428f588743f37b52c4b0716453c8a8afb2c6168018a38ed7d1855c5b5,138920,126 daily files 20210101..20211231
locationid=10911/year=2025.zip,https://openaq-data-archive.s3.amazonaws.com/records/csv.gz/locationid=10911/year=2025/,members-sha256:f8cf24b422a1c5ddc435db556c04ba8dcddf2ad79a1c0a566c7751a5137431eb,2026-09-26T06:36:42+00:00,b7696ceb90aa65627c4726fcb40240454d2a8a2d61760ef4b99c384ec8a7948e,1343032,304 daily files 20250219..20251231
locationid=10916/year=2021.zip,https://openaq-data-archive.s3.amazonaws.com/records/csv.gz/locationid=10916/year=2021/,members-sha256:2fa74f1685ceb7e36b2dc7650df6015e39ee81ef538a6847f6fa9310c185563f,2026-09-26T06:36:45+00:00,4a8bd40b79ff49f1f6fbd4d6fbc165e6b36dfa7c2d8fd85dc2863dc6c2a06549,179719,161 daily files 20210101..20211231
locationid=10918/year=2022.zip,https://openaq-data-archive.s3.amazonaws.com/records/csv.gz/locationid=10918/year=2022/,members-sha256:cc68bd2247fe6b0d3f86ae4139846f957fcf247608012fd49af05aac7d29edca,2026-09-26T06:36:49+00:00,12b20b95ea1d58a210e7013533fe30a70fff7695d73aeb291022ba7731afb1f0,104046,86 daily files 20220101..20221016
locationid=10918/year=2026.zip,https://openaq-data-archive.s3.amazonaws.com/records/csv.gz/locationid=10918/year=2026/,members-sha256:904f2b7e0a4c108e41fe6542fa1fca83b1e572b2d0eefd0b0672facc9b92b0e0,2026-09-26T06:36:50+00:00,1dc686da86b3f79cf3f3659e3d226e7319faa329993b34077efb0b0b767cc390,493907,79 daily files 20260101..20260331
locationid=10914/year=2021.zip,https://openaq-data-archive.s3.amazonaws.com/records/csv.gz/locationid=10914/year=2021/,members-sha256:52a07761aa392b1d5acaa072c23131c4a2f531c48342d16968c0317e55546ea8,2026-09-26T06:36:51+00:00,4566f4ac0f95809e4b730f0527d03f4328647e8bec32a8f852fd8dae3e9de97b,313691,244 daily files 20210101..20211231
locationid=10917/year=2019.zip,https://openaq-data-archive.s3.amazonaws.com/records/csv.gz/locationid=10917/year=2019/,members-sha256:b99ca66e8f2e99a452b46aa655a8ecac883e18bc860917669aec6788c463008d,2026-09-26T06:36:54+00:00,a7b81bc07baf94458fef3d0b8f6fa0590f3ebf13cc976bab53a31839fdaf7f96,371336,167 daily files 20190211..20191231
locationid=10911/year=2020.zip,https://openaq-data-archive.s3.amazonaws.com/records/csv.gz/locationid=10911/year=2020/,members-sha256:c87dc49178b7b7a66650cf8b2738f12fc97b83f6ac1a9012632dd15fe49b7e83,2026-09-26T06:36:54+00:00,1bf0cc815e7c017c0d456300a1a079940ecb7d80b22cecfdfd0fae0f6bf309b2,523195,347 daily files 20200101..20201231
locationid=10915/year=2020.zip,https://openaq-data-archive.s3.amazonaws.com/records/csv.gz/locationid=10915/year=2020/,members-sha256:6982dac0e28145d7262800030a5dcc0b368822a5a49c2b09abfef95f85f919a5,2026-09-26T06:36:55+00:00,6c4675b9f5ef674c2f453de9df338117d3dd66bdbe5f1610e2f375624091a60c,296285,224 daily files 20200303..20201231
locationid=10921/year=2018.zip,https://openaq-data-archive.s3.amazonaws.com/records/csv.gz/locationid=10921/year=2018/,members-sha256:a7b7bc2c119fb81dd3a5829f4d4cab8c151a374ca99789dfc05a51f1ddafb26c,2026-09-26T06:37:02+00:00,365b9bd9d5400c4cf12190023d12816ac1259f3d0ce63ce17f5423ad055aa579,6587,9 daily files 20181116..20181228
locationid=10915/year=2021.zip,https://openaq-data-archive.s3.amazonaws.com/records/csv.gz/locationid=10915/year=2021/,members-sha256:e45293951f37e5fd07ec88071369f02f78583b57dc84c57d9a5fb07575b04a55,2026-09-26T06:37:06+00:00,1df3d3ed23c6de78fe7f8c950d1cb43412a94466f0b04794738dafe2fe4c6d9e,315222,253 daily files 20210101..20211231
locationid=10913/year=2025.zip,https://openaq-data-archive.s3.amazonaws.com/records/csv.gz/locationid=10913/year=2025/,members-sha256:dd3b28710a7e9e769ae4c5e5a85094c6a2349665fed3ff7bd00dd30a4238f6a7,2026-09-26T06:37:09+00:00,0efff1c2d9ee389eeb788b9334b1f42e3ccfef7690ffadb04b16d40d08ba69e6,1377214,315 daily files 20250219..20251231
locationid=10918/year=2021.zip,https://openaq-data-archive.s3.amazonaws.com/records/csv.gz/locationid=10918/year=2021/,members-sha256:12d9ac13d72516141eae227c2ffaa4bb755082ff304863afd99dadfd2af04512,2026-09-26T06:37:11+00:00,2dd9c02879e52b54a2114023d24f50cc8b890d6d9fa7b8bd9e1393762dd05f5b,226876,153 daily files 20210101..20211231
locationid=10919/year=2026.zip,https://openaq-data-archive.s3.amazonaws.com/records/csv.gz/locationid=10919/year=2026/,members-sha256:fff318e4f427684691f5953dd92230cd7939fe444bdd4850e4894fa004598dec,2026-09-26T06:37:16+00:00,6eb87c50fcf5b1aa841404a1f8e4c4034071151b9fc747df04d9511e38bfc197,439843,81 daily files 20260101..20260331
locationid=10919/year=2022.zip,https://openaq-data-archive.s3.amazonaws.com/records/csv.gz/locationid=10919/year=2022/,members-sha256:7048456059ffe94bf5a97f766e07b746f7751752125b01358be3b3243f2f6aa8,2026-09-26T06:37:17+00:00,07224033fa045e74645f43d47648ec9a95b6a0827258782f8cc7ddf21c3776d1,100280,97 daily files 20220101..20221031
locationid=10913/year=2020.zip,https://openaq-data-archive.s3.amazonaws.com/records/csv.gz/locationid=10913/year=2020/,members-sha256:2db8da2ce0d39ea43ca57fe0a25b2a538f278ab9aa30b7eb7cd543f9ece52ed4,2026-09-26T06:37:18+00:00,a71410dd1c20936af15d510bee7d5814204ad8cccf4f0392ff5e8b9bc8d0c332,498307,341 daily files 20200101..20201231
locationid=10914/year=2025.zip,https://openaq-data-archive.s3.amazonaws.com/records/csv.gz/locationid=10914/year=2025/,members-sha256:30fa96ded35396bf53f7a509fc65617e70af945f57667ff5ce30a9c6858329d6,2026-09-26T06:37:18+00:00,b24ca30960635f4c210a073d7bc3ad702eee6a2c2b4618e681db703f654ef96b,1638832,308 daily files 20250219..20251231
locationid=10919/year=2019.zip,https://openaq-data-archive.s3.amazonaws.com/records/csv.gz/locationid=10919/year=2019/,members-sha256:aff76cf83cf68836032c9ae9ed29b28047eace8b72196c82a57cfc36c72440e4,2026-09-26T06:37:20+00:00,26935d0d0172b7fd9d0e852ea0635937b87a2b3b1573e6241c9cb5c6ebf6f385,378627,156 daily files 20190427..20191231
locationid=10920/year=2026.zip,https://openaq-data-archive.s3.amazonaws.com/records/csv.gz/locationid=10920/year=2026/,members-sha256:0eaa637a32d4202551bf9a830f79b01d08533f69e57ff6de9ab95b0cc96bb1d3,2026-09-26T06:37:22+00:00,c32cf7d2982d45818f0149e88b3abbbb4377503b0ea4ee8f3c4298bb055331d3,434628,81 daily files 20260101..20260331
locationid=10920/year=2022.zip,https://openaq-data-archive.s3.amazonaws.com/records/csv.gz/locationid=10920/year=2022/,members-sha256:62248c1506b5bb0531ccc13d72880360101d04563c632bbae0770111d6967840,2026-09-26T06:37:23+00:00,d0f6e51c46f0b2e9e52238faa8f00399f6d713592327286bc30eaa7b6c569c26,98696,83 daily files 20220101..20221016
locationid=10919/year=2021.zip,https://openaq-data-archive.s3.amazonaws.com/records/csv.gz/locationid=10919/year=2021/,members-sha256:12a10b88a9706094f569941e1bd8331d322ed4c817667fd7392b9d89778a8c3c,2026-09-26T06:37:25+00:00,281d07761947e4d4c8288e65b882e2a18b80bcb00be06d9df7466772def8de43,218711,167 daily files 20210101..20211231
locationid=10915/year=2025.zip,https://openaq-data-archive.s3.amazonaws.com/records/csv.gz/locationid=10915/year=2025/,members-sha256:4637b74e739754beec550b6ce07b4426462d8c5ce6b208f27bb77a971dfab913,2026-09-26T06:37:26+00:00,add40b42de351498ad5496de4ce788cef104a2b4fa0206a90874dce32e280804,1190373,298 daily files 20250219..20251231
locationid=10914/year=2020.zip,https://openaq-data-archive.s3.amazonaws.com/records/csv.gz/locationid=10914/year=2020/,members-sha256:ec0230d595ef3bfd286ec4829e8469aedc056c5533634280fe9da817709aa12b,2026-09-26T06:37:26+00:00,8d14ba23eecb349af3609c922479cc7861c253bac91bca7bd853baf97644d317,585813,350 daily files 20200101..20201231
locationid=10917/year=2025.zip,https://openaq-data-archive.s3.amazonaws.com/records/csv.gz/locationid=10917/year=2025/,members-sha256:b166fe081d237e3547b8fd5581bc842517921d93ebfa31dbec150dbb43728db3,2026-09-26T06:37:28+00:00,6ccb9ae9e4e0320f30c654b5fa9068d4546acc5cdc8ad71363982db5f0f5ef5f,753310,241 daily files 20250219..20251231
locationid=10916/year=2020.zip,https://openaq-data-archive.s3.amazonaws.com/records/csv.gz/locationid=10916/year=2020/,members-sha256:23768a7ef8dd87e075c065cfc79067545d1b231be0ecd6d715855b7849d5e152,2026-09-26T06:37:32+00:00,4c035283a8fffa5276d86da927472e040cde8bb8373744498abc8a840255ddc6,340437,290 daily files 20200205..20201231
locationid=11577/year=2020.zip,https://openaq-data-archive.s3.amazonaws.com/records/csv.gz/locationid=11577/year=2020/,members-sha256:64182a548338e8a80fd1034ba2c09d9635942a310b459f0bd8a5e51fc82825e2,2026-09-26T06:37:38+00:00,4019f8a81d8149a6ebc641d8e8df31026ef0537075ff66a2d3a3357166ebcff9,59201,48 daily files 20201108..20201231
locationid=10921/year=2022.zip,https://openaq-data-archive.s3.amazonaws.com/records/csv.gz/locationid=10921/year=2022/,members-sha256:93effdb1c6090bdabc6ba164add493109340a65918c9b90f1b89817e7ebc293f,2026-09-26T06:37:43+00:00,3957f2171b490d2e99602456e611aad3237629bbe11844958060e3a01b1228a0,59017,94 daily files 20220101..20221014
locationid=10920/year=2025.zip,https://openaq-data-archive.s3.amazonaws.com/records/csv.gz/locationid=10920/year=2025/,members-sha256:1ede9ddfa4dfbb97dc2f6bd6c2576d070b4d055f2166b72ebfec5285d6a1f977,2026-09-26T06:37:43+00:00,f423a35ebd111f2ac2829b84388dbe12bd180c309bcd725661327ac1b83f31f9,676428,138 daily files 20250219..20251231
locationid=11578/year=2020.zip,https://openaq-data-archive.s3.amazonaws.com/records/csv.gz/locationid=11578/year=2020/,members-sha256:18e7edd711d140ded917553c1f11798156eff99b616d3105a21c0efdfe32516d,2026-09-26T06:37:44+00:00,d413fa318f9eaf372ef398828ab7410a767befff9e25e6076a2ead5df355658d,56579,47 daily files 20201108..20201231
locationid=10920/year=2021.zip,https://openaq-data-archive.s3.amazonaws.com/records/csv.gz/locationid=10920/year=2021/,members-sha256:e2bb52dae1f37f323576b30c925c3ff331deacf79f5db2f7d914d62be8367586,2026-09-26T06:37:45+00:00,606f7cbd0d7d228d91704cf40c97cf4abb2afe4db17475390611a0cce63a4e19,217260,156 daily files 20210101..20211231
locationid=10917/year=2020.zip,https://openaq-data-archive.s3.amazonaws.com/records/csv.gz/locationid=10917/year=2020/,members-sha256:73f2ee5dc33aa02f19d9af757f13828459761670631bd1b98baf2c053f8a6bc3,2026-09-26T06:37:48+00:00,043cb37d1c280f6e1cf4a286f0d205e00ba49ddc077a7cbda298147ae36fdcf9,447042,330 daily files 20200101..20201231
locationid=10921/year=2026.zip,https://openaq-data-archive.s3.amazonaws.com/records/csv.gz/locationid=10921/year=2026/,members-sha256:0cc8e1c6384f7ebeffa4660a41d57c59d47ff4705f54ab34354d72b8e2d81273,2026-09-26T06:37:48+00:00,9dc98d7b9996a7f4d248c38f11a2e7beb8f4a21fa15b35e651baf2b88522d521,338597,81 daily files 20260101..20260331
locationid=11577/year=2026.zip,https://openaq-data-archive.s3.amazonaws.com/records/csv.gz/locationid=11577/year=2026/,members-sha256:fd4a6dffcb77034d382c1847df2516eeecc6e29ec5d2c5c4a0193ac689de9f68,2026-09-26T06:37:51+00:00,9150f44444c07843b2e534df8cdd02332d14435ffbe27ce81e9268f114593fe1,457388,74 daily files 20260101..20260331
locationid=11577/year=2022.zip,https://openaq-data-archive.s3.amazonaws.com/records/csv.gz/locationid=11577/year=2022/,members-sha256:dc7da3a17fea6812ef315f9dcfce83101748e1e5d82ddec7bf1a5f0121102f7b,2026-09-26T06:37:53+00:00,0f2da9f112abea6b2638156cbf1a9bfc4a2db4febf2340664aeabb2342197dbe,100928,89 daily files 20220101..20221016
locationid=10918/year=2025.zip,https://openaq-data-archive.s3.amazonaws.com/records/csv.gz/locationid=10918/year=2025/,members-sha256:f07da78b0d0a39d1b863d0d89812bfbe6530042f9d44c43ddc1440af76aa45f9,2026-09-26T06:37:57+00:00,8068b0f04a24a5a3be6b637e26ae30fb9377b72f433f915d8fffeae2e2a36c3d,1402539,257 daily files 20250219..20251231
locationid=10921/year=2019.zip,https://openaq-data-archive.s3.amazonaws.com/records/csv.gz/locationid=10921/year=2019/,members-sha256:30ab4a5b74edbd45e1f4b7fc17b2bf43c2877587366390365a771148234946c7,2026-09-26T06:38:02+00:00,87b490b19198230de3c63c80085d6d814351403a3c89c544eba46fcb8297ac2c,193929,157 daily files 20190103..20191231
locationid=11579/year=2020.zip,https://openaq-data-archive.s3.amazonaws.com/records/csv.gz/locationid=11579/year=2020/,members-sha256:f5726ea129b27ebf2277bddf3577b370de2565816f862d3f6351f416cafbf980,2026-09-26T06:38:03+00:00,b6e88edcb88be8f2373bc151a65625a99047be387a57895c82d63b33a958659d,49701,43 daily files 20201108..20201231
locationid=11578/year=2026.zip,https://openaq-data-archive.s3.amazonaws.com/records/csv.gz/locationid=11578/year=2026/,members-sha256:f33c3f2ea1235e15383ae2362388ed2140a2033afa032d1588cfc2bb9e750d9b,2026-09-26T06:38:05+00:00,ae59405996805d98344874c681721474c72a5d3c1882bebdc209149643a5df53,515971,81 daily files 20260101..20260331
locationid=10920/year=2020.zip,https://openaq-data-archive.s3.amazonaws.com/records/csv.gz/locationid=10920/year=2020/,members-sha256:0f7663caa3df6c3dbae83f059754a9aa204dd8e00bfc4743da922b8ccfd98045,2026-09-26T06:38:07+00:00,3822b170c1fdecab7f7fca6c0ea86431d5b7315025f896c390ddb455bf22976e,251455,211 daily files 20200311..20201231
locationid=11580/year=2020.zip,https://openaq-data-archive.s3.amazonaws.com/records/csv.gz/locationid=11580/year=2020/,members-sha256:fc8d26162b0b4378035bf0e9c127cda6de321c6f1a30914f211e12cad73e542c,2026-09-26T06:38:11+00:00,badb614b955a7a27fc0244fcb8ccf561ccc5c5002411d8a2b950b58df081c71d,48603,46 daily files 20201108..20201230
locationid=10921/year=2021.zip,https://openaq-data-archive.s3.amazonaws.com/records/csv.gz/locationid=10921/year=2021/,members-sha256:7d4cb08037ad39e2c2900165ff130e025250a9c61f34cbde0a59594a2af95dd8,2026-09-26T06:38:13+00:00,39236edf599830461b7d9874ee17da868a62ad187e91c9e66a1726e9b8b63f5c,184121,170 daily files 20210101..20211230
locationid=11578/year=2022.zip,https://openaq-data-archive.s3.amazonaws.com/records/csv.gz/locationid=11578/year=2022/,members-sha256:a3dec1a094ec0ec2eb6d67c16c2e65d243b05fb03c4bb494bb1c1bbdc1a80d87,2026-09-26T06:38:14+00:00,f488e57a57716d049b02e2f7d6498a6a6d11c1351f118a707d58aab79c80b5fc,129997,118 daily files 20220101..20221016
locationid=11581/year=2020.zip,https://openaq-data-archive.s3.amazonaws.com/records/csv.gz/locationid=11581/year=2020/,members-sha256:eeb22e7a1299acdea657da6eba888c4cba7838c5ff256ef6d3b6f21a9caed9e1,2026-09-26T06:38:19+00:00,f8df472d15817d88a70097669a6bc0733ec1f374d6e7805bb85d525960092c19,30426,38 daily files 20201111..20201231
locationid=11579/year=2026.zip,https://openaq-data-archive.s3.amazonaws.com/records/csv.gz/locationid=11579/year=2026/,members-sha256:fb05d68e95b13d8de8ec5d222b384f2776629b368234b77cc92a7146ce9e92e5,2026-09-26T06:38:20+00:00,95cdbd32bf18e24de29c398da8b73ac88e75387d3e5bcd4aaeca838ae4a91a41,544782,81 daily files 20260101..20260331
locationid=11577/year=2021.zip,https://openaq-data-archive.s3.amazonaws.com/records/csv.gz/locationid=11577/year=2021/,members-sha256:157fd8f803a1cf0800106dac7012569fc3d6da841adfff25b72db84a6c4ccf15,2026-09-26T06:38:20+00:00,f51481e9bdd09c33f81069d052f9f8ab22b2c74591c43a394cddb05a19bf32f7,225619,158 daily files 20210101..20211230
locationid=10919/year=2020.zip,https://openaq-data-archive.s3.amazonaws.com/records/csv.gz/locationid=10919/year=2020/,members-sha256:87c08d943c08f1ebff4765772d764ee32d28d650c2b70c7ec38d48f467413bdd,2026-09-26T06:38:22+00:00,191d06aa5a0bb886314cf70c9d592775550ecefa6026209447718a521158ff11,481226,319 daily files 20200101..20201231
locationid=11579/year=2022.zip,https://openaq-data-archive.s3.amazonaws.com/records/csv.gz/locationid=11579/year=2022/,members-sha256:eb07587aa39b8191657f63c84effdacde4ceeafff9def09940fde2464578b22a,2026-09-26T06:38:23+00:00,450cc70240815287a98dba91cf36cc33ff63e259978620f7d2d763bb99f5bd3f,100256,99 daily files 20220101..20221016
locationid=10918/year=2020.zip,https://openaq-data-archive.s3.amazonaws.com/records/csv.gz/locationid=10918/year=2020/,members-sha256:3a2a5fa7000009a2643f7685ca3208ac24b3d281eabe15680aef5baf62d96c52,2026-09-26T06:38:25+00:00,95172ce3600531519e5cf601b57315e2f06496fad4f9d72d2ec7c170491404cc,527581,339 daily files 20200102..20201231
locationid=11580/year=2022.zip,https://openaq-data-archive.s3.amazonaws.com/records/csv.gz/locationid=11580/year=2022/,members-sha256:afb74c0a9cd72f2370e1ceac7dbdf574fe7bbfdaf7326eb912a3879b9f714fbf,2026-09-26T06:38:29+00:00,c7958701cb05dbaccdacf13cfc4cdda3437a538f176403ff4c6676d893c7873a,92936,91 daily files 20220101..20221016
locationid=11580/year=2026.zip,https://openaq-data-archive.s3.amazonaws.com/records/csv.gz/locationid=11580/year=2026/,members-sha256:93ea3c2713b085ea0655a13345cb2f737ec5a42fd281b127c3bac4c3736b1ccf,2026-09-26T06:38:34+00:00,6c8b0a76c89fbb219c4229d1dd9e1e1216c6aa2f8dc43f5f6e5b79a88e87f70e,468061,81 daily files 20260101..20260331
locationid=11581/year=2022.zip,https://openaq-data-archive.s3.amazonaws.com/records/csv.gz/locationid=11581/year=2022/,members-sha256:e273f34a29a090f227314a53248a09dbb3b2a95a97cf1e7ab1084ce70c381c4d,2026-09-26T06:38:38+00:00,cf032042f8a19e0ef493db1710cf334782f84aec8ef487df43e8e6e41e29e539,78933,90 daily files 20220101..20221016
locationid=11582/year=2020.zip,https://openaq-data-archive.s3.amazonaws.com/records/csv.gz/locationid=11582/year=2020/,members-sha256:9c4c33f94c334cefb29beb500b7d0bce3fd3b93d48e969687c8a73124f13f8c9,2026-09-26T06:38:39+00:00,ae60b0da516f96e00e721ee8483f6286e7812888f05b422c66641da184a23edc,61890,51 daily files 20201108..20201231
locationid=10919/year=2025.zip,https://openaq-data-archive.s3.amazonaws.com/records/csv.gz/locationid=10919/year=2025/,members-sha256:3d9458625ef93908cdb6f5c4be39c0ebcbc2c862746e3c716df74d7e463a49b3,2026-09-26T06:38:43+00:00,6d8952807f46cc29a1bcd8f741c7a40918bae1c664f8ded97cb5128064d1b9da,1465971,315 daily files 20250219..20251231
locationid=11581/year=2026.zip,https://openaq-data-archive.s3.amazonaws.com/records/csv.gz/locationid=11581/year=2026/,members-sha256:cad8e6dbf11d2cb7ae94d6a5bc1fec3de12994d576c1e32919996a0959f41548,2026-09-26T06:38:45+00:00,2e18b20cf5ccdaf76d7560c18dde454ccd4452273de4e50cad3fff7c99b942a8,439516,81 daily files 20260101..20260331
locationid=11583/year=2020.zip,https://openaq-data-archive.s3.amazonaws.com/records/csv.gz/locationid=11583/year=2020/,members-sha256:be03f83d6a5ccad309f9f6f4e76c445d0be42cb7d95153677d007a4db6daf561,2026-09-26T06:38:45+00:00,99a3afb642b4dd5e02e8aef7173afe746f7d2c8ade287c51ab34e09fe852be5a,66418,50 daily files 20201108..20201229
locationid=11580/year=2021.zip,https://openaq-data-archive.s3.amazonaws.com/records/csv.gz/locationid=11580/year=2021/,members-sha256:a6f5063037f5f1edc69da465924aac96085d678fe77189c49cd84bc72bb10440,2026-09-26T06:38:52+00:00,f9e88e61f4a70b30c1f095bcac33eae49a298a6bc65c0893bb770cc9973c9357,177720,165 daily files 20210101..20211231
locationid=11602/year=2020.zip,https://openaq-data-archive.s3.amazonaws.com/records/csv.gz/locationid=11602/year=2020/,members-sha256:bf5c7210d0b1857f9400dd488061e2daedeefae8f1a7bb92235b1c2164e3e753,2026-09-26T06:38:53+00:00,b3b15945b8b393e509a2d961585c5887407030059d5392a03b31bca6c8a84846,56171,46 daily files 20201113..20201231
locationid=11582/year=2026.zip,https://openaq-data-archive.s3.amazonaws.com/records/csv.gz/locationid=11582/year=2026/,members-sha256:bff34cab1b2f05d42729373de910639c0b15ea877039806216542250a07cb6d8,2026-09-26T06:38:54+00:00,728afab9df85d289ca7b9c73d53f3a2168d148757404bce6ff0e536afaba4898,302322,81 daily files 20260101..20260331
locationid=11583/year=2022.zip,https://openaq-data-archive.s3.amazonaws.com/records/csv.gz/locationid=11583/year=2022/,members-sha256:cd81e66284dd42634bfd10a30ec2904bce1931beca5008e10fa807447177e90c,2026-09-26T06:38:57+00:00,bc1454e815f9473f8d49a0970d506bfd442f349981f1a809f950fdb541fb8a35,105602,88 daily files 20220101..20221016
locationid=11578/year=2021.zip,https://openaq-data-archive.s3.amazonaws.com/records/csv.gz/locationid=11578/year=2021/,members-sha256:babed019286002a7e1eb875cd0d8e4872c0558654e62612193c16ee3a06832f2,2026-09-26T06:38:58+00:00,fe240ca8780b75089c713a6547bd0db5a7c108039e2f14ccd859e6480a9996ff,251815,246 daily files 20210101..20211231
locationid=11582/year=2022.zip,https://openaq-data-archive.s3.amazonaws.com/records/csv.gz/locationid=11582/year=2022/,members-sha256:4720046c59b6fa2c1639192bb073784175b4fd4e232c8641cbefab36640b4546,2026-09-26T06:38:58+00:00,011c59f9dd1961caf4aac72163a0d810880829b4a1ec2e76b7a7bc002396dfe4,114460,108 daily files 20220101..20221016
locationid=11603/year=2020.zip,https://openaq-data-archive.s3.amazonaws.com/records/csv.gz/locationid=11603/year=2020/,members-sha256:0ebdeda9b137e23a9c2d4713309cb976cd48fbc09f8a5e2683d70d2933d3a198,2026-09-26T06:39:01+00:00,e57fbdc0269e3e51bb46bcdd269403a72b67a73d1a161ced8e601a59f0417f5f,62740,47 daily files 20201113..20201231
locationid=11581/year=2021.zip,https://openaq-data-archive.s3.amazonaws.com/records/csv.gz/locationid=11581/year=2021/,members-sha256:f11877ad47d84783a3d29be22bf2e9b0a9befd26e12f949e6e531859050f8a8b,2026-09-26T06:39:05+00:00,23f7eed4284cde7175a0cba4f9c911fc26886fbed82e43fcd2bd5b0e7e775c91,150401,162 daily files 20210101..20211231
locationid=11603/year=2022.zip,https://openaq-data-archive.s3.amazonaws.com/records/csv.gz/locationid=11603/year=2022/,members-sha256:533b20c8bafc3f5c5ded0f08bb12c15479360057c652381d0d7686f654f4a685,2026-09-26T06:39:08+00:00,2ba640eb9eb1c39f911f3959bdb8216af267eb47cb087ea2046cb919ea144898,73445,62 daily files 20220101..20220606
locationid=10921/year=2025.zip,https://openaq-data-archive.s3.amazonaws.com/records/csv.gz/locationid=10921/year=2025/,members-sha256:bb7edecca96f94abe385f5a8317736db1ecef331caf10cc1720c61137110d637,2026-09-26T06:39:08+00:00,8f14a2227db1e63d302b04cbab6407ed123ec6f6f913f1c4d5672f15ea85298d,1399074,305 daily files 20250219..20251231
locationid=10921/year=2020.zip,https://openaq-data-archive.s3.amazonaws.com/records/csv.gz/locationid=10921/year=2020/,members-sha256:f6cff7e6817a4417998ff2754ad29c60e37a9f990da0d812f634f6be48b4375d,2026-09-26T06:39:09+00:00,6341f166f2c1fd7a5a04c774ceaf8df3da74413ba408cf10abcdf3af29260f0f,329089,333 daily files 20200101..20201231
locationid=11578/year=2025.zip,https://openaq-data-archive.s3.amazonaws.com/records/csv.gz/locationid=11578/year=2025/,members-sha256:962a5d3fc0da2e2982ce32510d0adfa42b5c56bf8e6fb840aada22db9c5050e7,2026-09-26T06:39:13+00:00,02fb591417dd4f393bbd5e95e02cd07dd6b9208610d24075d9e879c04e3c05d8,1224745,276 daily files 20250219..20251231
locationid=11604/year=2020.zip,https://openaq-data-archive.s3.amazonaws.com/records/csv.gz/locationid=11604/year=2020/,members-sha256:0284c00136bf780a801368af8e7e67c8f3d8382a6b2441d83b0c737f1fdae33f,2026-09-26T06:39:14+00:00,656a11b9d13762866b16b36af5fad0b94ba06c1996ac97755eea323fd1078a5e,63326,46 daily files 20201113..20201231
locationid=11602/year=2022.zip,https://openaq-data-archive.s3.amazonaws.com/records/csv.gz/locationid=11602/year=2022/,members-sha256:1cf30958d7e1444ee3c6c5309623bece6f2625265e09d2848c7fc0e408c2adf9,2026-09-26T06:39:15+00:00,5b6f104eca05a060470930410e0b35e84f66c1e6074e115b28c538939cedd4ee,117897,104 daily files 20220102..20221016
locationid=11606/year=2020.zip,https://openaq-data-archive.s3.amazonaws.com/records/csv.gz/locationid=11606/year=2020/,members-sha256:849ac0b774f905346e93f42289969494944b3e8eb7796f3763684babea631bf1,2026-09-26T06:39:21+00:00,4179c016a17e609e5aa49c027c4acf895dc945f973082635874b80fa863c055b,55991,47 daily files 20201113..20201231
locationid=11579/year=2021.zip,https://openaq-data-archive.s3.amazonaws.com/records/csv.gz/locationid=11579/year=2021/,members-sha256:b8ed16f272d7e304c1cf8fa8be364115c77d2f407db78b02ed71326e58f40725,2026-09-26T06:39:21+00:00,c3d7482e026973c83675bbbbf49c93fe069f0b156da8225511fa58ae6c17004b,266115,252 daily files 20210101..20211231
locationid=11577/year=2025.zip,https://openaq-data-archive.s3.amazonaws.com/records/csv.gz/locationid=11577/year=2025/,members-sha256:bc6302ef830c00eecae135058c3cbf0a0fbe4e12933e1b478e3a750a6d30bf42,2026-09-26T06:39:21+00:00,fb591d6c7fb131bd5f4b04d1beda1fdf2657bf6da69c9024f398418df771af5c,1652745,303 daily files 20250219..20251231
locationid=11603/year=2026.zip,https://openaq-data-archive.s3.amazonaws.com/records/csv.gz/locationid=11603/year=2026/,members-sha256:7523570940316c00998f6be20dc15b7050137642aebe03590eaeb04fcefff2a1,2026-09-26T06:39:23+00:00,c5545a1cd5b412d3265435f5926d96ed2ca87a217328a9eed38f9c212572a46d,186986,81 daily files 20260101..20260331
locationid=11583/year=2021.zip,https://openaq-data-archive.s3.amazonaws.com/records/csv.gz/locationid=11583/year=2021/,members-sha256:99d31169002e09877df7497d7b881ce3db2ddade11da38a04b885025ba1c3d6f,2026-09-26T06:39:27+00:00,2545b1639afba3f8985f8ed3b351d9ad996ec4e859bb1fda9492202b131e0def,225780,165 daily files 20210101..20211231
locationid=11604/year=2022.zip,https://openaq-data-archive.s3.amazonaws.com/records/csv.gz/locationid=11604/year=2022/,members-sha256:b4fb3f2b11c0f8740c0a65a14cebd729034f32c01fa3bcf2e028152a18db302a,2026-09-26T06:39:29+00:00,89387045d700f0b88ddfd086f5a3e539720b7776ea751bd93527825fd72c0242,88854,78 daily files 20220101..20221016
locationid=11607/year=2020.zip,https://openaq-data-archive.s3.amazonaws.com/records/csv.gz/locationid=11607/year=2020/,members-sha256:230ff083d091160a806b427f75ab849cbfaa3659f796add22e0fca038ac97728,2026-09-26T06:39:30+00:00,6dbfc67c9c5a00395b65e5f8231398beb708fa2730052366e22923c3ee1355cb,59857,47 daily files 20201113..20201231
locationid=11606/year=2022.zip,https://openaq-data-archive.s3.amazonaws.com/records/csv.gz/locationid=11606/year=2022/,members-sha256:e5ed073cd33a13a4757527922edf1797f1e3f21ceaf60cd42a9d3ff038f37a24,2026-09-26T06:39:32+00:00,deabebf53f41b5e6bc4906b4b4d66cc48f0e208ff43b9f94cb9a4d3231b2fd03,72324,76 daily files 20220101..20220606
locationid=11581/year=2025.zip,https://openaq-data-archive.s3.amazonaws.com/records/csv.gz/locationid=11581/year=2025/,members-sha256:1805700bc779f1e84b00bdc0624d0d6e0ec09da5cea3579ef8f5c764cbc006bf,2026-09-26T06:39:36+00:00,44de8fac758907ae76d52cd1df9a3ffe35fd68197bdf68949cc5a0d9b749137e,988952,226 daily files 20250219..20251231
locationid=11608/year=2020.zip,https://openaq-data-archive.s3.amazonaws.com/records/csv.gz/locationid=11608/year=2020/,members-sha256:833c92ed0c5d38ad316e6a5509a315adf54002ed2df37ed2e73344aea0092245,2026-09-26T06:39:36+00:00,4f1f7d0c094d7070f70219f8f771f21ff76003306aff88ce0748840f07065c4d,38239,36 daily files 20201113..20201231
locationid=11579/year=2025.zip,https://openaq-data-archive.s3.amazonaws.com/records/csv.gz/locationid=11579/year=2025/,members-sha256:eb465f8f533daa49740f64743f265fc3ed9b033a832f3b44420d9d62cff23446,2026-09-26T06:39:38+00:00,3d7d0b6f4bac9270e1405c75301db1b53ba4032d122895fe03432b398d3184ea,1378103,295 daily files 20250219..20251231
locationid=11607/year=2022.zip,https://openaq-data-archive.s3.amazonaws.com/records/csv.gz/locationid=11607/year=2022/,members-sha256:fe87af86f357d83d5676296f8f009c1b583fb705bd73dc56473bde0f5bb0e322,2026-09-26T06:39:39+00:00,12ec0db7c27c8d5de93c4766368f5fddd4bb50f368ac8b2bfd6be4443cc3ee4b,68890,64 daily files 20220101..20220606
locationid=11606/year=2026.zip,https://openaq-data-archive.s3.amazonaws.com/records/csv.gz/locationid=11606/year=2026/,members-sha256:3e18e83e69841c33189c02ceb8860650ae5406427e78ec006c0db394fb6cf15a,2026-09-26T06:39:41+00:00,f7e163bc4f095810fb3403e88a173d31f87b1ddfcfdc4dc84f94e65c57c1385c,298996,81 daily files 20260101..20260331
locationid=11609/year=2020.zip,https://openaq-data-archive.s3.amazonaws.com/records/csv.gz/locationid=11609/year=2020/,members-sha256:ce34b83b621f0f071039311e28569e32cd2ad147191177baf36f30f59a9dd345,2026-09-26T06:39:44+00:00,2a1cafcf7a6bd7d89d86f257cae6648c46bcb26eb2af29f7e16f3b059b02c80f,56413,46 daily files 20201113..20201231
locationid=11582/year=2021.zip,https://openaq-data-archive.s3.amazonaws.com/records/csv.gz/locationid=11582/year=2021/,members-sha256:db59067619438f079b14af55e313e6554c17682bb8aff97e46e6730f79a30a01,2026-09-26T06:39:45+00:00,05fb81771a321487b49cc5f0c9d4ce3d8a1d1006bdb08c78dd1176b0c23a2c60,251242,241 daily files 20210101..20211231
locationid=11608/year=2022.zip,https://openaq-data-archive.s3.amazonaws.com/records/csv.gz/locationid=11608/year=2022/,members-sha256:a526772194c1c6a05cd0b500a6e19df3d4e64ec4f332ea464cbd91e7b6527bcd,2026-09-26T06:39:45+00:00,5f53929d69b94becea05e1dc752e01fd61b81e8d647af8a0eba47c72e3fd8412,64205,65 daily files 20220101..20220606
locationid=11603/year=2021.zip,https://openaq-data-archive.s3.amazonaws.com/records/csv.gz/locationid=11603/year=2021/,members-sha256:25a1c7e8707020a649b8577e2c9c2941fc06b4ba6163f3d7cb4a4b1f96c69807,2026-09-26T06:39:46+00:00,3bcbb2ff35da141406ac6dc22642e01145bea7013c7b0db202a56f8a393575c1,219714,162 daily files 20210101..20211231
locationid=11610/year=2020.zip,https://openaq-data-archive.s3.amazonaws.com/records/csv.gz/locationid=11610/year=2020/,members-sha256:087e2d9b4368e5502abd1f269753d5128ca0d2a4e9ff04c438d10c930a877e41,2026-09-26T06:39:51+00:00,61d4fc5390dd8e3216572f04c22493a11d4312296d6b7446d3f612139d9065c6,43537,44 daily files 20201113..20201231
locationid=11580/year=2025.zip,https://openaq-data-archive.s3.amazonaws.com/records/csv.gz/locationid=11580/year=2025/,members-sha256:c3f53b9273ce677a3f5c956fa0ea1390d87972d91e850b35621115cf8d520b99,2026-09-26T06:39:54+00:00,65cd436903f3b3aea89b7e3e9ab579099f991fc44bb1c203de335b053b79e337,1301605,308 daily files 20250219..20251231
locationid=11610/year=2022.zip,https://openaq-data-archive.s3.amazonaws.com/records/csv.gz/locationid=11610/year=2022/,members-sha256:8be60b175c0051972c1b8ae90713a489067432a957808295eb8d891d6d3bc295,2026-09-26T06:39:56+00:00,31491d48d457163e8c42e3ddee76547805ea127e83c101ac2af736374ae406fa,55963,56 daily files 20220120..20220606
locationid=11604/year=2021.zip,https://openaq-data-archive.s3.amazonaws.com/records/csv.gz/locationid=11604/year=2021/,members-sha256:5e5a39b3ee9dac0c14c17e9de66ee3a34aee6cb05d60e2c7abb5eaf3885ee897,2026-09-26T06:39:57+00:00,46decd708b57168ff3622f9d65e9d994ac9e4659927375d03182eaaa9cc5b4c9,244418,162 daily files 20210101..20211231
locationid=11609/year=2026.zip,https://openaq-data-archive.s3.amazonaws.com/records/csv.gz/locationid=11609/year=2026/,members-sha256:26a8363c3d8271bf8f25c1f8e4f67dcae760bfc79fe6e9b51cfe8d230eb8b379,2026-09-26T06:39:59+00:00,a6a8525a37b3235ba0ddfca6e03a3e5b1050cdf0775c2f3ed930a7c3ef8e0e60,396387,81 daily files 20260101..20260331
locationid=11611/year=2020.zip,https://openaq-data-archive.s3.amazonaws.com/records/csv.gz/locationid=11611/year=2020/,members-sha256:129ed028cd748d272302588e38a094a4a4dd7a2db9b06ae8ce27e2ee3ec75905,2026-09-26T06:39:59+00:00,dc8b95ee1615778f335bd9d8f5e2a538919fb39f2648d7d189fc07e1748824d2,63206,47 daily files 20201113..20201231
locationid=11609/year=2022.zip,https://openaq-data-archive.s3.amazonaws.com/records/csv.gz/locationid=11609/year=2022/,members-sha256:50e327948c973abd76d244a8010ebeef032f583de3534694fbeeb05e4a8e3d29,2026-09-26T06:40:06+00:00,15af221317c9a275370808db3ffc69f5a1d8c1b133054984b2916b47238bbbed,102170,101 daily files 20220101..20221016
locationid=11602/year=2021.zip,https://openaq-data-archive.s3.amazonaws.com/records/csv.gz/locationid=11602/year=2021/,members-sha256:08bc6591a1b916235ce5ab716438f18a532b439cadaa73c7e43c160587d5360b,2026-09-26T06:40:07+00:00,2af095c714fe2a1f074716a045e4903f89352a71e73e37ee94eeebbccb670b12,278016,251 daily files 20210101..20211230
locationid=11610/year=2026.zip,https://openaq-data-archive.s3.amazonaws.com/records/csv.gz/locationid=11610/year=2026/,members-sha256:0c96eae7338cedf91208d7503c0488d1fef418e8cdd93244302ab96909c385f8,2026-09-26T06:40:08+00:00,d83894112ec71d3e1c7c29e5b4bf454ec371261d6893a9ea753c767210ab5cfd,359350,76 daily files 20260101..20260331
locationid=11610/year=2021.zip,https://openaq-data-archive.s3.amazonaws.com/records/csv.gz/locationid=11610/year=2021/,members-sha256:d89ece57a8b00473c5f673831f8d66673f54ac9420edeae8068b09c2e7d70840,2026-09-26T06:40:09+00:00,aac9f472567b02c255bf818e357f357ae98415b5aaeca1eb05dbfdf005b5e58e,86943,92 daily files 20210101..20211019
locationid=11582/year=2025.zip,https://openaq-data-archive.s3.amazonaws.com/records/csv.gz/locationid=11582/year=2025/,members-sha256:95bb932e1d40fcf506fba0c01b53bd825f7a4a1a87141c4d0e044a617d5e6b8c,2026-09-26T06:40:10+00:00,a698909cd16322b2e94ac681e92f0b61e88fbe1fa23e94566d93b94ddef60e0a,1065111,310 daily files 20250219..20251231
locationid=11607/year=2021.zip,https://openaq-data-archive.s3.amazonaws.com/records/csv.gz/locationid=11607/year=2021/,members-sha256:655db554dc065f575e6b7e2f286eb9f8751c29d8531bbc9d7ba7643934ff1e22,2026-09-26T06:40:12+00:00,b03fce717190f65d6166bb515d46279f4b3497d99d73bcf0dd76cb9e682cf32f,208916,163 daily files 20210101..20211231
locationid=11612/year=2020.zip,https://openaq-data-archive.s3.amazonaws.com/records/csv.gz/locationid=11612/year=2020/,members-sha256:e8b2356fa47741a8aa60d3a3a0109212b6e85000d16c282f053d572c6f3f0b8a,2026-09-26T06:40:16+00:00,672b6ff0085aaf62a03576941746682f54872f439083697a82fb173c2046be79,61581,47 daily files 20201113..20201231
locationid=11611/year=2026.zip,https://openaq-data-archive.s3.amazonaws.com/records/csv.gz/locationid=11611/year=2026/,members-sha256:4bc9f2f1398306339d5c38e97174158684c89bfa88c814d822880cd1727868bf,2026-09-26T06:40:20+00:00,1ecdfd8ba5e2f2f71e40a3afc194eae031723b9ffa190a78aa017fde088aca23,353753,81 daily files 20260101..20260331
locationid=11613/year=2020.zip,https://openaq-data-archive.s3.amazonaws.com/records/csv.gz/locationid=11613/year=2020/,members-sha256:f7f14c6cc510261f5712b5c7085343a78b8eaf338fead37d1eb21e7cbd4867ae,2026-09-26T06:40:20+00:00,2fe257bb92393e2dc1eb59804296101533bcb3d869a767830b5832945d0df279,44652,40 daily files 20201113..20201230
locationid=12024/year=2020.zip,https://openaq-data-archive.s3.amazonaws.com/records/csv.gz/locationid=12024/year=2020/,members-sha256:cded55d6c8b8592368bcfaf9fcc1fd091e31c3c2385ca9cfd5d71ed273590817,2026-09-26T06:40:22+00:00,104010c205fe02be73f5b16cd9133a687e44b14b55fc7ca290779d5e934cbbeb,32570,22 daily files 20201208..20201231
locationid=12039/year=2020.zip,https://openaq-data-archive.s3.amazonaws.com/records/csv.gz/locationid=12039/year=2020/,members-sha256:ded2d7a2d2d2fcb1891f2e9cb938f7f0649604973f86d98979db04124ac0da5e,2026-09-26T06:40:27+00:00,329e7c662c8239b8384de3f320d272076a8c5e9f1eec099f0603447bceb7bc4a,13313,13 daily files 20201216..20201231
locationid=11611/year=2022.zip,https://openaq-data-archive.s3.amazonaws.com/records/csv.gz/locationid=11611/year=2022/,members-sha256:97a2150e3eee747dd735bfdf42e8ec5342762eb27bbcaa2b5befd2360b0cfb85,2026-09-26T06:40:28+00:00,3a2568d896dec946a622d41a9fca7290407ba711ef86856bb1b76dbb65331375,128060,111 daily files 20220101..20221016
locationid=12039/year=2022.zip,https://openaq-data-archive.s3.amazonaws.com/records/csv.gz/locationid=12039/year=2022/,members-sha256:eca01d0b437cfbcfead2e5a8d90aa21fa916465015a290839a074f9ba8f84751,2026-09-26T06:40:31+00:00,af95d8717a680381d456c2ed6ef78154cecd154fe9da97c14827ed82977e8191,13923,22 daily files 20220101..20220605
locationid=11612/year=2022.zip,https://openaq-data-archive.s3.amazonaws.com/records/csv.gz/locationid=11612/year=2022/,members-sha256:c6f8f55b79d4209bd0095314ea2827074023f05829952e1bcc301d58fc31f4e1,2026-09-26T06:40:34+00:00,690ab07cc67812d1cbbb21e3a3aefded5645eed52a18f4108310352123250940,115796,91 daily files 20220105..20221016
locationid=11613/year=2022.zip,https://openaq-data-archive.s3.amazonaws.com/records/csv.gz/locationid=11613/year=2022/,members-sha256:f3cb38a591f53310cd380e7cc983f414c48d53def84b4bc1d7e0af02fab31e41,2026-09-26T06:40:34+00:00,444808f49d30d5be1f7e682b1304e14e249bdffd79c703eeab11b1c58d6736c4,95990,79 daily files 20220101..20220606
locationid=11613/year=2026.zip,https://openaq-data-archive.s3.amazonaws.com/records/csv.gz/locationid=11613/year=2026/,members-sha256:0423cf1fbddd19489cbc9c868110c731e0fcf72089bd638d33f3410228d68a53,2026-09-26T06:40:40+00:00,dbd2dd92706c1c7a1a648ccc0e7a91c481ca57e32be95e6f5c61da9b9e821574,513512,81 daily files 20260101..20260331
locationid=11606/year=2021.zip,https://openaq-data-archive.s3.amazonaws.com/records/csv.gz/locationid=11606/year=2021/,members-sha256:b3546f6d273c696d161ba28e420546952c5e3750a37a79cc389562195ee9ab2f,2026-09-26T06:40:40+00:00,16485e1215201d0dcdacdad4e7ec37678bab0d91e8b022ccda5ec8b985bbb3d1,267360,253 daily files 20210101..20211231
locationid=12040/year=2020.zip,https://openaq-data-archive.s3.amazonaws.com/records/csv.gz/locationid=12040/year=2020/,members-sha256:51ea78d5760ec5c708e7c0db2607c7ce9b8137d0beb8619504c1f26ddf781e39,2026-09-26T06:40:40+00:00,febdbcc462bf3132cdcfb1dc91b64234395fe709a02ad0ed581003ecfb9a672f,20698,15 daily files 20201216..20201231
locationid=11603/year=2025.zip,https://openaq-data-archive.s3.amazonaws.com/records/csv.gz/locationid=11603/year=2025/,members-sha256:f5a259ffd6ccbc1dc7b9c3325bcaa62d7dfc36c38aa408cf22522bcc80aebe5d,2026-09-26T06:40:45+00:00,83c9dcbb47292905b4563641a7b52264843b70ce159b30a846d503f83dcabb3d,1311483,308 daily files 20250219..20251231
locationid=12024/year=2026.zip,https://openaq-data-archive.s3.amazonaws.com/records/csv.gz/locationid=12024/year=2026/,members-sha256:51e87d10f69aac910ed6d38de57620531af65899417f62f416b17f0e082d7b0f,2026-09-26T06:40:47+00:00,2128a924e4e79bfcbca28e8428a662eb9752cd5d3b9c680fcd6f99cc6b4f2c7a,455760,81 daily files 20260101..20260331
locationid=12041/year=2020.zip,https://openaq-data-archive.s3.amazonaws.com/records/csv.gz/locationid=12041/year=2020/,members-sha256:6008f8cc576991583d32f2ffefc55697d8592c93572d31db950888d89513bae4,2026-09-26T06:40:51+00:00,a10233aa7c3b3eb34099fd052d50c239a24cb8fe5e8b4ea47a03a8cdb159a904,21833,15 daily files 20201216..20201231
locationid=12024/year=2022.zip,https://openaq-data-archive.s3.amazonaws.com/records/csv.gz/locationid=12024/year=2022/,members-sha256:dd5cdf20378b31b4f1b1cd4720292837d0b831ed9db3170ede4dbebb2f95648c,2026-09-26T06:40:51+00:00,6cabe82a2ae9543bb0ba48b06c6c580c6ae31f6ea71798da9743eec5bd53a5e5,120688,106 daily files 20220101..20221016
locationid=11608/year=2021.zip,https://openaq-data-archive.s3.amazonaws.com/records/csv.gz/locationid=11608/year=2021/,members-sha256:b1b26824a3d341548696cd68da26640309f5bde6b4bbd1072d43e7e795183c33,2026-09-26T06:40:53+00:00,21cdf4eba3cc262173a4cd72ee1361d188c8965dd7457188cbb5563de0cc3cb5,209402,238 daily files 20210101..20211231
locationid=11611/year=2021.zip,https://openaq-data-archive.s3.amazonaws.com/records/csv.gz/locationid=11611/year=2021/,members-sha256:fc13fbe533ecd8a480dd40fe83bcd421cf7102f0566e0e5709940353957576eb,2026-09-26T06:40:56+00:00,d5a1519ba50cb7c420476aa93e5b40e62990bbbfe584e4407db38bdd054e2b84,182370,184 daily files 20210101..20211231
locationid=12039/year=2026.zip,https://openaq-data-archive.s3.amazonaws.com/records/csv.gz/locationid=12039/year=2026/,members-sha256:fc1d66c0884b46446c32e27b3e1be94846adf3ff2025037187cdc59964e24398,2026-09-26T06:40:59+00:00,7d4a2dbd7880600a4bd7f994d475e389164c22ec3846234c9f4a485466f558a7,350395,80 daily files 20260102..20260331
locationid=11609/year=2021.zip,https://openaq-data-archive.s3.amazonaws.com/records/csv.gz/locationid=11609/year=2021/,members-sha256:77e30acaf47b14e5bed300b09006497b77da6e013452fc2433221f6f0036afcb,2026-09-26T06:41:02+00:00,8b956c3c68ce2f29149453951c86871908bec499fc110a326dfa4d5135795118,232860,253 daily files 20210101..20211231
locationid=12042/year=2020.zip,https://openaq-data-archive.s3.amazonaws.com/records/csv.gz/locationid=12042/year=2020/,members-sha256:9cef9bffe0b15b1f7348b600ac981dd60382d31bf04534a6510db14c23f83e3a,2026-09-26T06:41:02+00:00,45ef287de577ad4868cd5b0aaa5279811ad052589c349cfd72eac2b827400a40,15925,13 daily files 20201216..20201231
locationid=12041/year=2026.zip,https://openaq-data-archive.s3.amazonaws.com/records/csv.gz/locationid=12041/year=2026/,members-sha256:b260d5b364952777693a085ae23f6ba497a5def4b5e5607649ab178c4c550325,2026-09-26T06:41:04+00:00,8418686115c36b36368eb4dfddb94d8d7eee3eff93c58c4d4080dde33848aaa8,55123,31 daily files 20260101..20260331
locationid=11606/year=2025.zip,https://openaq-data-archive.s3.amazonaws.com/records/csv.gz/locationid=11606/year=2025/,members-sha256:f58cc9d700e388d99c9e23aa0aa2774a990e0849884cc9bab3a067b37614794d,2026-09-26T06:41:05+00:00,5680decfa189758341a67c3e2c39afe2b9321040be5c4aef6ffffd3a1f3a7f17,1168204,310 daily files 20250219..20251231
locationid=11607/year=2025.zip,https://openaq-data-archive.s3.amazonaws.com/records/csv.gz/locationid=11607/year=2025/,members-sha256:07637d6164f55c9f52edf135c8ff80e4bf928e57e6c39d0ba1cfd27a1a94e30d,2026-09-26T06:41:05+00:00,cfd5f1b79dafdabf442a9568eece66f673ad37dc0aec498376f018e58e42c6f5,989769,302 daily files 20250219..20251227
locationid=12040/year=2022.zip,https://openaq-data-archive.s3.amazonaws.com/records/csv.gz/locationid=12040/year=2022/,members-sha256:e1102134b7b6f1374c9fbfeebd822a035d4084071d703a17751293a0e6ff925e,2026-09-26T06:41:07+00:00,284b6ee0a521f3d55c658887184edba5d67a2bed7f51e697ef3415a77c2b3011,91779,88 daily files 20220101..20221016
locationid=12040/year=2026.zip,https://openaq-data-archive.s3.amazonaws.com/records/csv.gz/locationid=12040/year=2026/,members-sha256:2018a3fcaae3839b6c17fabc3460ee1163fcc98d488ba83f076982e8c6a9e319,2026-09-26T06:41:10+00:00,52da0c4bf6efc556a3c0c8ba2fa6d20423e19ff04449cb93f68cb45bba655fd0,233237,80 daily files 20260101..20260331
locationid=12043/year=2020.zip,https://openaq-data-archive.s3.amazonaws.com/records/csv.gz/locationid=12043/year=2020/,members-sha256:2a77ebcb1181c99ed595c8d766018bafd89407535ce77e1c7f9ad12b24dae01d,2026-09-26T06:41:11+00:00,90593a15dfbbb819e6c57a36cd53815cada297fb19c5588e953881c91e90c7f6,22962,16 daily files 20201216..20201231
locationid=12043/year=2026.zip,https://openaq-data-archive.s3.amazonaws.com/records/csv.gz/locationid=12043/year=2026/,members-sha256:64fe0ccd2e4be28f28406d7534a50cb4f0f12f19c37d926b76d8c809d88b7939,2026-09-26T06:41:13+00:00,00f75a61fb1f2737ec4b7beedc3c1faa9219e13eeabacfb9f79ab27c223a57f4,50289,16 daily files 20260309..20260329
locationid=12044/year=2020.zip,https://openaq-data-archive.s3.amazonaws.com/records/csv.gz/locationid=12044/year=2020/,members-sha256:c4c12bd137d02e56d487115d2a9fb60e501e284b8f4ac4f6c5dc3ea1f9d41544,2026-09-26T06:41:17+00:00,56436984b97b3c636345e30839e77c25ec322cea25fa571f4cc92f362f58f2ea,21082,15 daily files 20201216..20201231
locationid=12041/year=2022.zip,https://openaq-data-archive.s3.amazonaws.com/records/csv.gz/locationid=12041/year=2022/,members-sha256:3e7a231a03ae5eb891a3b18c1f18cc6787c42b366c3de21da13bff39d5602c0d,2026-09-26T06:41:18+00:00,c7e4bdef0c649539e57f8f1a15574f3e62107f768d63a05c89aa1b91fe09f8c0,90899,87 daily files 20220101..20221016
locationid=12043/year=2025.zip,https://openaq-data-archive.s3.amazonaws.com/records/csv.gz/locationid=12043/year=2025/,members-sha256:e5a2770e8b29d544150cb7fa5a2b350e540880eda2397b3e6686ef68b4641bba,2026-09-26T06:41:21+00:00,4a015aafe06fa300373bd8b7d955648e47ada642ee53c4af0ff6499a8356a91b,123068,40 daily files 20250220..20251112
locationid=11609/year=2025.zip,https://openaq-data-archive.s3.amazonaws.com/records/csv.gz/locationid=11609/year=2025/,members-sha256:33f1c482c369817d1210f78185d86a26ebf16a57195e5f6158dd7f89e863817d,2026-09-26T06:41:22+00:00,e52735d8e379d0eab537a00edc4e1d10d7df756f0dac9324033aa359841a3234,1169031,301 daily files 20250219..20251231
locationid=11610/year=2025.zip,https://openaq-data-archive.s3.amazonaws.com/records/csv.gz/locationid=11610/year=2025/,members-sha256:9ca5a3e5e040cc6b238cce28c05a2398903b80614ff2e6ff37fae5af335480ce,2026-09-26T06:41:24+00:00,fb9a52c91150118ca54baf995bd1b85e1d7b5a4c11b1d91f51e14f1d867cd473,1253111,291 daily files 20250219..20251231
locationid=12042/year=2022.zip,https://openaq-data-archive.s3.amazonaws.com/records/csv.gz/locationid=12042/year=2022/,members-sha256:d17dff78281540055c19763be452a25f81ee8d85ed61be9e71baf07fab2a8b9b,2026-09-26T06:41:24+00:00,b05817068a5c0e5809d1ddabe5a2157e5c72514750e6b0c47928a32cb97d98c1,64891,69 daily files 20220105..20220606
locationid=11612/year=2021.zip,https://openaq-data-archive.s3.amazonaws.com/records/csv.gz/locationid=11612/year=2021/,members-sha256:42fd6f55cd60c9b0c871b0cee16ec6cda53670f43621a701b33e8522770940ec,2026-09-26T06:41:25+00:00,c452eaa2e5ddfdff9196a00f632dfde1c926eb6ba63d16ddbec7400fc9207946,304022,249 daily files 20210101..20211228
locationid=12045/year=2020.zip,https://openaq-data-archive.s3.amazonaws.com/records/csv.gz/locationid=12045/year=2020/,members-sha256:e4fb1d37c401fe973293c8be32803cc085374172865b2dfcef0bc16ec2571d7d,2026-09-26T06:41:27+00:00,ae1b8ed551d0e7d839732f63b915c0975a9b17bd74962d77cad81bbd973ed2c3,15760,16 daily files 20201216..20201231
locationid=12039/year=2021.zip,https://openaq-data-archive.s3.amazonaws.com/records/csv.gz/locationid=12039/year=2021/,members-sha256:307a59c05cf70014e5ee407f1a5cd2c4046a4de0a0855e556484c5056f5d54ee,2026-09-26T06:41:28+00:00,009f7a7c672a600a6548cf87140b9d4a47beb2d3351c1981f93955581efbcc1b,148277,184 daily files 20210101..20211231
locationid=12040/year=2021.zip,https://openaq-data-archive.s3.amazonaws.com/records/csv.gz/locationid=12040/year=2021/,members-sha256:4e8595e40cf0f5cc87718a678bf7b1924c13521c9b3ce6e9563b572bfcaeff28,2026-09-26T06:41:30+00:00,05b58dccce3f01f473374d50474401895cc6eec774e572f23b50cce0135b1240,189731,159 daily files 20210101..20211230
locationid=11613/year=2021.zip,https://openaq-data-archive.s3.amazonaws.com/records/csv.gz/locationid=11613/year=2021/,members-sha256:143cd6e97d952919e28b699019b001412583672a859b45afd93b139ead200ebb,2026-09-26T06:41:30+00:00,e26795c27eef3b0361d54e00b3bc8615be1648b3f67e8d412aa996052c1b662c,274805,234 daily files 20210113..20211231
locationid=12046/year=2020.zip,https://openaq-data-archive.s3.amazonaws.com/records/csv.gz/locationid=12046/year=2020/,members-sha256:60ccd6a7342e1443b7469ae61d7f9ffbccb35abd624fa6d68541efa06515dff1,2026-09-26T06:41:31+00:00,6563765728812d87705f38609e033bc40f3a2157567c62b934edd74f1e9e09d6,13940,12 daily files 20201218..20201231
locationid=12043/year=2022.zip,https://openaq-data-archive.s3.amazonaws.com/records/csv.gz/locationid=12043/year=2022/,members-sha256:677c4f0b0a7e84a55ed9e43efb0045310732d9a71c117e0a6accfe8917e860b7,2026-09-26T06:41:33+00:00,18988a8279299ba03eb8679e6ba24b75d489e3a1ddc2cf8ea04af7be4fea547b,53526,79 daily files 20220101..20221016
locationid=42240/year=2020.zip,https://openaq-data-archive.s3.amazonaws.com/records/csv.gz/locationid=42240/year=2020/,members-sha256:ccd25c5538ef9b7051e213d7de61c984cb6b3195184225f5f3a388fe0d495056,2026-09-26T06:41:33+00:00,35332e2c3854316ea100101a9bb09e96127a24898f7d4860f28b3115709066ab,5486,4 daily files 20201228..20201231
locationid=12024/year=2021.zip,https://openaq-data-archive.s3.amazonaws.com/records/csv.gz/locationid=12024/year=2021/,members-sha256:cf3c5662e94637062de2569b8eea13245f8534b48b6e3013089d495bc80079e9,2026-09-26T06:41:34+00:00,9bc70ad55e3e47f50f104ccaea81a41799031a12a2570c871431e0310d90dc1a,291634,230 daily files 20210101..20211231
locationid=11611/year=2025.zip,https://openaq-data-archive.s3.amazonaws.com/records/csv.gz/locationid=11611/year=2025/,members-sha256:f17982bd03fc5cf185076c12d9056d48d2c5f5ec5af1d877143c31f2935d269f,2026-09-26T06:41:39+00:00,43cf24e8a5bc2b90099f96fbb7e0175b93d9332c7ddf44ca7a80c88d0a7709ee,1352842,313 daily files 20250219..20251231
locationid=12044/year=2022.zip,https://openaq-data-archive.s3.amazonaws.com/records/csv.gz/locationid=12044/year=2022/,members-sha256:76a29119c6215a5b83b0bdcbce36ff5e5b1c700a67e2ba8646181d007a98fd84,2026-09-26T06:41:41+00:00,f7086d922ba4358dcc2d7d7d9832ab2daea030e95f771ff9394d26a1d56915e0,86692,89 daily files 20220101..20221016
locationid=12044/year=2026.zip,https://openaq-data-archive.s3.amazonaws.com/records/csv.gz/locationid=12044/year=2026/,members-sha256:c0968c9ff81d785319441b1f94032bcb43689b2043a00eb1cd760cc95e8e9134,2026-09-26T06:41:45+00:00,2d9261000088fb7288adad66d1e50a517f8f467abd6c81b8ac126df6e61b9709,451691,81 daily files 20260101..20260331
locationid=11613/year=2025.zip,https://openaq-data-archive.s3.amazonaws.com/records/csv.gz/locationid=11613/year=2025/,members-sha256:09d75e959a6c2f5fcbfb917b23bf21040b316e4265626234f96e66fe70e9e051,2026-09-26T06:41:50+00:00,6ea10211111783068473991f4c5d780a3ab52dcb8def1e7d573f0b376055ade1,1459069,274 daily files 20250219..20251231
locationid=12045/year=2022.zip,https://openaq-data-archive.s3.amazonaws.com/records/csv.gz/locationid=12045/year=2022/,members-sha256:53b087b553eebc8bc077fc3c9f5d89f83e5b69fba4a6f55212f3a6657f5f818b,2026-09-26T06:41:51+00:00,a78cea9abc179f76e090d10ab71310cda72ad785c963903b4e8bf2bf32ea5d33,65641,84 daily files 20220101..20221016
locationid=12046/year=2022.zip,https://openaq-data-archive.s3.amazonaws.com/records/csv.gz/locationid=12046/year=2022/,members-sha256:23f28e17506f246f8baee052706adcb22a34d92e9f4e9e3b70cd742904687214,2026-09-26T06:41:55+00:00,68706ffbba2887ee429007d0da9398a4a76f0c8e2d11d08d50e697a592245cc4,90317,86 daily files 20220101..20221015
locationid=12046/year=2026.zip,https://openaq-data-archive.s3.amazonaws.com/records/csv.gz/locationid=12046/year=2026/,members-sha256:76eb2759afda4d8aa83db75f09584a9fb39ff9f7e5be68c52dd914bb945b25be,2026-09-26T06:41:58+00:00,2437b170b072dd51fa652594dbc451479cbd4697bdb313cc93cca3e8d6b25900,502331,81 daily files 20260101..20260331
locationid=44513/year=2026.zip,https://openaq-data-archive.s3.amazonaws.com/records/csv.gz/locationid=44513/year=2026/,members-sha256:3f5c3f0be1445827e1962868928ebfadc64a880b65a1756edde3d65bfe187d17,2026-09-26T06:42:00+00:00,cd824149aa5ddb38e74f727bca58ecf449e693b221ee1211ee1b22e55f81193f,80381,38 daily files 20260102..20260331
locationid=42240/year=2026.zip,https://openaq-data-archive.s3.amazonaws.com/records/csv.gz/locationid=42240/year=2026/,members-sha256:f432d07201adf8b8a301496bc864eac5c6ff9900206e2018b0597f76cc20eff2,2026-09-26T06:42:01+00:00,8e33d2e28830f88a1e23778335e7ca5b0bcee113a9c13ba08ba3c0fc8e9012d8,367828,81 daily files 20260101..20260331
locationid=44514/year=2026.zip,https://openaq-data-archive.s3.amazonaws.com/records/csv.gz/locationid=44514/year=2026/,members-sha256:c8ae04d759db21215f72e363dc0303133c8788394aa843d87323bb77dd86df9c,2026-09-26T06:42:02+00:00,76979a007fd4d4e01c0e8cd0102d5a4774b6340778c09081c370f634696dc14b,11165,7 daily files 20260220..20260326
locationid=12042/year=2021.zip,https://openaq-data-archive.s3.amazonaws.com/records/csv.gz/locationid=12042/year=2021/,members-sha256:58cb9f7a49b311c9ce03f57d2b8092e057a6fe188af6baa154495f607f8b5e23,2026-09-26T06:42:02+00:00,db0abbd3653bf55917f3686e053923f535e9a289a64375b6cce7e2477743df6d,170219,197 daily files 20210101..20211231
locationid=12024/year=2025.zip,https://openaq-data-archive.s3.amazonaws.com/records/csv.gz/locationid=12024/year=2025/,members-sha256:1eed3138fb96196874747ac907cc23ae262072b9ff7586f02c47a89cbe09e97b,2026-09-26T06:42:03+00:00,1182a7178e53aa3103245963f5407df747d748918a93356a92c1919f1ef25cd2,1582895,304 daily files 20250219..20251231
locationid=42240/year=2022.zip,https://openaq-data-archive.s3.amazonaws.com/records/csv.gz/locationid=42240/year=2022/,members-sha256:52f74c51f7f219ad7c363e8a2cf271924af0d2358c1523eb9f5a6656c8e20564,2026-09-26T06:42:03+00:00,69b99eb4595aa1d28a3d71addedf430a624952c8d0ce7892ac89931351f0ef79,105223,91 daily files 20220101..20221016
locationid=12041/year=2021.zip,https://openaq-data-archive.s3.amazonaws.com/records/csv.gz/locationid=12041/year=2021/,members-sha256:421bfc0a06d54746dcf54dc6efb77746314c3c010220aab8414585827f453af9,2026-09-26T06:42:06+00:00,8abd79fe34b2eaa7eb7f32229476c5ec5ba78c625782055f121cfb27d65412b7,261729,227 daily files 20210101..20211231
locationid=44513/year=2022.zip,https://openaq-data-archive.s3.amazonaws.com/records/csv.gz/locationid=44513/year=2022/,members-sha256:b18160fa38d87be418b0bb41d40d8662893042b30b52dc5af60fa9f29fe52114,2026-09-26T06:42:12+00:00,8ef13efdd7bc6808e955785d77355939c1f000c495516cc8e6cdee227a9d2ab3,95609,89 daily files 20220101..20221031
locationid=44514/year=2022.zip,https://openaq-data-archive.s3.amazonaws.com/records/csv.gz/locationid=44514/year=2022/,members-sha256:eebcbca15597dc2240dc5d8f4542fe1cc047468929a0412d892743cdd86cc8da,2026-09-26T06:42:13+00:00,c61c2b0d20af5b56b8a7f5806706504bd60b6e84d47c278955f8813dd5ae1220,33635,54 daily files 20220101..20221016
locationid=12039/year=2025.zip,https://openaq-data-archive.s3.amazonaws.com/records/csv.gz/locationid=12039/year=2025/,members-sha256:fe35fd73da302774c7bc9817b0e8a631a38edde4e08473d3112777f977a44a9e,2026-09-26T06:42:17+00:00,fc816d6339cd75b94529b02bd27f72afe602b0c82ce8470476b5633ac2802703,1207466,298 daily files 20250219..20251231
locationid=12045/year=2021.zip,https://openaq-data-archive.s3.amazonaws.com/records/csv.gz/locationid=12045/year=2021/,members-sha256:96de18b3d8bfa312e000aa1f2c10ad6bc90427ce56b2f363e389ae834ccb2d39,2026-09-26T06:42:18+00:00,3d7fda61334173e7e4d4c688afc0144da9fbb16a9db39ef3c3b49a10fdbd1a6a,149500,163 daily files 20210101..20211231
locationid=12040/year=2025.zip,https://openaq-data-archive.s3.amazonaws.com/records/csv.gz/locationid=12040/year=2025/,members-sha256:6cc2b200fc576ce6a57b5c92dbe49e358ca820bb605edca62fc0d853791e18c3,2026-09-26T06:42:18+00:00,fdc8645a7887df6ebd54ae036ad0ed2171a20a872b1fae81a26c35e41239a0f1,716397,293 daily files 20250219..20251231
locationid=42240/year=2021.zip,https://openaq-data-archive.s3.amazonaws.com/records/csv.gz/locationid=42240/year=2021/,members-sha256:63833e4fee3dbeef8c007120ff6f243a1c102571b7fcfd45cec62d94cd2fe651,2026-09-26T06:42:21+00:00,f6655829e2dcb8f06dccc3d720686af211604e45bff802020cc9b614e4a5ec7b,206799,153 daily files 20210101..20211231
locationid=12046/year=2021.zip,https://openaq-data-archive.s3.amazonaws.com/records/csv.gz/locationid=12046/year=2021/,members-sha256:281008ceb7919f73e20d69457724c7cddeae8d00711c332bfe43b58deac16bad,2026-09-26T06:42:21+00:00,962364e54767fce1f06f3a0b0a0102001d08cb2e61995a93a212f2f3e68ee8c4,192061,160 daily files 20210101..20211231
locationid=12041/year=2025.zip,https://openaq-data-archive.s3.amazonaws.com/records/csv.gz/locationid=12041/year=2025/,members-sha256:8074ef7b5d044850605cf931be16e8e3e3cbb6ef340f3b73809bbf42a6623eb5,2026-09-26T06:42:22+00:00,da186c7ea2940ca1d29290cc4ac500af3a9127c79a180fd5245755f9651576bd,607369,259 daily files 20250227..20251231
locationid=12043/year=2021.zip,https://openaq-data-archive.s3.amazonaws.com/records/csv.gz/locationid=12043/year=2021/,members-sha256:364543703791f36def9692cbbcbfa68a1b447c37d40719f47e9f95b1c8abc214,2026-09-26T06:42:25+00:00,d0bcb6d9a66e3e07246fe5876a56bb4a044c6e4f103593cb5b5b2ee73bd4c2f5,262900,240 daily files 20210101..20211231
locationid=44513/year=2021.zip,https://openaq-data-archive.s3.amazonaws.com/records/csv.gz/locationid=44513/year=2021/,members-sha256:d395c95ad29640992a4cdacb7ec32c1df23ff7b00ef4ee2e133ba47bdc602b39,2026-09-26T06:42:27+00:00,25b5e1f021df5db87575f6e28dbac918c31b85f691c62da2d6655ca3b962b1bd,193676,138 daily files 20210104..20211231
locationid=60656/year=2025.zip,https://openaq-data-archive.s3.amazonaws.com/records/csv.gz/locationid=60656/year=2025/,members-sha256:394df2777208fc5c63e44ba66262205e8142a712cccd02161e96bad72adc770e,2026-09-26T06:42:30+00:00,1cf451ffd6e43b8ff7de1235f6ec64c76cb3a0b98b953b0bbec9959f60c55e68,103463,32 daily files 20250219..20250322
locationid=44515/year=2022.zip,https://openaq-data-archive.s3.amazonaws.com/records/csv.gz/locationid=44515/year=2022/,members-sha256:94178a50038c9c2c866ba5a6d5737ffcda85faba4452453205896bd1ec534e74,2026-09-26T06:42:33+00:00,d9eb2d1667a13080b627c0ba8217f77e5496bc54e8ced723b8801c04fc7c58ce,100835,88 daily files 20220101..20221015
locationid=45008/year=2022.zip,https://openaq-data-archive.s3.amazonaws.com/records/csv.gz/locationid=45008/year=2022/,members-sha256:8e05af5a03d9ee2fcf51f63a6cf18636ad7acec3e8f212ac07f3e9f91d6164cd,2026-09-26T06:42:34+00:00,92491f6e56c9eb05898b2df0cef489fbc4f90ddcf04e7d22e09b0c9e7c0b4583,74491,83 daily files 20220101..20221016
locationid=60657/year=2026.zip,https://openaq-data-archive.s3.amazonaws.com/records/csv.gz/locationid=60657/year=2026/,members-sha256:ef3ccb5fb623733d44c609ac90b1b62253b15e51afffb6c97ac72e8cbdf936b1,2026-09-26T06:42:34+00:00,a8c3ab6aa38efa1b331a2a1c77ba020e9174b867bae521db25775826d883e1a5,28051,29 daily files 20260101..20260207
locationid=12044/year=2021.zip,https://openaq-data-archive.s3.amazonaws.com/records/csv.gz/locationid=12044/year=2021/,members-sha256:9016d509462bd4ecd27517f6b0fc09769129154349a94fbdbc2667c558166c85,2026-09-26T06:42:35+00:00,c37478da39b73daa1f07baf6247bdd06e8b488310ffa21884937f07d14db5776,275912,248 daily files 20210101..20211231
locationid=45008/year=2021.zip,https://openaq-data-archive.s3.amazonaws.com/records/csv.gz/locationid=45008/year=2021/,members-sha256:7fbaa570440345c8abe89ab0346f0b72a36675f15346a5f6bf237b306fb89679,2026-09-26T06:42:36+00:00,573f918f0a024f15d7958c946e35648ae617f89d5eb89cc6dac97d646f184226,78883,87 daily files 20210105..20211231
locationid=45008/year=2026.zip,https://openaq-data-archive.s3.amazonaws.com/records/csv.gz/locationid=45008/year=2026/,members-sha256:028f5620414eb7ad707dcabc6e42030e5f4c7d3fc49e9a49179a85d0dd069d24,2026-09-26T06:42:36+00:00,7a794545cd5af2dc4b1944bb85b14ddcd35eb98e87dc135c9fc52864c3023992,554589,81 daily files 20260101..20260331
locationid=44514/year=2025.zip,https://openaq-data-archive.s3.amazonaws.com/records/csv.gz/locationid=44514/year=2025/,members-sha256:49dee75e13ecce6f8b57968d5dbd01b9f77a673c9bc9a3563f792fea85ccf00b,2026-09-26T06:42:37+00:00,2a058cd464526bddd50ffaf62e4689d17e69f0cf714f1be04d8286939574a446,289503,116 daily files 20250303..20251116
locationid=44514/year=2021.zip,https://openaq-data-archive.s3.amazonaws.com/records/csv.gz/locationid=44514/year=2021/,members-sha256:84058a195e861e3160c2c95f21baf08678c4bd5a2d1b45cdcca412d45c6b96d6,2026-09-26T06:42:38+00:00,cbeeda5c38bdbebc5ee56ca19eabfe1735f42b08de47593046f3b124cbf0f889,122095,128 daily files 20210104..20211231
locationid=60656/year=2022.zip,https://openaq-data-archive.s3.amazonaws.com/records/csv.gz/locationid=60656/year=2022/,members-sha256:57e1599f1bc89a95e89ee6892417f5e7830d4a30495748a76b3b94f9433f02f9,2026-09-26T06:42:40+00:00,5240d90c4ca242474889acc65096ee6a4772ed65a15998e3f45796a740000aa9,58702,73 daily files 20220101..20221031
locationid=44515/year=2025.zip,https://openaq-data-archive.s3.amazonaws.com/records/csv.gz/locationid=44515/year=2025/,members-sha256:d584e2af267e2d8f52954babd60c3c4843ae6849c4f98ade7e107454da10d2aa,2026-09-26T06:42:46+00:00,c86d6c8e35d1bc8e6f036e6fa2a65c138ca2b2e76c5310b7766394c7d6d00e14,558724,124 daily files 20250319..20251126
locationid=60658/year=2022.zip,https://openaq-data-archive.s3.amazonaws.com/records/csv.gz/locationid=60658/year=2022/,members-sha256:8a6cb0125da7139d1612e3ef9403d52b82b26e650f1ddd92b7848ffc741b518d,2026-09-26T06:42:50+00:00,c24d79096d1cbfdc8993bd3b03324ab4a823c0c12dffe5f82846efd078d0f61a,66593,66 daily files 20220101..20220606
locationid=12044/year=2025.zip,https://openaq-data-archive.s3.amazonaws.com/records/csv.gz/locationid=12044/year=2025/,members-sha256:1f186cbde252d5f4be7d5483554393635d057699c008644e6ed1edff94f1db34,2026-09-26T06:42:50+00:00,a82461b9a76c238bc444f2c6bfb646aeaeb1a67c69dc51b91f9032b152f1f43c,818359,274 daily files 20250219..20251231
locationid=44515/year=2021.zip,https://openaq-data-archive.s3.amazonaws.com/records/csv.gz/locationid=44515/year=2021/,members-sha256:1862970c1965c653b59fb4fab9e2191f6dc7551388893fc6b9241841628f1d7d,2026-09-26T06:42:52+00:00,919fabb2088387dc0cce2f52cb24580388f242e685ac15e2464040f4eecd6300,170091,144 daily files 20210104..20211231
locationid=60657/year=2022.zip,https://openaq-data-archive.s3.amazonaws.com/records/csv.gz/locationid=60657/year=2022/,members-sha256:f22c044b9e0f4cecc6e666a29144d197d3b11a96be0769c56ec42e06f609547a,2026-09-26T06:42:57+00:00,d4eb1b11bbb0311e5d36f7f007083065510e732007b5600818c271d30e701669,91200,105 daily files 20220101..20221015
locationid=60658/year=2026.zip,https://openaq-data-archive.s3.amazonaws.com/records/csv.gz/locationid=60658/year=2026/,members-sha256:23213776fad38c7189945f2d563c4e06d12ad7deb8faaa9cb070368f946e892f,2026-09-26T06:42:58+00:00,73e5e01a32cc7f90c04d0aead8845b98181288a073298d43f89531d41cb8fbe4,395976,78 daily files 20260101..20260331
locationid=60656/year=2021.zip,https://openaq-data-archive.s3.amazonaws.com/records/csv.gz/locationid=60656/year=2021/,members-sha256:24e6daeeed197522c865dbf975d6d4476ea56239bfa6d62702eabbda16e60875,2026-09-26T06:42:58+00:00,967fdedbe446ca77d6f0888b6ffe7b4e5305a9178eef718bb3c98447b697b8a9,146741,128 daily files 20210112..20211231
locationid=60660/year=2022.zip,https://openaq-data-archive.s3.amazonaws.com/records/csv.gz/locationid=60660/year=2022/,members-sha256:7a89c67380afbf60c22e03c56adae3bd5f44587c753c94125083b992f5f12946,2026-09-26T06:42:59+00:00,8f56c92ddc98e585cabbfdf5a20a76df51b551f6cf0fb916437baee57915c061,64648,63 daily files 20220101..20220606
locationid=220353/year=2026.zip,https://openaq-data-archive.s3.amazonaws.com/records/csv.gz/locationid=220353/year=2026/,members-sha256:dac9368a077d20ba3710e8d8e8a9e48e0107a4a289d61ecf991592fb71129272,2026-09-26T06:43:03+00:00,cc29f71add83911be6824807db737874e731a0adea76c6d3a99fa59a1db7847b,11844,12 daily files 20260318..20260331
locationid=60659/year=2026.zip,https://openaq-data-archive.s3.amazonaws.com/records/csv.gz/locationid=60659/year=2026/,members-sha256:52957b120dc4c769c2c629bf8c7973ea784d1f88285105dc2629eb4a7546b82e,2026-09-26T06:43:03+00:00,e1a990db487cc11952c96c9f40417386a83c6dc3a16f8dbcc0b44cee5e79ede6,419850,81 daily files 20260101..20260331
locationid=60659/year=2022.zip,https://openaq-data-archive.s3.amazonaws.com/records/csv.gz/locationid=60659/year=2022/,members-sha256:77256dc43fefbade569ac4468174d139b51161a870b87f6593bf1c43dab6e769,2026-09-26T06:43:06+00:00,76e7f3534b4c1b40decf376a06e3e18dab16dc1c9261430e255ad4e048d4b951,98011,87 daily files 20220101..20221016
locationid=220353/year=2021.zip,https://openaq-data-archive.s3.amazonaws.com/records/csv.gz/locationid=220353/year=2021/,members-sha256:a66e699f3ee7cfe290c1799477b46d394141ef7579047dd57ce4b5bb0ed117ea,2026-09-26T06:43:07+00:00,d44f15990026beab4d88b7d9fcf12ed9e4915cd243907514e2a6169ed75d56ba,22601,25 daily files 20210210..20211216
locationid=60658/year=2021.zip,https://openaq-data-archive.s3.amazonaws.com/records/csv.gz/locationid=60658/year=2021/,members-sha256:1994e1a409189cafb0fcfe07aea3976de51337e9d317259d4fdfdaad217de6d0,2026-09-26T06:43:08+00:00,2aa76614a1bb664420b1927fdbdc57a4618ef223db1130b5094b041888a8cadf,132027,126 daily files 20210112..20211231
locationid=220353/year=2022.zip,https://openaq-data-archive.s3.amazonaws.com/records/csv.gz/locationid=220353/year=2022/,members-sha256:42172872017d43c520328e0c748c09dc789d14bb13636eb93d39932567922e9e,2026-09-26T06:43:11+00:00,a9a28837ae2bb80c8bfb2e8b56ca3e5e0ee72596fa9728f13e529334c8d5e24f,34214,38 daily files 20220326..20221016
locationid=44513/year=2025.zip,https://openaq-data-archive.s3.amazonaws.com/records/csv.gz/locationid=44513/year=2025/,members-sha256:5cea6dd1620f6508ef0cbbe85c041291e5fa500aab876ecd69a595b9f16ce8a5,2026-09-26T06:43:14+00:00,28e3ff6a27528489dac7732ef0eedb9f6f5b8cd74d55e6bd398713ce0b17aa28,837911,282 daily files 20250219..20251230
locationid=42240/year=2025.zip,https://openaq-data-archive.s3.amazonaws.com/records/csv.gz/locationid=42240/year=2025/,members-sha256:aa4a5b6fb03ff2f82571b1452802aac337a65c5e897642567cf76436a31dddba,2026-09-26T06:43:14+00:00,e4da05d582632ae42e7d224ec8ba19d4fb77a5eadd703588b8d85973568bea6d,1076355,309 daily files 20250219..20251231
locationid=12046/year=2025.zip,https://openaq-data-archive.s3.amazonaws.com/records/csv.gz/locationid=12046/year=2025/,members-sha256:ed09fcbf37aceddd1fc757f47de4ace9cd6fc2f6ec4d9ce905c29956320a8a99,2026-09-26T06:43:17+00:00,9abab3ca820d2a1398456bf12143068f8d87fd672fcfbf233f8b89b9a9818536,1447089,312 daily files 20250219..20251231
locationid=60661/year=2022.zip,https://openaq-data-archive.s3.amazonaws.com/records/csv.gz/locationid=60661/year=2022/,members-sha256:1ee71b0755d96cd6d189f4d771ebbc33d6a4742b413453f0ea6f67e839839d11,2026-09-26T06:43:17+00:00,c95ec81061172b1e9887b320e75b7155f7040f0e5aacb092c2a74395cd43eeaa,105650,99 daily files 20220101..20221016
locationid=220265/year=2026.zip,https://openaq-data-archive.s3.amazonaws.com/records/csv.gz/locationid=220265/year=2026/,members-sha256:7260bea8706bf2ae05f74726389e7e8d10fbfe12170e1dc12c9203ddbd502784,2026-09-26T06:43:18+00:00,bbb6c48898de606a5da0b588a2ba83f503a46be67506db4cb1c96556d4a6e96f,379780,78 daily files 20260101..20260331
locationid=220353/year=2025.zip,https://openaq-data-archive.s3.amazonaws.com/records/csv.gz/locationid=220353/year=2025/,members-sha256:dab8405e4d103ae469a4ec2e9faf7b132ed143704ae23e0e674907e11d0cd085,2026-09-26T06:43:22+00:00,2d652d471f3dbae94a85cbf379abd12a80f934a4a75aab198910092874537a51,60692,67 daily files 20250219..20251128
locationid=220265/year=2022.zip,https://openaq-data-archive.s3.amazonaws.com/records/csv.gz/locationid=220265/year=2022/,members-sha256:67c50f9e8eb43e5d6e76f5e54baff709dfd6361ed537162990576702b73a64bb,2026-09-26T06:43:27+00:00,65d4c3236b2930c14668dce873ce570c531e0e080fdcc36b80a7d56f4cc9c9c3,113629,106 daily files 20220101..20221016
locationid=60658/year=2025.zip,https://openaq-data-archive.s3.amazonaws.com/records/csv.gz/locationid=60658/year=2025/,members-sha256:f2fbbf7454f2c0582e707ccd9cf5360e54a3072a942137f6e480f7a69340f7cc,2026-09-26T06:43:28+00:00,0304fa0e09ae005b570066782889cf625892b8dd365d27ce1802db9e91b60417,796681,166 daily files 20250219..20251231
locationid=60659/year=2021.zip,https://openaq-data-archive.s3.amazonaws.com/records/csv.gz/locationid=60659/year=2021/,members-sha256:04e2a962d29d21bbbdaa47db8de0d0baa57fa989ddabd921416354102586032f,2026-09-26T06:43:29+00:00,d75987fe2a094cc2647151b37e932cc954a9810fe2971c31afef89091e96850e,197288,159 daily files 20210112..20211231
locationid=60660/year=2021.zip,https://openaq-data-archive.s3.amazonaws.com/records/csv.gz/locationid=60660/year=2021/,members-sha256:6167ffac3a4f0243a2e617c3e2ecf88b785d7f9738702a53134ab18afd974db0,2026-09-26T06:43:30+00:00,c3aafa12d6fc115559bf8dca5d857b87a80219ef295e48d5d1da773fceb34b8b,169833,151 daily files 20210112..20211231
locationid=60657/year=2021.zip,https://openaq-data-archive.s3.amazonaws.com/records/csv.gz/locationid=60657/year=2021/,members-sha256:5dfeff54e8fa3c8ed7e78b5a093ffda9b0fc4940f3ecd89dd35475a3c61ed939,2026-09-26T06:43:30+00:00,493585a8e3183306b83d26004d34c1efac597db60479878ef8b3388649b23811,178945,207 daily files 20210112..20211231
locationid=223146/year=2022.zip,https://openaq-data-archive.s3.amazonaws.com/records/csv.gz/locationid=223146/year=2022/,members-sha256:7b5270c914536f0dab88c5b6afe27ae4520d73e77e8e0c8e1b0449fc5d566a4d,2026-09-26T06:43:35+00:00,baae721a7e3ab8fabfc624376c39c21a4f5aabb748bbcc142184a0640bbb4c6d,61143,75 daily files 20220101..20221015
locationid=223146/year=2026.zip,https://openaq-data-archive.s3.amazonaws.com/records/csv.gz/locationid=223146/year=2026/,members-sha256:f494405fb36f76dcbef47c216713365d6e4ce134663e991929f9079b952211d2,2026-09-26T06:43:40+00:00,40c1f3e6aa09abec179db6ece4f1deb6281dfbd07c74df2aaef0403601ee7511,434769,80 daily files 20260101..20260331
locationid=223145/year=2022.zip,https://openaq-data-archive.s3.amazonaws.com/records/csv.gz/locationid=223145/year=2022/,members-sha256:b49c27f3d38cdadf80d487b62a71a7cb65a2a8183bedfeefdcbb75c44b582fa9,2026-09-26T06:43:42+00:00,0c7a4666e568467488ce343e2275e3571aaa3c5e509b11c3aacffbda40536dec,121797,107 daily files 20220101..20221016
locationid=223146/year=2021.zip,https://openaq-data-archive.s3.amazonaws.com/records/csv.gz/locationid=223146/year=2021/,members-sha256:728d987648c47686980a8593c34f502615c5acfbdcd73a485261cb43351fa88f,2026-09-26T06:43:46+00:00,a48af23d790880b8e3c65d5378864b23648c498e53b83777feecf21280d0ec0e,100311,104 daily files 20210426..20211231
locationid=227533/year=2022.zip,https://openaq-data-archive.s3.amazonaws.com/records/csv.gz/locationid=227533/year=2022/,members-sha256:d391418922fd25fb83de46c20c009b1c660ff46f10beba45c7df1864c7f63626,2026-09-26T06:43:47+00:00,86f95c0281a63bc7e1143324a09ce2f7156196402778f155cf2a26fcd9cc6e09,14373,18 daily files 20220105..20220326
locationid=227384/year=2026.zip,https://openaq-data-archive.s3.amazonaws.com/records/csv.gz/locationid=227384/year=2026/,members-sha256:5b553a595a88c83ccef934f53eede31dc847f1e88e7008a64289f0ce236bd885,2026-09-26T06:43:47+00:00,9a4f2528e79c290023945914337ffc309ba619b33be6684f22b72cf1f0a50e2c,463144,81 daily files 20260101..20260331
locationid=60661/year=2021.zip,https://openaq-data-archive.s3.amazonaws.com/records/csv.gz/locationid=60661/year=2021/,members-sha256:6fceee87196cacb5bb25bd1553dbd3269c1e3b5b467300ec046773e93303f153,2026-09-26T06:43:51+00:00,45137d0810775ddce3444be157818805cc540f20cc6b3d9aeb768cdc701f6329,228091,204 daily files 20210112..20211231
locationid=227386/year=2022.zip,https://openaq-data-archive.s3.amazonaws.com/records/csv.gz/locationid=227386/year=2022/,members-sha256:bc17b987dcaeb6a436b116ff21109d77d74d0f6bd4c71c0f43506e29b97d975c,2026-09-26T06:43:53+00:00,07e922c7d03d676949817729c7d676457a7b857dcd0ab9e4c35134c11dc5d46f,116795,89 daily files 20220101..20221016
locationid=227384/year=2022.zip,https://openaq-data-archive.s3.amazonaws.com/records/csv.gz/locationid=227384/year=2022/,members-sha256:737e04037e1c96e1fd5ba34529891f962119d0df12d27773d95e4ad01febbc27,2026-09-26T06:43:54+00:00,c3cc88df63edc8e5418c5cd59ca7cd51bfdb9b26d645a4ad019f9ab6b5f81c4e,136902,109 daily files 20220101..20221016
locationid=45008/year=2025.zip,https://openaq-data-archive.s3.amazonaws.com/records/csv.gz/locationid=45008/year=2025/,members-sha256:af30ec0ba14ce2b84e0aeb0a0b59766a70cc0f37d373ae7bea6d350a6e70096a,2026-09-26T06:43:55+00:00,612ab8403f2928cb99f2c7cec1d2ff0267b116fc655213264be741adc688350b,1365183,307 daily files 20250219..20251231
locationid=227386/year=2026.zip,https://openaq-data-archive.s3.amazonaws.com/records/csv.gz/locationid=227386/year=2026/,members-sha256:c35baa619628eff03297a4d1a64b36d92f9a4d56813d06c2f9be538ef009bbb9,2026-09-26T06:43:55+00:00,5cbe20d55ba1274aa353debe91260cb67e9c320e8d35afb7e7a757c9b9aa2986,475121,79 daily files 20260101..20260331
locationid=60657/year=2025.zip,https://openaq-data-archive.s3.amazonaws.com/records/csv.gz/locationid=60657/year=2025/,members-sha256:41d627966f57721a538de235a7720a70543251366c39eb181d51e8ed42d2ceae,2026-09-26T06:43:58+00:00,26f5b7278ec7b82a91809c8883ae91c920ef13f4527d93d15def6bf2e3f73bc6,244569,282 daily files 20250220..20251228
locationid=227387/year=2026.zip,https://openaq-data-archive.s3.amazonaws.com/records/csv.gz/locationid=227387/year=2026/,members-sha256:c9625a06cd4f677c7b9b2ea8da49e09751c28e70172485eef5ff929451d8b705,2026-09-26T06:44:02+00:00,376dc721fe7ccbfa9eb974b9a26df43f12e6d24ed032860f42f3f66e2d89b5b9,499444,81 daily files 20260101..20260331
locationid=227387/year=2022.zip,https://openaq-data-archive.s3.amazonaws.com/records/csv.gz/locationid=227387/year=2022/,members-sha256:8afb744407b38702ba18fe283b736dab361670e0f017e6ddb73b19f94d259a6a,2026-09-26T06:44:03+00:00,a61de92fe014f858b793511e929c5cff45b6c6cb182d48f41436cd0f05c0972f,112994,91 daily files 20220101..20221031
locationid=220265/year=2021.zip,https://openaq-data-archive.s3.amazonaws.com/records/csv.gz/locationid=220265/year=2021/,members-sha256:5238ff193863a66e6fc18e8a3a6904c93af90bacad19974beb2ebe7485f48964,2026-09-26T06:44:04+00:00,c7d5a8515bee99b178474c73d9041ff464fe8dee2f8504b1ca1e21431008919c,244740,220 daily files 20210209..20211231
locationid=223145/year=2021.zip,https://openaq-data-archive.s3.amazonaws.com/records/csv.gz/locationid=223145/year=2021/,members-sha256:6eb8ae2e98214df06be1654dacfe48df6334ec40506cc492b4c13fa59a20d5a2,2026-09-26T06:44:06+00:00,47c5f2bfbe8485955cb047059d4b864d35bee89d7510578daae44ceb23ac7c7e,191023,173 daily files 20210326..20211231
locationid=227384/year=2021.zip,https://openaq-data-archive.s3.amazonaws.com/records/csv.gz/locationid=227384/year=2021/,members-sha256:81e4116da7697cd1ccf477266ec4f16f2cd2f8f137615856988cda39c65ee5f4,2026-09-26T06:44:07+00:00,5042cd37a4f2539243b914c447e47e1e9b1dde187fddbf7d069fde14ae48980c,196228,144 daily files 20210602..20211231
locationid=60659/year=2025.zip,https://openaq-data-archive.s3.amazonaws.com/records/csv.gz/locationid=60659/year=2025/,members-sha256:4b81df1579faec3508cc224ee9c490c47c32750d5a89f118749b39d4d850b6c5,2026-09-26T06:44:09+00:00,09b829f4b68afa143ffe9e474a1f547e8c1435fda932394534f2421e5780540e,1186276,271 daily files 20250219..20251231
locationid=227386/year=2021.zip,https://openaq-data-archive.s3.amazonaws.com/records/csv.gz/locationid=227386/year=2021/,members-sha256:7dd9555ec15844c2e31c8911b04aa3e230031ab898318a8f86594238e5b1d6ed,2026-09-26T06:44:11+00:00,e92223a2e64d05eaf6899abaed1a491992a1769c45a801b322256684baa09d21,206653,145 daily files 20210602..20211231
locationid=227534/year=2022.zip,https://openaq-data-archive.s3.amazonaws.com/records/csv.gz/locationid=227534/year=2022/,members-sha256:ae09a3fc3e2fd8a2e37e50d72c46e3e32526e75556b90f4fc2b6e7d5fd81dba5,2026-09-26T06:44:13+00:00,c4e5f1396b33d413331ffada864da8e7a1336256be58538b61d8d4a573e958c4,79264,66 daily files 20220101..20220606
locationid=227533/year=2026.zip,https://openaq-data-archive.s3.amazonaws.com/records/csv.gz/locationid=227533/year=2026/,members-sha256:7815a627245059516aada57982ad4bffac508f273ccb0294bc0a726e3f7ba9de,2026-09-26T06:44:13+00:00,8c30a08786ba8d21ce36d7117a965bb0da496ff7014ad516a405365728d1bf06,478851,77 daily files 20260101..20260331
locationid=227387/year=2021.zip,https://openaq-data-archive.s3.amazonaws.com/records/csv.gz/locationid=227387/year=2021/,members-sha256:1f9af26c0be57941f227fd36e9a7ca8d88df81f6310625752cf7e70451cc4a74,2026-09-26T06:44:18+00:00,8c2bb61d5196ca9402ca53a94ba9e5698ed1d0f2283f514ae6d7efa029eea72d,196149,143 daily files 20210602..20211231
locationid=227534/year=2026.zip,https://openaq-data-archive.s3.amazonaws.com/records/csv.gz/locationid=227534/year=2026/,members-sha256:986f0bcaecb896201edcf392f8218dd3ba7f13ac8da5621a3ca159607e9356ba,2026-09-26T06:44:22+00:00,4dbe276133eebc30763b8c7414d0f63718d432b0a89a0aad0645bf8a0f2a362e,541856,80 daily files 20260101..20260331
locationid=220265/year=2025.zip,https://openaq-data-archive.s3.amazonaws.com/records/csv.gz/locationid=220265/year=2025/,members-sha256:343aa62b4aa5a87baf134f1f9b37f986fd4505ff9d4c0405fcb3d12d131320cc,2026-09-26T06:44:25+00:00,aeade7c838bd4f91f262ec3b1a2d5cdd602a1d8a57299751c34a25b12204593c,993631,269 daily files 20250220..20251231
locationid=227535/year=2026.zip,https://openaq-data-archive.s3.amazonaws.com/records/csv.gz/locationid=227535/year=2026/,members-sha256:85edc1bf38da43d6c941e87cc9a2aba1e03d6f43a74c3f361706ae539c3bcf89,2026-09-26T06:44:27+00:00,1de6a4f354af0e0a58c0b1407b58081a8a4fb12272f7a46e904ecbc64c03ed93,456159,81 daily files 20260101..20260331
locationid=227535/year=2022.zip,https://openaq-data-archive.s3.amazonaws.com/records/csv.gz/locationid=227535/year=2022/,members-sha256:fe1ec9b6e50f90b006edd20e5cf4aae3aa2eb3d877fd368d3d4e288b64a6dad9,2026-09-26T06:44:27+00:00,1e74631f2f2af8b16e783144df13b6e59ddfd37e2471eaedaf5eca5b40456a06,108966,89 daily files 20220101..20221031
locationid=227536/year=2022.zip,https://openaq-data-archive.s3.amazonaws.com/records/csv.gz/locationid=227536/year=2022/,members-sha256:b82251a762710350ae893e880eb1615a3c4f6b4a53e9f0ae768c4a38521a8cb7,2026-09-26T06:44:28+00:00,cdec48bfc56bd646dc4ea9ef2e89a1aac70aac8236912810639693e65dac0b31,79533,69 daily files 20220101..20221016
locationid=227533/year=2021.zip,https://openaq-data-archive.s3.amazonaws.com/records/csv.gz/locationid=227533/year=2021/,members-sha256:16802f962e18d9217ff31854f64f5e0891394e962bf11869e9e050c6a2ba424e,2026-09-26T06:44:28+00:00,9a5512bb25f111acd57f94a022e23a9a9c73c602f502e27e8a98bfbb00eca709,183857,136 daily files 20210604..20211229
locationid=227536/year=2026.zip,https://openaq-data-archive.s3.amazonaws.com/records/csv.gz/locationid=227536/year=2026/,members-sha256:d411e2bba2bb458eecd97fad1ad0efde9ed8c3e4dca1d315c5b173b610c9c838,2026-09-26T06:44:35+00:00,34af8632a8a1f548b1a90600c79067ffa50e8c164fcbd9309f5065894e064703,489783,80 daily files 20260101..20260331
locationid=227534/year=2021.zip,https://openaq-data-archive.s3.amazonaws.com/records/csv.gz/locationid=227534/year=2021/,members-sha256:2c75e5dd397db8406fddbc5209f726f1d243397bdf0e03f1389671bac3add86e,2026-09-26T06:44:38+00:00,57e2b554e088473c17a02c2483702d587d1661ddc0c41a08a58429426a24bcc9,197057,143 daily files 20210604..20211231
locationid=227931/year=2026.zip,https://openaq-data-archive.s3.amazonaws.com/records/csv.gz/locationid=227931/year=2026/,members-sha256:f63e0522b66343bc14ec11b4fdd8422f8653a1b592bf5fb64fcc903d95ecce45,2026-09-26T06:44:41+00:00,37a060b3cfa4b08187129bd9bf8ff75ebbd1def47fc0b1e416fb55382041f7f8,491174,81 daily files 20260101..20260331
locationid=227535/year=2021.zip,https://openaq-data-archive.s3.amazonaws.com/records/csv.gz/locationid=227535/year=2021/,members-sha256:1e8aa77d18f008564afd9c18360c3b3a6d7a54d063b483602465f89d960d2bcd,2026-09-26T06:44:43+00:00,95852ab9fe129018e0a7e98e55f7a50370bada43f47cf91749f681555db0d4f7,183195,139 daily files 20210604..20211231
locationid=223146/year=2025.zip,https://openaq-data-archive.s3.amazonaws.com/records/csv.gz/locationid=223146/year=2025/,members-sha256:83fa9e3097855264d84f5e22f4410a88009ea87960210aa03d3f8c0617e5a0f0,2026-09-26T06:44:43+00:00,81384d49a3f02450957e5ac0684dc70c3ce63baf4d68a4c6e61d6539b593341e,1067919,263 daily files 20250219..20251231
locationid=227536/year=2021.zip,https://openaq-data-archive.s3.amazonaws.com/records/csv.gz/locationid=227536/year=2021/,members-sha256:68ad9c3cbd49f39875fa7cb9c464d0c93b41f1af1a31cbbe32851a3f4bb7440e,2026-09-26T06:44:46+00:00,2a7ed46f50b6b43a1a9abffbad47b4b68b78232132b684a70aa205552c95fb08,151010,121 daily files 20210604..20211231
locationid=227931/year=2022.zip,https://openaq-data-archive.s3.amazonaws.com/records/csv.gz/locationid=227931/year=2022/,members-sha256:3c62831108d8f3cbc18cfd0e917dec4606c4984e3149cea9db758a042d583365,2026-09-26T06:44:47+00:00,971b53dc47d2d8b22f4fc279b14e9f66bc986acd086626a11e6f9da60ac31ffd,137340,107 daily files 20220102..20221016
locationid=228297/year=2022.zip,https://openaq-data-archive.s3.amazonaws.com/records/csv.gz/locationid=228297/year=2022/,members-sha256:cda7677514c796643ff628af36319a915ffdf7c3dec337d0e8f06006d03f9ea5,2026-09-26T06:44:49+00:00,e60c14abb7ab89a7a0685dfcd0b3cd132f0655033170d71b81f5931211de5d3e,102671,84 daily files 20220101..20220606
locationid=228298/year=2022.zip,https://openaq-data-archive.s3.amazonaws.com/records/csv.gz/locationid=228298/year=2022/,members-sha256:35d01242f60064b79f5efcdbe266a4c02954bada1f37b57681be6d919a332795,2026-09-26T06:44:51+00:00,2986b91520ac6046084015f1487eff3d96b6ddae94c5008c8e7ddfb48796370a,81130,64 daily files 20220101..20220606
locationid=228297/year=2026.zip,https://openaq-data-archive.s3.amazonaws.com/records/csv.gz/locationid=228297/year=2026/,members-sha256:fdf42f43c1407b016519436b642acec535878041acb025ef2e23c5f3950c1eb2,2026-09-26T06:44:53+00:00,a419ffcc2cd095f1f09872d7a18f8e66223f6095102ce8ab81c564f3bd8cd1c0,528449,81 daily files 20260101..20260331
locationid=227931/year=2021.zip,https://openaq-data-archive.s3.amazonaws.com/records/csv.gz/locationid=227931/year=2021/,members-sha256:465e0bef992569b8f99d183adf661f5d3764799d0912fb19ca8c3e0060a44ec5,2026-09-26T06:44:57+00:00,ab33ab4acca100af0742f2800040544c18109ccefcad0a5ddecace16bcfa6f48,197822,136 daily files 20210612..20211231
locationid=228299/year=2022.zip,https://openaq-data-archive.s3.amazonaws.com/records/csv.gz/locationid=228299/year=2022/,members-sha256:8cacc95f066422c4d41fca9ee8ff152a496fd4121058705006f37e2a3d31c03d,2026-09-26T06:45:04+00:00,385048cb10c35f9078b48df6c250f823550a5246b1f889385b18f02bd1c14aca,101121,82 daily files 20220101..20220606
locationid=228298/year=2021.zip,https://openaq-data-archive.s3.amazonaws.com/records/csv.gz/locationid=228298/year=2021/,members-sha256:e93bb6fc9fd76a5ee71c0780ed31f6820d869b412fa96428a4ed0780beaef1d5,2026-09-26T06:45:05+00:00,8d4862d58b911c586d876fb5aa7ef2f6144a4a2b1d4d0d6d68f2b302d300532e,147693,108 daily files 20210619..20211231
locationid=228300/year=2022.zip,https://openaq-data-archive.s3.amazonaws.com/records/csv.gz/locationid=228300/year=2022/,members-sha256:18c7bd9f87fc3044799ac18d52c9fa19f704dfa8b88036c39a2651ec890a106e,2026-09-26T06:45:07+00:00,24f58d98e4a7d1baafc322b730670bd229043fee9355bd256040aac5e1deca9b,74093,64 daily files 20220101..20220530
locationid=228297/year=2021.zip,https://openaq-data-archive.s3.amazonaws.com/records/csv.gz/locationid=228297/year=2021/,members-sha256:beb6b020e9ff0c6aaa3697974522b2a777e7e05c0b60d387a5b56893eebb5f9f,2026-09-26T06:45:07+00:00,a3a1fc54156876f277bda27c18f524b9ed84c340a9a1cb12263b5919255421da,197682,135 daily files 20210619..20211231
locationid=227386/year=2025.zip,https://openaq-data-archive.s3.amazonaws.com/records/csv.gz/locationid=227386/year=2025/,members-sha256:3408ba9654e66b26c82bff883292cbe872673a02cd8330dc9a049f93e5d57c02,2026-09-26T06:45:10+00:00,59df8f511af5d43c796b737804e0afbebc9c394c1ddbda6837cb6d84f696e4a3,1658656,315 daily files 20250219..20251231
locationid=227384/year=2025.zip,https://openaq-data-archive.s3.amazonaws.com/records/csv.gz/locationid=227384/year=2025/,members-sha256:d770b1241de89c7f7e30ef31cc38a295fc28864b5067d266c77238dc0457cefc,2026-09-26T06:45:10+00:00,c63578181bbcea43f50264358395353129569ea142497e7e90a90a194d12f13c,1626291,314 daily files 20250219..20251231
locationid=228301/year=2022.zip,https://openaq-data-archive.s3.amazonaws.com/records/csv.gz/locationid=228301/year=2022/,members-sha256:8c5d857c5a5bd2173d3dde84b8cec008ad1226c9d0baa38a1a814db4dc333d4d,2026-09-26T06:45:13+00:00,cb332766b5ca5f527ea2f380c5c0236e5deb9c0211a62a273f9353f2e505edeb,77688,67 daily files 20220101..20220606
locationid=228300/year=2026.zip,https://openaq-data-archive.s3.amazonaws.com/records/csv.gz/locationid=228300/year=2026/,members-sha256:671e77fe475a1789d26aae26f874fee442f59628952cbcc8662c70109d2ec5a6,2026-09-26T06:45:13+00:00,e5c8ec0fadc3eaa805f1ec759cc43c9e62409aaa3023c4259522e36285cc6782,552734,81 daily files 20260101..20260331
locationid=228301/year=2026.zip,https://openaq-data-archive.s3.amazonaws.com/records/csv.gz/locationid=228301/year=2026/,members-sha256:4ca07378415d41d01ec22c664b146c26a09300e00a66c01e255e70162a46e659,2026-09-26T06:45:20+00:00,0678f6734e56c534d01e774419de6d4e78d483908717b89c94a8b3d40eb1fc08,488981,77 daily files 20260101..20260331
locationid=228303/year=2022.zip,https://openaq-data-archive.s3.amazonaws.com/records/csv.gz/locationid=228303/year=2022/,members-sha256:22aa0d1cbf3fa4fa040e13ba39ab5bdfe30c7fce4720748d481c793c53493d6d,2026-09-26T06:45:21+00:00,bc2e669a45d0bdcb0f02e53d6f6c8d1e865cb42e033249592eb0e11f1206804e,73913,65 daily files 20220101..20220606
locationid=227387/year=2025.zip,https://openaq-data-archive.s3.amazonaws.com/records/csv.gz/locationid=227387/year=2025/,members-sha256:32a7ddc641b9d27ce050ce27305801b5062445eb5def127354696176d2c8e107,2026-09-26T06:45:21+00:00,297329e3b1d4364314f31a32fc7a364cbd62a23a6ad39cdadc27d8abecae606a,1633168,313 daily files 20250219..20251231
locationid=228299/year=2021.zip,https://openaq-data-archive.s3.amazonaws.com/records/csv.gz/locationid=228299/year=2021/,members-sha256:63c5a1fedd6f8fd474b661d2f4316235aa7a0411dcb0e0a8e62b8c76588a3f5d,2026-09-26T06:45:22+00:00,86fbef022bbc70540f452cb000da5db5122264a2dde708dc73f82d8f113320ee,188455,133 daily files 20210619..20211231
locationid=228300/year=2021.zip,https://openaq-data-archive.s3.amazonaws.com/records/csv.gz/locationid=228300/year=2021/,members-sha256:95aacdb008565a260a8a20ffecee3a6ec8e2f7a9862ad6018889859e1de57c0f,2026-09-26T06:45:27+00:00,90caad74f5fbff6fa94368ee247f4789a360f6736d64a78c70b68fc42b50f5ca,186981,129 daily files 20210619..20211231
locationid=227533/year=2025.zip,https://openaq-data-archive.s3.amazonaws.com/records/csv.gz/locationid=227533/year=2025/,members-sha256:c2a4fc76d75415564998e620d99b62e235a809245479bfa0ae618c53209aed78,2026-09-26T06:45:32+00:00,ca4451d6680ad98dbc68de14b88ca0091167a998230391b6e9b1d8402521cf8c,1695765,313 daily files 20250219..20251231
locationid=228301/year=2021.zip,https://openaq-data-archive.s3.amazonaws.com/records/csv.gz/locationid=228301/year=2021/,members-sha256:8d432fecaa7f5f7a204a9e5368b3776cc00a3dc960d84970b33caaa091162af8,2026-09-26T06:45:34+00:00,0555f55fd9a57a84e62c6dca07fcfe3c3a23eb485968ea56604446c6dd6d45d5,187845,130 daily files 20210619..20211231
locationid=228303/year=2026.zip,https://openaq-data-archive.s3.amazonaws.com/records/csv.gz/locationid=228303/year=2026/,members-sha256:9f6e09ae22d934312dbf5f497ee551baf64ebee0514c540a035a154af9649328,2026-09-26T06:45:35+00:00,e21a7796ad817bec11f07f33441c9513b63ee3e78519f905f7c8a9e78f6a1c5c,569936,81 daily files 20260101..20260331
locationid=228298/year=2025.zip,https://openaq-data-archive.s3.amazonaws.com/records/csv.gz/locationid=228298/year=2025/,members-sha256:6fb4afad83903430b62a610d8d85d75307b06494dbf341ffa1a4b5b2bb4781aa,2026-09-26T06:45:37+00:00,03cbf482eb3bcf9d3133c9df270558e69c893befc0f68cef08ff04657a4446eb,979262,190 daily files 20250219..20250829
locationid=228352/year=2026.zip,https://openaq-data-archive.s3.amazonaws.com/records/csv.gz/locationid=228352/year=2026/,members-sha256:fa94f4e70ca38f8d53394a02dcd1cbd13e390114fddb99427b8d2b8620cf7e4c,2026-09-26T06:45:39+00:00,f93f1eac3540bdee604d693222052a7201c47a1c355ae770322cc56c6692d257,441355,81 daily files 20260101..20260331
locationid=228352/year=2022.zip,https://openaq-data-archive.s3.amazonaws.com/records/csv.gz/locationid=228352/year=2022/,members-sha256:0906d2533fb14cae551eb0261c2f2f70127d0df8d0021482341559d7a45603da,2026-09-26T06:45:41+00:00,b6b83eb868fd32e0efcc63440f18648763a1e46cabe1fa10b87e0d46bbe3d65a,110348,90 daily files 20220101..20221016
locationid=227534/year=2025.zip,https://openaq-data-archive.s3.amazonaws.com/records/csv.gz/locationid=227534/year=2025/,members-sha256:889ae9b3f9d38f192a97c6062fe8cc54a1cf5699f1909ee8fc7118c1e95c6460,2026-09-26T06:45:41+00:00,e8e65899da43d6a0bf592aa4d0288b932d23a30b485140d967b068146a90e58d,1798258,314 daily files 20250219..20251231
locationid=228303/year=2021.zip,https://openaq-data-archive.s3.amazonaws.com/records/csv.gz/locationid=228303/year=2021/,members-sha256:5a5e5963e9f8854c3fad38eaf1bff08ac28b99b43d55b50804012b3fcfd2878f,2026-09-26T06:45:42+00:00,ba3fed4076e55aa4092df477b88ac7fbef846bfc7c51dbd12546048c95dc5184,182314,129 daily files 20210619..20211231
locationid=227535/year=2025.zip,https://openaq-data-archive.s3.amazonaws.com/records/csv.gz/locationid=227535/year=2025/,members-sha256:d6a0e5c55a8e08d6383a0eff32cfe5a534e8316a935d30621774ef3381ddb80a,2026-09-26T06:45:47+00:00,91e924d05dbd2aa79c01e2defab422f1a2063cb1b0d625ebe730c57d66becd76,1564629,315 daily files 20250219..20251231
locationid=228397/year=2026.zip,https://openaq-data-archive.s3.amazonaws.com/records/csv.gz/locationid=228397/year=2026/,members-sha256:073d47753d6025527d4323eb068a7f1442fb6ebf01682078db58ea3767ce4180,2026-09-26T06:45:50+00:00,0b7cffdf8359adc7d2ef7b577b4063cd2484216470f005b82be97a873a40a9f8,490069,81 daily files 20260101..20260331
locationid=228352/year=2021.zip,https://openaq-data-archive.s3.amazonaws.com/records/csv.gz/locationid=228352/year=2021/,members-sha256:687076c579f3081fbb021b9e9f99d37706c57ee203f9c1193d3721f37b7755ba,2026-09-26T06:45:53+00:00,d5779100950f1bb48863e69abf8377f74ba4190605268035f6305754c3898eb9,182816,127 daily files 20210621..20211231
locationid=228397/year=2022.zip,https://openaq-data-archive.s3.amazonaws.com/records/csv.gz/locationid=228397/year=2022/,members-sha256:918690e9183b68a9342cfd4b4593eeda90e2c7d10fb532b61ea20948f983241e,2026-09-26T06:45:54+00:00,4b52743bb46b61c36e67f80de2c49df04d12d2046bc8f84edc98802107c739bd,137087,106 daily files 20220101..20221016
locationid=228403/year=2022.zip,https://openaq-data-archive.s3.amazonaws.com/records/csv.gz/locationid=228403/year=2022/,members-sha256:f1a50198d3493322f0cbccf837bbe5496394d5a30260acaaa0f167faf5f5200f,2026-09-26T06:45:56+00:00,3d4b65f6e8fb47013432303f62ca1d7c2b26ac5b7a593f5c94c74023d43f29cc,112827,89 daily files 20220101..20221016
locationid=227536/year=2025.zip,https://openaq-data-archive.s3.amazonaws.com/records/csv.gz/locationid=227536/year=2025/,members-sha256:ffbebb66763ca823957159385bd0e90942b552f32090f51892cb40d8b0cba130,2026-09-26T06:45:56+00:00,2670ca4fbd83e4f17297738352a50d8e732c235462272f3040744077ef4be58b,1542179,313 daily files 20250219..20251231
locationid=227931/year=2025.zip,https://openaq-data-archive.s3.amazonaws.com/records/csv.gz/locationid=227931/year=2025/,members-sha256:ce114388996954bedbc0819b4dc6b9978ac34ce015960d912f0053ef42dbdd8d,2026-09-26T06:46:00+00:00,73965370609e645716e09aa1c41d3c490148a6020675f85042037c64611e3409,1644122,315 daily files 20250219..20251231
locationid=228403/year=2026.zip,https://openaq-data-archive.s3.amazonaws.com/records/csv.gz/locationid=228403/year=2026/,members-sha256:c8da9ddfa75a25a7f0615b9d62fa17ad21985cd38364bfdf49920e5381e66782,2026-09-26T06:46:02+00:00,25ee95a5d5d0ff01c345862c8e7ced8dac4e6b33d5231712b6953dc69c4e66bc,499953,81 daily files 20260101..20260331
locationid=228397/year=2021.zip,https://openaq-data-archive.s3.amazonaws.com/records/csv.gz/locationid=228397/year=2021/,members-sha256:576bcc21952389c5e3ce7b203b396b8a5995a35dbaace2aba9da3d0f8edce1f5,2026-09-26T06:46:03+00:00,a21744e25c06f1876b91df8622995ad8660c089ce4415246ec895ed8e14e30bd,196464,132 daily files 20210622..20211231
locationid=228840/year=2022.zip,https://openaq-data-archive.s3.amazonaws.com/records/csv.gz/locationid=228840/year=2022/,members-sha256:847632a974b5932484b3cfed62dd049bfefc0b369b5a098dc42f99b467758303,2026-09-26T06:46:08+00:00,1ed005f492efb8d53c9e2849d8f573cec043a357a305820ce4bb533927cb5d13,113099,89 daily files 20220101..20221031
locationid=228403/year=2021.zip,https://openaq-data-archive.s3.amazonaws.com/records/csv.gz/locationid=228403/year=2021/,members-sha256:a14c76f9999ab67170df186281587325bb16da8f56bc9208fa013703129c6631,2026-09-26T06:46:08+00:00,29c6af04f074ed330824f18a0b4ce79767c9bc06b09dae7a09d204bc81d21e17,185974,129 daily files 20210622..20211231
locationid=228840/year=2026.zip,https://openaq-data-archive.s3.amazonaws.com/records/csv.gz/locationid=228840/year=2026/,members-sha256:762d04fc96d9379a7cf353d72bca27d6828862131516236858bfa619378ce118,2026-09-26T06:46:09+00:00,b4d0e294fe4e79a7e7fd99eb213f901e14f38d14ff7be8f9378b5cddc29d6ed9,463941,81 daily files 20260101..20260331
locationid=228297/year=2025.zip,https://openaq-data-archive.s3.amazonaws.com/records/csv.gz/locationid=228297/year=2025/,members-sha256:6442f9713edba2fbb1d799feb8838c48a35a63b68b03d3510538b23c944bbd30,2026-09-26T06:46:11+00:00,9239d9603a64d5b7fd8f8e49f5a4ecaebb95e6fb72252c1620f1b9dfeba2785b,1723635,311 daily files 20250219..20251231
locationid=229195/year=2022.zip,https://openaq-data-archive.s3.amazonaws.com/records/csv.gz/locationid=229195/year=2022/,members-sha256:80456e21ca209305f144bf708937fc4898021412d94f0f15bf67e06187ea3c50,2026-09-26T06:46:13+00:00,c75455874d7ef903245585a83d2f860d1128954c329de591fe23b20b6c27ad94,105943,86 daily files 20220101..20221031
locationid=229195/year=2026.zip,https://openaq-data-archive.s3.amazonaws.com/records/csv.gz/locationid=229195/year=2026/,members-sha256:bcfe72034e2bf3eb4ffe18dcbca3257b0f263e80a08953c8852ea92b3d86b36b,2026-09-26T06:46:17+00:00,542b7344a3f71a48b17b4c3f6b72324a3cbd73eb3028317b41e90367f4bb6489,474734,81 daily files 20260101..20260331
locationid=228840/year=2021.zip,https://openaq-data-archive.s3.amazonaws.com/records/csv.gz/locationid=228840/year=2021/,members-sha256:0129adb75f160b78ee4ef6ed65dc16df5fb8f389800febba56aa7c518ad3b205,2026-09-26T06:46:21+00:00,95f5e32b5005eb35e9ac0846a491dba68459720a7b1b177ab4d3a697176343fd,192454,128 daily files 20210701..20211231
locationid=229195/year=2021.zip,https://openaq-data-archive.s3.amazonaws.com/records/csv.gz/locationid=229195/year=2021/,members-sha256:2ac6935ead63bd1e57d8221fffab6e2f4987e7b9256efff2d4b7ee1ab364e589,2026-09-26T06:46:25+00:00,76cd6e2687d93a4f451be70c65e588751bbde0d868e8a57a7c6b7a1fa648533d,179872,119 daily files 20210708..20211231
locationid=229728/year=2021.zip,https://openaq-data-archive.s3.amazonaws.com/records/csv.gz/locationid=229728/year=2021/,members-sha256:74ec049ce0240d427468f3dd6648187603c0d0c276fcea08fe88bf158d2edbcd,2026-09-26T06:46:25+00:00,f5e8f637bbf813c1d0d505cbbc03047e6e648a78756914910f66457d614b0208,30116,39 daily files 20210718..20211230
locationid=229252/year=2022.zip,https://openaq-data-archive.s3.amazonaws.com/records/csv.gz/locationid=229252/year=2022/,members-sha256:da8916c3fafc77f75db6383b94ab051ceb04202d89c8c598ae06c0f891c6131f,2026-09-26T06:46:26+00:00,26c39c5a8c73dc1e6e628a8483564da2afb71dbe8ddd0189d4beb10be15ea126,114942,89 daily files 20220101..20221031
locationid=229252/year=2026.zip,https://openaq-data-archive.s3.amazonaws.com/records/csv.gz/locationid=229252/year=2026/,members-sha256:4e46e362a20c61bf9d6a81c7aa9fa70d4fbe9eed33bd699e933fdd101833a44d,2026-09-26T06:46:26+00:00,c1f84787181e919e988207f1a8239a89dbda81baeedf2d5b80c3354835ba63e3,485142,81 daily files 20260101..20260331
locationid=228300/year=2025.zip,https://openaq-data-archive.s3.amazonaws.com/records/csv.gz/locationid=228300/year=2025/,members-sha256:a3278897468300a54bdd00681ef53212625019963cd1dff5af7265df48350566,2026-09-26T06:46:31+00:00,9d0e68436e9b476184ef6a361bfad417e3bf6a051c770a6c09b0c5480daea30d,1787680,313 daily files 20250219..20251231
locationid=229404/year=2026.zip,https://openaq-data-archive.s3.amazonaws.com/records/csv.gz/locationid=229404/year=2026/,members-sha256:ca40d6308af33144cb3401a311e11e3d42eabcf2f16a7ebb9730499a6b629a6a,2026-09-26T06:46:33+00:00,63b630c02ec0bd95823e8ea0d5307fa84640b7e191931a17d655a415e26291f0,483925,81 daily files 20260101..20260331
locationid=228301/year=2025.zip,https://openaq-data-archive.s3.amazonaws.com/records/csv.gz/locationid=228301/year=2025/,members-sha256:3b62ed4b76925ebf65e054f230bbbd227b11d9b655ac9ba2be8910119ad4bce9,2026-09-26T06:46:34+00:00,d25dc9d623fcdab56ca93a8b4042d561ab7133b3aa6091155a7062a1db8e8b87,1545734,301 daily files 20250219..20251231
locationid=229252/year=2021.zip,https://openaq-data-archive.s3.amazonaws.com/records/csv.gz/locationid=229252/year=2021/,members-sha256:6f7618e9e1a3096affa9b2ee9f0c9a76681ee02dda7068581ad5ad09211ea63e,2026-09-26T06:46:36+00:00,4cf8511269e76b425f2090961da204e6d4b44d473bc4d33b6365fa6b79450cd6,185316,122 daily files 20210709..20211231
locationid=229404/year=2022.zip,https://openaq-data-archive.s3.amazonaws.com/records/csv.gz/locationid=229404/year=2022/,members-sha256:cd429ba955e965a985a64a46cff22be5cf99c27e6df273216b476d245a76370a,2026-09-26T06:46:37+00:00,2c56ecfbbb297684b6c2127cc7189238dde146b61d19343eb160ad62d1c4b52d,136696,107 daily files 20220101..20221016
locationid=229728/year=2022.zip,https://openaq-data-archive.s3.amazonaws.com/records/csv.gz/locationid=229728/year=2022/,members-sha256:59015413e340e1a49261d14dd252d3c8d0e971e026204d00ed21fa3e0c9dd1d5,2026-09-26T06:46:39+00:00,25f740d0cafeae70a0b91b50995fb3a182c68827e1b91dc5c106a2722507ecd9,67350,80 daily files 20220101..20221016
locationid=229728/year=2026.zip,https://openaq-data-archive.s3.amazonaws.com/records/csv.gz/locationid=229728/year=2026/,members-sha256:7ae32e964c81f1d79c440b001ce4712f4ee0c3dabc2b70f12ae1cfe3cfc5b5a0,2026-09-26T06:46:41+00:00,dee88acfa5cd8365b7a363b084c6c9f1e40abb33caf85a821937f9f448276ed6,366727,81 daily files 20260101..20260331
locationid=229729/year=2022.zip,https://openaq-data-archive.s3.amazonaws.com/records/csv.gz/locationid=229729/year=2022/,members-sha256:70f6078a4d915dbf60a4ffa3c7310104f455c760258dd913b435ac838dbc152e,2026-09-26T06:46:42+00:00,c96e834896ad12fa2e0a98cfd661e21c753ab689bd46c4ec5beadcfd744273e1,82246,71 daily files 20220101..20221031
locationid=229404/year=2021.zip,https://openaq-data-archive.s3.amazonaws.com/records/csv.gz/locationid=229404/year=2021/,members-sha256:47b07fb675e2ebcc11f03f00bc1fb2bc4193950d5d7b682afaf3b34138adad68,2026-09-26T06:46:44+00:00,98c77be888daad56382fc226667c91e19cee99787a7b7636b7d4c688cf527dc2,184740,121 daily files 20210713..20211231
locationid=229730/year=2021.zip,https://openaq-data-archive.s3.amazonaws.com/records/csv.gz/locationid=229730/year=2021/,members-sha256:778256e4d120d2358675de09c3b926cfb112e9d034f505ee487d24276b85ea69,2026-09-26T06:46:44+00:00,4ebf6b6372ede33eed9009079d4d57977663e0fd7a440f3c664099c1fa3c16dd,43984,49 daily files 20210718..20211231
locationid=229729/year=2021.zip,https://openaq-data-archive.s3.amazonaws.com/records/csv.gz/locationid=229729/year=2021/,members-sha256:fb271d957ad221fe97925d2868d8d27e0de259dea076de5c9220c1312758d010,2026-09-26T06:46:49+00:00,11c0ee74a0b2198b490befcf4bd72d34e7b05c980261e07cbde720fd63e1f367,112286,90 daily files 20210718..20211230
locationid=229731/year=2021.zip,https://openaq-data-archive.s3.amazonaws.com/records/csv.gz/locationid=229731/year=2021/,members-sha256:3df65dc043a3fc6674a619a8d6748b4f4b72585cbd4dbc4b9dcadcb30d476e76,2026-09-26T06:46:50+00:00,e0763d610f14e93ecf74ccfd8219256740ec2fa512dd14f5f068fe3c929205aa,43437,46 daily files 20210718..20211226
locationid=228303/year=2025.zip,https://openaq-data-archive.s3.amazonaws.com/records/csv.gz/locationid=228303/year=2025/,members-sha256:92a4a1105de62eaa60ca8ff100f3522a8ece6ad5438c07f7094598580e9f7bc0,2026-09-26T06:46:50+00:00,ab745d39c500e72c695b6c51c93e05c845753525f01a33717934993afb659856,1676878,305 daily files 20250219..20251231
locationid=229985/year=2021.zip,https://openaq-data-archive.s3.amazonaws.com/records/csv.gz/locationid=229985/year=2021/,members-sha256:49dcaffb3c1ec96b2ef21dd942bd52fbfa8de9dd031b4a6562b821ce8f8601bd,2026-09-26T06:46:52+00:00,2ccff5d61f99f25859e103de500561c20917187528578258310647dfc94a27ea,29083,38 daily files 20210722..20211231
locationid=229729/year=2026.zip,https://openaq-data-archive.s3.amazonaws.com/records/csv.gz/locationid=229729/year=2026/,members-sha256:e3856dd342cde6b44f4505128556d0a26105892ed83f4c9983a812982b6e91f7,2026-09-26T06:46:54+00:00,9aa6fd791b200926bd0e53a9be5f9f59287a1b6f3bc30531c05ac92a50cb00aa,494398,81 daily files 20260101..20260331
locationid=229730/year=2022.zip,https://openaq-data-archive.s3.amazonaws.com/records/csv.gz/locationid=229730/year=2022/,members-sha256:9e01dd1ee49ea2816aebb101486a3a87b48299c3168a4d0f38ccadbf1ffe7d35,2026-09-26T06:46:55+00:00,084c80065805aa689d595d220fd2414506d0cf084c8a3ce1bd4c3da50620e29c,68104,78 daily files 20220101..20221031
locationid=228352/year=2025.zip,https://openaq-data-archive.s3.amazonaws.com/records/csv.gz/locationid=228352/year=2025/,members-sha256:999558987910ea0d20ce24961406fd61fb5f4368f8b7c4ed5e23d14ca45365d7,2026-09-26T06:46:59+00:00,0a90f42cffac38164a42624b055d810376da693ec9996dbea414e3d46087c247,1544508,314 daily files 20250219..20251231
locationid=229731/year=2026.zip,https://openaq-data-archive.s3.amazonaws.com/records/csv.gz/locationid=229731/year=2026/,members-sha256:0eab1e4938216574ee6de8b3817f826dd461292d3b2fd2a7e86a58a8d731eb25,2026-09-26T06:47:03+00:00,e70815b7991e10bf0d0f569719b106531454d3e5328dcd0f6154dfbbaf7e5c85,368560,80 daily files 20260101..20260331
locationid=229987/year=2021.zip,https://openaq-data-archive.s3.amazonaws.com/records/csv.gz/locationid=229987/year=2021/,members-sha256:eb8d86dae5fd99ed54a7627b824a9f61b4a127e2f2c75230b7f2510c857b2e1f,2026-09-26T06:47:03+00:00,1658daa4c7fea7eee213b3788751d890e0311079e1965b9e69232aee453b6b95,54998,51 daily files 20210722..20211231
locationid=229731/year=2022.zip,https://openaq-data-archive.s3.amazonaws.com/records/csv.gz/locationid=229731/year=2022/,members-sha256:bd09e0660af58bca01ee3a908115fb9d86132086cc09ce0bb3a66e9db5301f45,2026-09-26T06:47:07+00:00,3c64413e0231ff36e031311509bfd29d255b388b4952cf63a0cd63423499cd8f,85781,94 daily files 20220101..20221016
locationid=229985/year=2026.zip,https://openaq-data-archive.s3.amazonaws.com/records/csv.gz/locationid=229985/year=2026/,members-sha256:29f3d1f474ffe4c670bec05cc5c14eaf004bbc28b77dcde827f0ef5f4c59214f,2026-09-26T06:47:08+00:00,e5498f295b9230eab7a9d5878816871f44e5613d30ea3e8450ad68e3ce30b5a1,332709,81 daily files 20260101..20260331
locationid=228397/year=2025.zip,https://openaq-data-archive.s3.amazonaws.com/records/csv.gz/locationid=228397/year=2025/,members-sha256:2dd7246ea0793688d9e792bebd54dac3d1ac62eea945c0fec4971be65efb96e1,2026-09-26T06:47:09+00:00,5360aedcce8606bee5529cab7c315d39622cf141bf3aadaeb4a48b24a47a185c,1628521,315 daily files 20250219..20251231
locationid=229987/year=2022.zip,https://openaq-data-archive.s3.amazonaws.com/records/csv.gz/locationid=229987/year=2022/,members-sha256:a8cef77df835d3272440ba7331f91a10066daca719966f68ca0745f3ee67ff18,2026-09-26T06:47:16+00:00,9239c52592f6fa46172941a1cf704204c70563b61796e9aba1ae048fadd0fe0e,90570,86 daily files 20220101..20221016
locationid=229985/year=2022.zip,https://openaq-data-archive.s3.amazonaws.com/records/csv.gz/locationid=229985/year=2022/,members-sha256:f3aae5e5ba3704da37835103aaa635ec8e4ca33d0f7eef5b4b889298fa126716,2026-09-26T06:47:17+00:00,8a6551614bce86343f1202c4b39315bd39f937dab427e6f6ebb032e0854f0c9d,108101,107 daily files 20220101..20221031
locationid=229987/year=2026.zip,https://openaq-data-archive.s3.amazonaws.com/records/csv.gz/locationid=229987/year=2026/,members-sha256:fb89beee98bd26aa10ae371f856f619ad5e7314fa62b06021229daa679268ad1,2026-09-26T06:47:18+00:00,5348d1b50e9f6b7b060746d86285e49c651fa1dc2ff90383f7943f42d751e0c4,333744,81 daily files 20260101..20260331
locationid=228403/year=2025.zip,https://openaq-data-archive.s3.amazonaws.com/records/csv.gz/locationid=228403/year=2025/,members-sha256:567136a29543a9a97bf9f07c8c70517d4a24f927e3d445d49737b5e7aec4667f,2026-09-26T06:47:20+00:00,a7afad8112336ef99e673bc9d85a616464eba000eca4c1da5b378310062b79e4,1615636,315 daily files 20250219..20251231
locationid=233414/year=2026.zip,https://openaq-data-archive.s3.amazonaws.com/records/csv.gz/locationid=233414/year=2026/,members-sha256:56de24c7e2bb525be5a97c7b340c892ba81ea9e6536f11f1e90cfbecc45226ca,2026-09-26T06:47:23+00:00,b8183bb202426dc2339f4ae31f16c3649fef4a70158986a2ca5eb0e32a99568c,499031,81 daily files 20260101..20260331
locationid=233414/year=2021.zip,https://openaq-data-archive.s3.amazonaws.com/records/csv.gz/locationid=233414/year=2021/,members-sha256:489a731c12df9af59e59100558a7c2c15523e398da5658628ec98b84429c3e61,2026-09-26T06:47:24+00:00,cfee412f5c82a6554cc1b477675efe8b16265fe7b12ea441a7d0823226fe09e0,108782,91 daily files 20210825..20211231
locationid=233414/year=2022.zip,https://openaq-data-archive.s3.amazonaws.com/records/csv.gz/locationid=233414/year=2022/,members-sha256:43cdd355d11b45f5c3985e6f850e7335af8894601e4b8c7b46c24987499861be,2026-09-26T06:47:24+00:00,dfc19c296a2f06c36ef3b3f4e9300c1e3272ece97a49d859925ba7df0d907086,101910,91 daily files 20220101..20221031
locationid=228840/year=2025.zip,https://openaq-data-archive.s3.amazonaws.com/records/csv.gz/locationid=228840/year=2025/,members-sha256:09dcb10491c3d18fbe5d21fd542ec8e9c6ebcad02940d455c999a9f78dcb5944,2026-09-26T06:47:29+00:00,6ec198c1ade47013d17c9966e8c08764a7221255ebcbcfb82f85a27042895f8b,1581010,314 daily files 20250219..20251231
locationid=233415/year=2022.zip,https://openaq-data-archive.s3.amazonaws.com/records/csv.gz/locationid=233415/year=2022/,members-sha256:4600b33ef8e4c169c8ef4671aa160e336fd43a3207158a62360bd9eade1b2cc5,2026-09-26T06:47:31+00:00,dea1267bd5a74a7adae7a6804c6cab9df4c4ae1a8c3a485044fabefceaa1d124,103442,87 daily files 20220101..20221031
locationid=233415/year=2026.zip,https://openaq-data-archive.s3.amazonaws.com/records/csv.gz/locationid=233415/year=2026/,members-sha256:d679b64e64721ce061ac358c483a609f727c7e2e0b1e4845e3c111c4529d4291,2026-09-26T06:47:32+00:00,de89321a1ccb4d6e37ffbb794291e2c85a3b6d0f1deb01904fcedcdf10752777,399806,81 daily files 20260101..20260331
locationid=229195/year=2025.zip,https://openaq-data-archive.s3.amazonaws.com/records/csv.gz/locationid=229195/year=2025/,members-sha256:809392da949566ab8a5dbaab446897c113170bd9ecdfea4e8f6eb33d652db1c9,2026-09-26T06:47:34+00:00,80e3fe10d1fc3a87133e29b761fc7cd06785da4c8fadb685300ab986ddafd98b,1551300,314 daily files 20250219..20251231
locationid=233415/year=2021.zip,https://openaq-data-archive.s3.amazonaws.com/records/csv.gz/locationid=233415/year=2021/,members-sha256:491f212d25472c690360cf85747a14a725a392324ae7d458863952e0bcf235b8,2026-09-26T06:47:36+00:00,406193ca2fdf938a228e03deacab92773bcb0443cbc36108f233c3cca8b200c6,155753,109 daily files 20210825..20211231
locationid=233416/year=2022.zip,https://openaq-data-archive.s3.amazonaws.com/records/csv.gz/locationid=233416/year=2022/,members-sha256:fc01ccd932521c83fe1fabc575a37536cdc1a02a6772e6e2bf1f51ebae6cbfea,2026-09-26T06:47:41+00:00,dea9bb881db0207920cedc5fbd8c778a24b59ce822c812046b2c9e764a5cb872,114854,90 daily files 20220101..20221031
locationid=229252/year=2025.zip,https://openaq-data-archive.s3.amazonaws.com/records/csv.gz/locationid=229252/year=2025/,members-sha256:032e15ba25d9ad42662c8127383370c7adbbf718b6c1c3f70ea9d7b9776bda0a,2026-09-26T06:47:42+00:00,f83fdbcdeb0b0df6d5b890d371f7328a0681dc70fdd74d4ca898c601f473ec5c,1645017,313 daily files 20250219..20251231
locationid=233416/year=2026.zip,https://openaq-data-archive.s3.amazonaws.com/records/csv.gz/locationid=233416/year=2026/,members-sha256:fd71a7cb63f8b7b7de7712f9d4ad6e86b52ae7f9ddbdf26d4087cbfef5cd4aad,2026-09-26T06:47:46+00:00,a0513468cc9882b6d509055983d90a24008e3e1eb8d8b150d3698554d2e0a397,485739,81 daily files 20260101..20260331
locationid=233416/year=2021.zip,https://openaq-data-archive.s3.amazonaws.com/records/csv.gz/locationid=233416/year=2021/,members-sha256:456aa1d04bd7ccbe41a48ebc5cc54f03e69f5037454c747bdcee1f032b58b904,2026-09-26T06:47:48+00:00,e8b5f00c4a2213c7209ce4fa4553a150675cb03c79ab0cd4c7a46ff9a6b720ae,177937,109 daily files 20210825..20211231
locationid=229404/year=2025.zip,https://openaq-data-archive.s3.amazonaws.com/records/csv.gz/locationid=229404/year=2025/,members-sha256:3de52af993e16270cc28f214d7008d75b5d0584d49a7b5cec5abbc66a63dbbcb,2026-09-26T06:47:49+00:00,2bc297e58087cc2f8251162ec869f278e6794b8b2305c4f63e1a84c046d60b8a,1578719,315 daily files 20250219..20251231
locationid=234568/year=2026.zip,https://openaq-data-archive.s3.amazonaws.com/records/csv.gz/locationid=234568/year=2026/,members-sha256:dbb67dfebc721a045fa7f43cdf2663aa67fb2d09f45254daa8d5d39f3fbf9561,2026-09-26T06:47:52+00:00,9e22c71792aac4e42d273a8ce6e316b68599937ad368e938dd14a5f9f9493cec,487486,80 daily files 20260101..20260331
locationid=234568/year=2021.zip,https://openaq-data-archive.s3.amazonaws.com/records/csv.gz/locationid=234568/year=2021/,members-sha256:42eef1ba29b85613657e875e820239a88239f3fafcfc119aac3ea5cc9780e551,2026-09-26T06:47:58+00:00,fca0fc9f59a1927433fbdc9e2463c97ad26e5ec4deb98d705141c69eedc2f7a0,168103,108 daily files 20210903..20211231
locationid=229728/year=2025.zip,https://openaq-data-archive.s3.amazonaws.com/records/csv.gz/locationid=229728/year=2025/,members-sha256:1b7f2614a32d1e357882c374d0a090644f40d3ffb25fec0fb712c55de8568a57,2026-09-26T06:47:59+00:00,caecb4cd03f1798c7684b0bd398c9f3dd11dcbbe95b530974001f547e8f30650,1228950,310 daily files 20250219..20251231
locationid=234568/year=2022.zip,https://openaq-data-archive.s3.amazonaws.com/records/csv.gz/locationid=234568/year=2022/,members-sha256:8ab9961fe533435feb0f6820b2c7ca800cb09bdd93375debfeabecdfa2e734bd,2026-09-26T06:47:59+00:00,a3743433b29f99c2c88b9c3670b8c60c4b07b017c8dc9de1cf4742cf2a982194,139402,108 daily files 20220101..20221031
locationid=234997/year=2022.zip,https://openaq-data-archive.s3.amazonaws.com/records/csv.gz/locationid=234997/year=2022/,members-sha256:8f00d487e8bd571ffda5fc303e63673bc7678b9fbb7d672d0f12119d52d34d9b,2026-09-26T06:48:02+00:00,91d0e0406b47f210ee1fcd4fff5f54cfa71444d2ecff9af5242be1fdb9f53b0d,111974,93 daily files 20220101..20221031
locationid=234997/year=2026.zip,https://openaq-data-archive.s3.amazonaws.com/records/csv.gz/locationid=234997/year=2026/,members-sha256:d4929fe5b5ffe567c7b14ad9319dcbbe07f36947c8da5869c525eeb17a406cc6,2026-09-26T06:48:03+00:00,f4d983da3b965341d08cdf0179bdad66bdf74d67cc781bcad931e7bee40d53ff,389478,81 daily files 20260101..20260331
locationid=234997/year=2021.zip,https://openaq-data-archive.s3.amazonaws.com/records/csv.gz/locationid=234997/year=2021/,members-sha256:6bee50add8ff21b32540cd29bddc397fd2be5afa488e6a935148b8d251df91f4,2026-09-26T06:48:05+00:00,b2cf757c849fee3ca3b40d2c94609c11b17f765ebc7f80d3e04aa4568f389648,160669,103 daily files 20210907..20211231
locationid=270697/year=2021.zip,https://openaq-data-archive.s3.amazonaws.com/records/csv.gz/locationid=270697/year=2021/,members-sha256:c9fad2d46040bb192d0fd454d508c977de200a58f4f8b5f5c89f76e9142ab619,2026-09-26T06:48:05+00:00,fb643e5c840a9f5d765a03f16ae62faf666f25580f69a24efd1e20a1f4bf118f,66340,50 daily files 20211110..20211231
locationid=236406/year=2021.zip,https://openaq-data-archive.s3.amazonaws.com/records/csv.gz/locationid=236406/year=2021/,members-sha256:d81c0f12a974a4c86890d3ea38e6916a67293955774c31f13f915aedd7a723c2,2026-09-26T06:48:06+00:00,5fd8842e6ea0868d04f3aaf594c539a8378fc903798c996cea0e550fc8f4b50e,117418,88 daily files 20210922..20211231
locationid=236406/year=2022.zip,https://openaq-data-archive.s3.amazonaws.com/records/csv.gz/locationid=236406/year=2022/,members-sha256:ba954a866c37fa0c7656d34b7363d5bd5862026fd6320f777364b3d6e1b9e4ab,2026-09-26T06:48:08+00:00,94db5d25e3fe9970d15d24b2692f35de46a761103946d653323d47791da07443,87931,87 daily files 20220101..20221031
locationid=236406/year=2026.zip,https://openaq-data-archive.s3.amazonaws.com/records/csv.gz/locationid=236406/year=2026/,members-sha256:d4b36519d28ed9c29e29f150f9ae78eb1f12c9bef4107cb07c0541ae85625a66,2026-09-26T06:48:11+00:00,e4420da7d7f42a7167c1a7b9790b0ef540e0573f86ec6dd4a6c7af5825568b5d,385526,81 daily files 20260101..20260331
locationid=229729/year=2025.zip,https://openaq-data-archive.s3.amazonaws.com/records/csv.gz/locationid=229729/year=2025/,members-sha256:7483a051809bbd24e808dbf36ff6ad97a129e723548987f566acad2d73c74d14,2026-09-26T06:48:11+00:00,ff570686c6d4a2e318c4c65990dc6d534f646ebcae9c71b5c021d588fa83334e,1543964,314 daily files 20250219..20251231
locationid=270703/year=2021.zip,https://openaq-data-archive.s3.amazonaws.com/records/csv.gz/locationid=270703/year=2021/,members-sha256:d27dbe74682d48d1493d9e85df9c3d71e4a278600c66ff0bebbe05da386cc42a,2026-09-26T06:48:15+00:00,a346d9bc3c1076e921e3c754a17a920a0914b0a76183e5411922363e7c388f1c,43225,47 daily files 20211112..20211231
locationid=270697/year=2026.zip,https://openaq-data-archive.s3.amazonaws.com/records/csv.gz/locationid=270697/year=2026/,members-sha256:c2f634d1a4efd0d2017fdaac8d86e1c844f6b53e82dbb47ee0a9cff9773c435a,2026-09-26T06:48:19+00:00,90614e598f22d4c817f8dbf2030733b29cc6bfe169a747f46ea13ff315343d86,489278,81 daily files 20260101..20260331
locationid=270708/year=2022.zip,https://openaq-data-archive.s3.amazonaws.com/records/csv.gz/locationid=270708/year=2022/,members-sha256:7f3a73aa0842b34e8e1e1040536a19dca1dd26e43a252f989fc1a4ef97492ea7,2026-09-26T06:48:20+00:00,c5e786f268f2813382559221537a8914d57c6a3c31c9d04e44008caac250dc2b,18867,22 daily files 20220105..20221012
locationid=270708/year=2021.zip,https://openaq-data-archive.s3.amazonaws.com/records/csv.gz/locationid=270708/year=2021/,members-sha256:1f1dbc03a3d9f32990601f82fc23a485c514e40a0705fae63346ee237642c9de,2026-09-26T06:48:21+00:00,4a078244304f093599983c4cd67df23dbf4d8d6fd46566eef76b3b2190624659,29630,31 daily files 20211116..20211228
locationid=270704/year=2021.zip,https://openaq-data-archive.s3.amazonaws.com/records/csv.gz/locationid=270704/year=2021/,members-sha256:80112032770a31151a3c1b30b0afe53ef4bc199a401890940bd1a3c9fd32f7e2,2026-09-26T06:48:23+00:00,ac5ea9d747d6712fde0a321a4918c2fdd3b2ceb71201ae5d40a162e6d34a38e1,43578,49 daily files 20211112..20211231
locationid=229731/year=2025.zip,https://openaq-data-archive.s3.amazonaws.com/records/csv.gz/locationid=229731/year=2025/,members-sha256:6cd513d52b388d8cd6ce4b77b4ca289bb1f2ebfcbafa81b1aa55d1a59443e878,2026-09-26T06:48:23+00:00,bde9df9c7902dfc6fa3dcf3675e5e2c8c8fd632b253906a58b587238ea4be785,1157441,312 daily files 20250219..20251231
locationid=270703/year=2026.zip,https://openaq-data-archive.s3.amazonaws.com/records/csv.gz/locationid=270703/year=2026/,members-sha256:8b0834c4abc7c32bd67460f0e55821d0f7e8ce1b8ca5763a7e4ae827b3dd2ce8,2026-09-26T06:48:28+00:00,9ff067c197aa97cb2e99ec0f7a0c11cf5d6040d3d6a3491364a6b0ffc8c4e4f9,352759,77 daily files 20260101..20260329
locationid=229985/year=2025.zip,https://openaq-data-archive.s3.amazonaws.com/records/csv.gz/locationid=229985/year=2025/,members-sha256:a0ffc003d1b0650b7e055da1808fd0716603fc345f4869c0bbbea7c5cd4aed8d,2026-09-26T06:48:29+00:00,8599a867d318e24167d88aca15552922efefda80807347cee5aa33d828f9b146,956902,311 daily files 20250219..20251231
locationid=270697/year=2022.zip,https://openaq-data-archive.s3.amazonaws.com/records/csv.gz/locationid=270697/year=2022/,members-sha256:7693b0376866f3ccad58a85583b089aa3e1d1fbb44fc03775a68bef24cd7e948,2026-09-26T06:48:29+00:00,861c5c6343338e8443a6f806fd963907535fbb88ea272057af92de8388ca38a4,137864,110 daily files 20220101..20221031
locationid=270703/year=2022.zip,https://openaq-data-archive.s3.amazonaws.com/records/csv.gz/locationid=270703/year=2022/,members-sha256:665ae0f19d7ddffb70a99ad30a6c8415e2cb68d0cd049025f51c91e0f254d3fd,2026-09-26T06:48:29+00:00,eae23fd1e34f256e4f5d43aeab8ff2686faa2276005c205d4ce6622a2bce1004,95660,86 daily files 20220101..20221031
locationid=270720/year=2021.zip,https://openaq-data-archive.s3.amazonaws.com/records/csv.gz/locationid=270720/year=2021/,members-sha256:70430c808410199036a3a58666c25c540491d0f64c4c0cb85a62b2f8dc2bb10f,2026-09-26T06:48:33+00:00,8f47f7ac4a1daba72a047b08fef1756dc33ecbf6840eb7dd9ce3a3e30c892460,32023,37 daily files 20211122..20211231
locationid=229987/year=2025.zip,https://openaq-data-archive.s3.amazonaws.com/records/csv.gz/locationid=229987/year=2025/,members-sha256:37df9401f33e645e152d63a8f0c95de0f48e605552fb44858438183951277630,2026-09-26T06:48:34+00:00,4bd79b00460008717970fef7333c0bdb32d7990cf5e58c380fe1cac55310166d,1124627,313 daily files 20250219..20251231
locationid=270704/year=2022.zip,https://openaq-data-archive.s3.amazonaws.com/records/csv.gz/locationid=270704/year=2022/,members-sha256:48f48808fa70ab99d34d02ae0db9ce609cff9a408e43eeabff9d3d5ef30c02a6,2026-09-26T06:48:37+00:00,f6206aca306946f57d51c7e4b1f68a4d098821e8c3e47777f2ad9776ec179836,91510,88 daily files 20220101..20221031
locationid=270704/year=2026.zip,https://openaq-data-archive.s3.amazonaws.com/records/csv.gz/locationid=270704/year=2026/,members-sha256:7e2264d3ddeb6c252456b039973067583fec5c1db7e08f9a68863ddc7ad96f92,2026-09-26T06:48:37+00:00,e16c0081b1e2cc05e821c7789fb348902782f63d949f11c6fe79daa4957c7ca5,390660,81 daily files 20260101..20260331
locationid=270721/year=2021.zip,https://openaq-data-archive.s3.amazonaws.com/records/csv.gz/locationid=270721/year=2021/,members-sha256:a3d7c9432b3f72c226d9b307a4fd918ee716c91f353a92ca3c7f1c0c3593727e,2026-09-26T06:48:41+00:00,504037901b2c271abea6db1ea3a4877a5e205e9c2ad90d4f0bbec3e2d9bec3f2,31456,38 daily files 20211122..20211231
locationid=270708/year=2026.zip,https://openaq-data-archive.s3.amazonaws.com/records/csv.gz/locationid=270708/year=2026/,members-sha256:1e56ec260df68ed931c5ab1618525702b778a7389b920728ae055ff4df8e5c0b,2026-09-26T06:48:42+00:00,cb40176dd39b64226e25245e0dcf306cc1e164f51d6f19994068d4ea08fb923f,294237,80 daily files 20260101..20260331
locationid=233414/year=2025.zip,https://openaq-data-archive.s3.amazonaws.com/records/csv.gz/locationid=233414/year=2025/,members-sha256:315c5376b001baef9831e2ed94a3811967d6204ac0216b0acc49f8da4fcf0e28,2026-09-26T06:48:43+00:00,a6dfafba9aab57d706ee4b7d28f3e023048289b39d2250b11dd98ac9f617c2b0,1626312,309 daily files 20250219..20251231
locationid=270722/year=2021.zip,https://openaq-data-archive.s3.amazonaws.com/records/csv.gz/locationid=270722/year=2021/,members-sha256:e3d4158b28062108ffbcd796cdc6ec33826839bc81a73951cc010561d9011360,2026-09-26T06:48:44+00:00,ab36da4dd71d4b3a4d69e052369458eebc8622ef7b508020ef91838fa81d1bdb,27188,31 daily files 20211122..20211231
locationid=270720/year=2022.zip,https://openaq-data-archive.s3.amazonaws.com/records/csv.gz/locationid=270720/year=2022/,members-sha256:a86d9cb3baf9bb9e61976e4269397883034711d8026b0f0bcf38690f8c36481d,2026-09-26T06:48:48+00:00,2258f076b9635cf0b01c7284c38a397e09164316eef442cb1fc2d264e7144e13,82984,78 daily files 20220101..20221016
locationid=233415/year=2025.zip,https://openaq-data-archive.s3.amazonaws.com/records/csv.gz/locationid=233415/year=2025/,members-sha256:c5e88ee45cdb184a60515fb48059113438ce4a4a3c1a86ccb4fa6cb981afa5bf,2026-09-26T06:48:52+00:00,cef4f3767e0f7e4f7f2488317bd5d6e809509c73a90f6853504de46268e47029,1424313,314 daily files 20250219..20251231
locationid=270720/year=2026.zip,https://openaq-data-archive.s3.amazonaws.com/records/csv.gz/locationid=270720/year=2026/,members-sha256:581c9fd14fb396b139c41f018365121114caab9b48ab0c08cdbef733f9ea4ab8,2026-09-26T06:48:52+00:00,859c303591a6c7a6b4d15c72e01561bd723b177136199f997049c3049e7805ee,371058,80 daily files 20260101..20260331
locationid=270723/year=2021.zip,https://openaq-data-archive.s3.amazonaws.com/records/csv.gz/locationid=270723/year=2021/,members-sha256:8dfd510ed517efda9fa2bfb9eadef88c33212c555600259ba6412447d1014384,2026-09-26T06:48:52+00:00,091733a6d2f96c48be05c5c8933036a2f63013e78e108b48ed7f0d18b528544e,41423,39 daily files 20211122..20211231
locationid=270722/year=2022.zip,https://openaq-data-archive.s3.amazonaws.com/records/csv.gz/locationid=270722/year=2022/,members-sha256:52e11c8e300ce4b009277450a3f0f67c871e627c4228d433d10160a7da1f2b5a,2026-09-26T06:48:58+00:00,c4eb22388b2d36b3c51127026e03a6cc46a90d255a905b835f3649d1a91fdac2,75419,73 daily files 20220101..20221031
locationid=270724/year=2021.zip,https://openaq-data-archive.s3.amazonaws.com/records/csv.gz/locationid=270724/year=2021/,members-sha256:f06586e9ff726a0a895daf8742bc21274881a8b664271e85556ecdb97d07ec32,2026-09-26T06:48:58+00:00,031ea666e8757a3cd9213211d0efe6742d42cae4db00dc56e79f3742b6a04f2d,38452,40 daily files 20211122..20211231
locationid=270721/year=2026.zip,https://openaq-data-archive.s3.amazonaws.com/records/csv.gz/locationid=270721/year=2026/,members-sha256:cccbc639c63314c7783a8a983f87e4da69a56c035ef143e214ea3fa18761d4ad,2026-09-26T06:49:01+00:00,4a8a62c33fef95809c246316b0c94da33f262a662826d597332909f445d89198,389920,81 daily files 20260101..20260331
locationid=270721/year=2022.zip,https://openaq-data-archive.s3.amazonaws.com/records/csv.gz/locationid=270721/year=2022/,members-sha256:6a499c014963771bf323c652a155d2559c2222c9bd3ef1b123f7c402050418b6,2026-09-26T06:49:04+00:00,5fe6a491ab6a72c40a4dbf55844f5fc22c4fcd4f44a81738d0616cd68f80ee58,109790,105 daily files 20220101..20221031
locationid=233416/year=2025.zip,https://openaq-data-archive.s3.amazonaws.com/records/csv.gz/locationid=233416/year=2025/,members-sha256:1fc7fb80f3d52016a106d36fce4de93194bbc68e67effa61d13bd3018ac379d4,2026-09-26T06:49:05+00:00,5b77e17aa69af623affae751950e207d61df5f21aea29be78c0da273f9d5df6b,1617956,315 daily files 20250219..20251231
locationid=270725/year=2021.zip,https://openaq-data-archive.s3.amazonaws.com/records/csv.gz/locationid=270725/year=2021/,members-sha256:794aaa11425b506e80aaa920bb611ec41f6503f6f4d71dae59eb7fcdc81c79df,2026-09-26T06:49:06+00:00,9879622d830fe96c6adae18bd092dce5a405439b480721aed9d33bbd1fb89484,35389,36 daily files 20211122..20211231
locationid=270723/year=2026.zip,https://openaq-data-archive.s3.amazonaws.com/records/csv.gz/locationid=270723/year=2026/,members-sha256:7af5b94d99ff11cc7ffcd4c05ab570832c0bddbbf4f59a56c0181d0476763a18,2026-09-26T06:49:09+00:00,f66981f02b9c00498c196e0434058365a7e68a28fd8c0383c523a590a8e4f5eb,401680,81 daily files 20260101..20260331
locationid=234568/year=2025.zip,https://openaq-data-archive.s3.amazonaws.com/records/csv.gz/locationid=234568/year=2025/,members-sha256:4cb6057ee7c844de7e737b99cbf074427b1512365dabcaa9897549e251869f71,2026-09-26T06:49:13+00:00,210639f2a993e092b31d6060ffad035c6b9ae5f12fcdc95173dafd5be77e07ff,1617408,314 daily files 20250219..20251231
locationid=270723/year=2022.zip,https://openaq-data-archive.s3.amazonaws.com/records/csv.gz/locationid=270723/year=2022/,members-sha256:c7f0d2eda195889a004a567349b2adfe6a5f425398db0850c02f3633fb293261,2026-09-26T06:49:13+00:00,c88719ddd45445bc564bee2730da5b54e342019ad377525c277cc3e0615d9737,106544,95 daily files 20220101..20221031
locationid=270726/year=2021.zip,https://openaq-data-archive.s3.amazonaws.com/records/csv.gz/locationid=270726/year=2021/,members-sha256:23abdb30ab86a8fd74539e1922d44cd1c6cf07c4a4c08cffa3ef35884f72a1e3,2026-09-26T06:49:14+00:00,460e531c73cd1b93f14b29de889ba9de288c866214c4255c913b38babdc2446d,26264,35 daily files 20211122..20211231
locationid=270724/year=2026.zip,https://openaq-data-archive.s3.amazonaws.com/records/csv.gz/locationid=270724/year=2026/,members-sha256:58958c54c6f5e630cfe9b2423b6f4da843b42b179325b9a9553cf9f862441b52,2026-09-26T06:49:15+00:00,11790764694c21a8f70e93ef72499554fd30380ef32f70e2150ad83d8aa41a79,326758,79 daily files 20260101..20260331
locationid=234997/year=2025.zip,https://openaq-data-archive.s3.amazonaws.com/records/csv.gz/locationid=234997/year=2025/,members-sha256:f210ca87db17a43316850b38850a8e45dd0a467f2b9fd779d807c44f6fa1b9fb,2026-09-26T06:49:15+00:00,fa6205c0470ae5e3ee57945fe9d60d86ca93be36b31165d9e2c79c7cbf32015b,1422727,297 daily files 20250219..20251231
locationid=270727/year=2021.zip,https://openaq-data-archive.s3.amazonaws.com/records/csv.gz/locationid=270727/year=2021/,members-sha256:6789270a79561e51bdd439425f89b39e26669584ea9fc5fd75944ec3803747a3,2026-09-26T06:49:22+00:00,e4a2de98fbd368414f60ce3296ccdd16d89e807128f30a206667f7e5b8aee58b,30770,38 daily files 20211122..20211231
locationid=270724/year=2022.zip,https://openaq-data-archive.s3.amazonaws.com/records/csv.gz/locationid=270724/year=2022/,members-sha256:aa9cc2dc138220b2d0744edc74094b541c88a8ea99f25163d643a1389e3f54ed,2026-09-26T06:49:23+00:00,7bfe73aec4abee3785a5a9d0a449f3b31f3606f6ec3f87a807ec61e50d01a476,119695,107 daily files 20220101..20221031
locationid=270725/year=2022.zip,https://openaq-data-archive.s3.amazonaws.com/records/csv.gz/locationid=270725/year=2022/,members-sha256:19a64818dff117c50d9495ba380f898a65b74ac1048ebeaa01c23c6279ed4a32,2026-09-26T06:49:24+00:00,8f493151b86d5fbd3ef3d091bda1e228efcceec006e5720b049d1d34c21fec85,96745,87 daily files 20220101..20221031
locationid=270725/year=2026.zip,https://openaq-data-archive.s3.amazonaws.com/records/csv.gz/locationid=270725/year=2026/,members-sha256:d274f1deb5a76482c30f73904e3d74dad935f4f2874434905d9f7b8ae9854026,2026-09-26T06:49:24+00:00,4e7a945c1da558dc9ecb6ce19757731b418f20b3c7fad472f8d55efe998434fe,376973,79 daily files 20260101..20260331
locationid=270728/year=2021.zip,https://openaq-data-archive.s3.amazonaws.com/records/csv.gz/locationid=270728/year=2021/,members-sha256:78be8356828121a847291dec1dee99cf0ee6c989e9e55bbb41197604636a029d,2026-09-26T06:49:27+00:00,48d3639851dcb844ba8c2bd7e291a7059ceddc2959ad2be84cfd0abbbb6c1483,25487,33 daily files 20211122..20211231
locationid=236406/year=2025.zip,https://openaq-data-archive.s3.amazonaws.com/records/csv.gz/locationid=236406/year=2025/,members-sha256:803e8ad865808b7f9ce69658b1e2810113bddd3e11f91c788b6d78f4ec035ffa,2026-09-26T06:49:33+00:00,5e33f32c3d0f667ff82d0d367eb1024abc2ca14838eb663ad9fc8c24e8389d28,1366214,315 daily files 20250219..20251231
locationid=270726/year=2026.zip,https://openaq-data-archive.s3.amazonaws.com/records/csv.gz/locationid=270726/year=2026/,members-sha256:131c9214879182b7396480171093b6eb881fb32b248891b9741bab7aded0658b,2026-09-26T06:49:33+00:00,269c21b099141997402742aba7dc8d50453254232f6008b2490dd93f198767b1,331153,80 daily files 20260101..20260331
locationid=270726/year=2022.zip,https://openaq-data-archive.s3.amazonaws.com/records/csv.gz/locationid=270726/year=2022/,members-sha256:9257aafe60e5a8d9bc08d37de96076862085ba58e2bbf91e1e4cf0581c32ce65,2026-09-26T06:49:33+00:00,4a921919b14d0384663578085a9ab759024f107dfd2c4fbf20042800238ec277,87929,87 daily files 20220101..20221031
locationid=270729/year=2021.zip,https://openaq-data-archive.s3.amazonaws.com/records/csv.gz/locationid=270729/year=2021/,members-sha256:8dcc94ac780d85b13a1553204700e8feda1adb540ad7e1586f9168389002e175,2026-09-26T06:49:39+00:00,cf2beb8bb5b4dd15f8f22f78aaa372aca5035d208b418e5de7f86091621ba901,34528,36 daily files 20211122..20211231
locationid=270727/year=2026.zip,https://openaq-data-archive.s3.amazonaws.com/records/csv.gz/locationid=270727/year=2026/,members-sha256:8cdc9cd18b0d3aea9a02277992a510c7bf0e682e873defa359bc9f568439d197,2026-09-26T06:49:43+00:00,f2c68206b91601f4445f0c9e5f06c71ab6fff28f953e6c6afc1bf90a7735a62f,358051,81 daily files 20260101..20260331
locationid=270730/year=2021.zip,https://openaq-data-archive.s3.amazonaws.com/records/csv.gz/locationid=270730/year=2021/,members-sha256:9054055cab10cb070da8a05073cf18daf82e9c3df8143eb278328637ac2d3e26,2026-09-26T06:49:43+00:00,bb35ff58affe1aa3c8916f89dbc360602b2f8964faaf569a683692c006a91776,22465,25 daily files 20211123..20211231
locationid=270697/year=2025.zip,https://openaq-data-archive.s3.amazonaws.com/records/csv.gz/locationid=270697/year=2025/,members-sha256:e636875dcb7aa0ed96fbaddbb78e50a2aa2c60f7b30a59708d7e980002aaf903,2026-09-26T06:49:45+00:00,6629814ff91a11b5db2b1888b320be4ee6fc52335126ac276345efa7866a9049,1669979,314 daily files 20250219..20251231
locationid=270728/year=2026.zip,https://openaq-data-archive.s3.amazonaws.com/records/csv.gz/locationid=270728/year=2026/,members-sha256:d73882f04b749ec6b396307913f688084e28916b6122bfa01eb6fe80786e35b6,2026-09-26T06:49:47+00:00,06320256718010afa0241f304601d3b5a74db5e1d051907197e3caa2f1723587,385469,81 daily files 20260101..20260331
locationid=270703/year=2025.zip,https://openaq-data-archive.s3.amazonaws.com/records/csv.gz/locationid=270703/year=2025/,members-sha256:0c40c44e581f7ef79131acb698a0f6d47c38ef7f3cfade65e522bdd0225ba380,2026-09-26T06:49:47+00:00,711ba1d0ef644a067288e04593b98d14a04e86db2aad976d054a71fee59a14b7,1094329,302 daily files 20250219..20251231
locationid=270737/year=2021.zip,https://openaq-data-archive.s3.amazonaws.com/records/csv.gz/locationid=270737/year=2021/,members-sha256:ef5e5de6e3d39ff5356d15786e1548e98b5a367823501d2c189276d4bdf0364e,2026-09-26T06:49:47+00:00,aadb3f157d6f7c06775b9eb8ff120aa406f23808b7d847bc74379135ef6020fa,5903,10 daily files 20211202..20211227
locationid=270727/year=2022.zip,https://openaq-data-archive.s3.amazonaws.com/records/csv.gz/locationid=270727/year=2022/,members-sha256:8a37aa551d2ab4924577fc794fb008359f25669357039b79bb2a7e7ffcb514cf,2026-09-26T06:49:50+00:00,c2b449bebf6b10420ed82b6949bd2f1a9e076761ac66cc914483f72ea1c1fedc,115350,108 daily files 20220101..20221031
locationid=270728/year=2022.zip,https://openaq-data-archive.s3.amazonaws.com/records/csv.gz/locationid=270728/year=2022/,members-sha256:718923f454236abd87123bfc64eb5dfc1b5f2d71f187a8f5b94a4a0785622661,2026-09-26T06:49:52+00:00,167661e620ff6deb17701a6adf5be2ff80234a174e68da2ab580cd3ce039f19b,96038,97 daily files 20220101..20221016
locationid=270704/year=2025.zip,https://openaq-data-archive.s3.amazonaws.com/records/csv.gz/locationid=270704/year=2025/,members-sha256:07ec1c27faa964e68a7a870a2f4c0b1db1d91d599ebcd5db534c6c8ed3674c13,2026-09-26T06:49:56+00:00,dac0f198981032aed25cf120445a3a7bea4e97bf4e806fd6f8d09583adbfd873,1279527,313 daily files 20250219..20251231
locationid=270729/year=2026.zip,https://openaq-data-archive.s3.amazonaws.com/records/csv.gz/locationid=270729/year=2026/,members-sha256:54f298db2d76574fa0bd316d26f15795476d0b0be6551b2e295bbeb59f6edc17,2026-09-26T06:49:56+00:00,10155a5d4ae11a651815f2d0139b09ff76af77970917492c436378f647ae2e51,348188,81 daily files 20260101..20260331
locationid=270771/year=2021.zip,https://openaq-data-archive.s3.amazonaws.com/records/csv.gz/locationid=270771/year=2021/,members-sha256:f4d49ba7de277b1c74e7832009bb9f546801aea1a5f8bc693e38a28af3f73d9a,2026-09-26T06:49:57+00:00,ff84980ea21227b697397279ea5757bc6a1916849ba6cb46ffa7b58a0087812a,19304,21 daily files 20211210..20211231
locationid=270708/year=2025.zip,https://openaq-data-archive.s3.amazonaws.com/records/csv.gz/locationid=270708/year=2025/,members-sha256:78a8704ad3ef47b50da37c7eff8feaa69c791702ac4a9e91b231b591e23996c7,2026-09-26T06:50:00+00:00,e16dc71d90b891956204dfd23fb579510a818cfcfebb22d770ee499d058e534f,1070817,297 daily files 20250219..20251231
locationid=270729/year=2022.zip,https://openaq-data-archive.s3.amazonaws.com/records/csv.gz/locationid=270729/year=2022/,members-sha256:b869a11be7f14b5470bdbf96b42e5ede9ca689cf7d73431f9cc5993fe28eac83,2026-09-26T06:50:03+00:00,87a3a6577cb5300f16943536f1055aee555a4e42cb8170b771f1fab1e95f26d0,112370,108 daily files 20220101..20221031
locationid=270774/year=2021.zip,https://openaq-data-archive.s3.amazonaws.com/records/csv.gz/locationid=270774/year=2021/,members-sha256:6b3598a1438d6fc476f1cdacf5f0949f566b8eec3ad6e8561a4d7a2201f40c73,2026-09-26T06:50:03+00:00,25bd8c5db79d88ee5ce1daae438836ddf39b19f34962ddf54d7dc61400728bdb,11390,16 daily files 20211216..20211231
locationid=270730/year=2026.zip,https://openaq-data-archive.s3.amazonaws.com/records/csv.gz/locationid=270730/year=2026/,members-sha256:4be5c2b94d6243a464d74f96f6c0297c2c9005a02c9499f42909e86a728b266d,2026-09-26T06:50:03+00:00,e0b62dec5d626dedadfb84ae6d1aff503cd8c6ad14b0b49b97f24505d3580e98,352950,77 daily files 20260101..20260331
locationid=270775/year=2021.zip,https://openaq-data-archive.s3.amazonaws.com/records/csv.gz/locationid=270775/year=2021/,members-sha256:05b72d35fc737f0343e60a65d336c802f88cdc8c1c9b11a3cac114f17d472cec,2026-09-26T06:50:09+00:00,34fb2c6f31a675868ce59d2e82183888cee93467bc397a08fef9f7d061308ea2,10191,15 daily files 20211217..20211231
locationid=270730/year=2022.zip,https://openaq-data-archive.s3.amazonaws.com/records/csv.gz/locationid=270730/year=2022/,members-sha256:91aacc7756a4c4944e1b7edc25e1ccc1ffaeb298e74786b067dc85a4a3f49ba7,2026-09-26T06:50:10+00:00,746a1cd66cc0593999ab1c3e9ef5290b93aff3ac9ddefdeb29bfb5f09d3ed25f,107086,104 daily files 20220101..20221016
locationid=270720/year=2025.zip,https://openaq-data-archive.s3.amazonaws.com/records/csv.gz/locationid=270720/year=2025/,members-sha256:ee6eab0a3d30ed5eb73fff97939b438f56158e1b0230ede5b9076726f0ea20d9,2026-09-26T06:50:13+00:00,3db17e450c81c8698b60f5189b211e8d78b08f66d559ce739efc87ee82ca7b2e,1218873,307 daily files 20250219..20251231
locationid=270737/year=2022.zip,https://openaq-data-archive.s3.amazonaws.com/records/csv.gz/locationid=270737/year=2022/,members-sha256:6771a88a4c585307c3183fa4f9b56517f34700d77788b17ed4a296cc75472544,2026-09-26T06:50:14+00:00,2a93c9d6e37a69597cdd8fcde798f553096dc9f75b40244fcc54a9e1b1698877,77200,87 daily files 20220101..20221016
locationid=270737/year=2026.zip,https://openaq-data-archive.s3.amazonaws.com/records/csv.gz/locationid=270737/year=2026/,members-sha256:0206131291b67b88630ef627d6fe562caf0ca04fba97fb8bdd261f1ba8524675,2026-09-26T06:50:15+00:00,2ffdae93ff67ff6dd9809510d400e79b176db3246783694532e4a17c7c689d0d,344484,80 daily files 20260101..20260331
locationid=270777/year=2021.zip,https://openaq-data-archive.s3.amazonaws.com/records/csv.gz/locationid=270777/year=2021/,members-sha256:2902774a3c6798dbba2d1011bd4c8bad90e7350eb46330456bb15dec5ad0ed74,2026-09-26T06:50:17+00:00,6d207ff3466a2d0a684a438da16accc1af70682d553e208a7cc48e7bb3679b8a,10166,14 daily files 20211218..20211231
locationid=270771/year=2026.zip,https://openaq-data-archive.s3.amazonaws.com/records/csv.gz/locationid=270771/year=2026/,members-sha256:86bbbb2bc02531b77b270108955f78144d38a0d1b4273fb37bc60bf26519c024,2026-09-26T06:50:20+00:00,b32d2f33b2d37f13788b9cdd1d3abee0885ed37592c956813e246a69180daecc,453784,81 daily files 20260101..20260331
locationid=270721/year=2025.zip,https://openaq-data-archive.s3.amazonaws.com/records/csv.gz/locationid=270721/year=2025/,members-sha256:0219979b14345bc590bb43142f653a9ab8b3341b55a0a97ecf68a99936753ece,2026-09-26T06:50:22+00:00,a7fc628783531f40573a0feae49bc8909fdc98d64569a197e689878090dba536,1269406,314 daily files 20250219..20251231
locationid=270771/year=2022.zip,https://openaq-data-archive.s3.amazonaws.com/records/csv.gz/locationid=270771/year=2022/,members-sha256:342a570e3cdfd345ace00a331090577d2479c08b593adadaea988f246fb25607,2026-09-26T06:50:27+00:00,b80a1c3cd68fe8544bfa5a404b94aba7306602d4b75610e4ee22b458e2a4e9d3,138172,107 daily files 20220101..20221016
locationid=270774/year=2022.zip,https://openaq-data-archive.s3.amazonaws.com/records/csv.gz/locationid=270774/year=2022/,members-sha256:baeb336ef919e878e554bd3e56434a07f3ff4678992bf0808c78ca6d838f5dbf,2026-09-26T06:50:28+00:00,e42b72720427dc36c315e774466b816463458f17bb7fc525928e69a79c39a8aa,86004,87 daily files 20220101..20221031
locationid=270774/year=2026.zip,https://openaq-data-archive.s3.amazonaws.com/records/csv.gz/locationid=270774/year=2026/,members-sha256:12f81e0768469e93f891f6054fe7b3a06fb7c2d6e01dad981f2e18b7fadc2fa7,2026-09-26T06:50:28+00:00,22a9b005a83f2aa8f7dedcaffe8042414101311c5dcb5ca56affe43b12719b94,357186,80 daily files 20260101..20260331
locationid=270723/year=2025.zip,https://openaq-data-archive.s3.amazonaws.com/records/csv.gz/locationid=270723/year=2025/,members-sha256:985d4ff5b95998970aa2a7273d41c141768f31ea95d59f719b0fd1013dec477d,2026-09-26T06:50:30+00:00,4dcf6eb5eca13b0a15e4ca08fda25389d1b0e0cebfe7362ae18115e03896ae53,1306885,312 daily files 20250219..20251231
locationid=270775/year=2026.zip,https://openaq-data-archive.s3.amazonaws.com/records/csv.gz/locationid=270775/year=2026/,members-sha256:4ee8026d423deb6d4ec9b3aca5846bf1d480bf59e9fd03c40e30bd32d365b06f,2026-09-26T06:50:34+00:00,957a3b3bec604ba6eba40d444148c4cf7207f8acb8c13f35b7ab85449cc89435,358184,79 daily files 20260101..20260331
locationid=270775/year=2022.zip,https://openaq-data-archive.s3.amazonaws.com/records/csv.gz/locationid=270775/year=2022/,members-sha256:4b19edb038c89cf4033c00786c139d9ce6b71efa6deae832a1eec4f4035b04b5,2026-09-26T06:50:35+00:00,3b0d81614dab2e1eba460eac934117e03403bd47b19b7471bc3acfb050ac466a,92081,87 daily files 20220101..20221031
locationid=270724/year=2025.zip,https://openaq-data-archive.s3.amazonaws.com/records/csv.gz/locationid=270724/year=2025/,members-sha256:af17eae255f6c810f64ec37fe8cd9e0224cdf3d139f8739c6457299328e8ddbd,2026-09-26T06:50:36+00:00,5021d1d330290f4ad03d01a62cfbcf9d9115920a8c5cc3e76f5814bf88567ce2,1348001,315 daily files 20250219..20251231
locationid=270777/year=2026.zip,https://openaq-data-archive.s3.amazonaws.com/records/csv.gz/locationid=270777/year=2026/,members-sha256:67bbc8f28a5b18726b5e54f95d6b9716f60587788967906689860e3508119278,2026-09-26T06:50:44+00:00,69cabe71acd824ab3058635236dad702a39817443d20f49a3b6d2391f2c95ece,486960,81 daily files 20260101..20260331
locationid=270777/year=2022.zip,https://openaq-data-archive.s3.amazonaws.com/records/csv.gz/locationid=270777/year=2022/,members-sha256:3c74ec702deb1d1e156f82b29e74cbd1b1a86fb4e763838da0b99e250af0f612,2026-09-26T06:50:46+00:00,6d2362252582d2734fe6489c4b02cdebea660c95819f768cac8318226f881875,115259,92 daily files 20220101..20221031
locationid=270725/year=2025.zip,https://openaq-data-archive.s3.amazonaws.com/records/csv.gz/locationid=270725/year=2025/,members-sha256:9eef46685ea6574535600cc5ad9ed11dada419d9db20c31276015687faecca80,2026-09-26T06:50:47+00:00,a79d07bc99e51bb78c750119a0e73c034699021ea7586fa834e649cff3001e19,1211986,313 daily files 20250219..20251231
locationid=270726/year=2025.zip,https://openaq-data-archive.s3.amazonaws.com/records/csv.gz/locationid=270726/year=2025/,members-sha256:06bb44e45337c978580f2cf680919572a5904ecf6d3a3c981f1f8a7401a3ce40,2026-09-26T06:50:52+00:00,9f9e509e2309ac54cb38453c4bd2bfca5196acb1fd3f4ce403d231b92b10ce71,1030850,301 daily files 20250220..20251231
locationid=270877/year=2026.zip,https://openaq-data-archive.s3.amazonaws.com/records/csv.gz/locationid=270877/year=2026/,members-sha256:2c6a0d4ab4bc94ca74c900fd2ad22435e93c5b69ab622c96c52d1c4d6170a959,2026-09-26T06:50:53+00:00,4a6772fd0b34e57300c6f0843b28eaedfb5dbe48b4babe244b5d5ed08eb1dbf5,414149,81 daily files 20260101..20260331
locationid=278418/year=2026.zip,https://openaq-data-archive.s3.amazonaws.com/records/csv.gz/locationid=278418/year=2026/,members-sha256:490e518eec8effd598e34995a1ac97533a6d5a88d82ae3ab8b7b1b30104e8a98,2026-09-26T06:50:55+00:00,e54f571b64382484cb4363663d77a83a2565e3f3bcfad5f4c61679155c42f0e2,244733,53 daily files 20260101..20260331
locationid=270877/year=2022.zip,https://openaq-data-archive.s3.amazonaws.com/records/csv.gz/locationid=270877/year=2022/,members-sha256:eb430bbf4298def21af1d3dd699d172fe4fccf14bd2c4e9f278f9a148b2e0803,2026-09-26T06:50:59+00:00,8545d04c5f42601c485794e8b5b2ffe431cdad3605b9d0844c5d236ad228f1c4,119218,106 daily files 20220120..20221031
locationid=278159/year=2026.zip,https://openaq-data-archive.s3.amazonaws.com/records/csv.gz/locationid=278159/year=2026/,members-sha256:ada7cd3e17303e5306f4903642d54f5e19673f045324b671f772eecca294a78b,2026-09-26T06:50:59+00:00,5536d6896a8a12096d887d43d90fc0cf4dc061eef4f4d4778304f5535e1caa59,461401,81 daily files 20260101..20260331
locationid=278159/year=2022.zip,https://openaq-data-archive.s3.amazonaws.com/records/csv.gz/locationid=278159/year=2022/,members-sha256:a1bd1e216b646d56b6538cd097b775365b362d191b82c82fcebfaa37b3eee70e,2026-09-26T06:51:03+00:00,688078c64547450c8231e91cab0105ba824241c25c0c2b9e64f97dd251189e74,106052,98 daily files 20220127..20221031
locationid=270727/year=2025.zip,https://openaq-data-archive.s3.amazonaws.com/records/csv.gz/locationid=270727/year=2025/,members-sha256:ab933fa21d6f49f5d51ada1216da10e8703c3fad6137070086783bd8551f8499,2026-09-26T06:51:03+00:00,cb0e2f566cbf44cfbca5de291db2803dd8eacb5e87d88d4824365577daa9bb8d,1139772,309 daily files 20250219..20251231
locationid=270728/year=2025.zip,https://openaq-data-archive.s3.amazonaws.com/records/csv.gz/locationid=270728/year=2025/,members-sha256:99f6d2f57b12ae9950c0e63670cfb3849fc50ebc1acc4934df00adcd9a0c2fc1,2026-09-26T06:51:05+00:00,e123bf28ab4b9fa71c5e3f9639016b4beefd55a91dfa95c04d14e84e08c4df8e,1172215,305 daily files 20250219..20251231
locationid=301387/year=2022.zip,https://openaq-data-archive.s3.amazonaws.com/records/csv.gz/locationid=301387/year=2022/,members-sha256:8de22de660e5efb16aa92d2bac241ddc81d11013cfc188b71c03e35936defbc1,2026-09-26T06:51:06+00:00,23db7c63e0226ec826bb92da8194dbc9d5f0620e6c705f36d16c00f4c05b8c27,43063,44 daily files 20220325..20220606
locationid=278418/year=2022.zip,https://openaq-data-archive.s3.amazonaws.com/records/csv.gz/locationid=278418/year=2022/,members-sha256:6e4e04d3836c480cc98c89f7fd359a3380ef92dcb58ca5dac16e03baa9da6d90,2026-09-26T06:51:08+00:00,d8b71955825f41de6f30acc0f5bf6c4bd72c110c0f6664a51fc4c086db1aac7f,118241,97 daily files 20220131..20221031
locationid=270729/year=2025.zip,https://openaq-data-archive.s3.amazonaws.com/records/csv.gz/locationid=270729/year=2025/,members-sha256:df2aa79a97bc8905a653c9b33828587c7bc00048e1e421984d5fbb238f4bac78,2026-09-26T06:51:09+00:00,3854f62c35144d00fbfea450d2eb1ded63662ebea4d3a4ab051db1f454567614,1062840,289 daily files 20250219..20251231
locationid=278671/year=2022.zip,https://openaq-data-archive.s3.amazonaws.com/records/csv.gz/locationid=278671/year=2022/,members-sha256:17f6b84e17606534b2024f3405ccb392baa563a79a7e41a889599f302397525d,2026-09-26T06:51:13+00:00,e8332f06e1df4abd13dfae54b73c75f971a7fc5abde8af90480c8c1c42aedcdc,117032,93 daily files 20220204..20221031
locationid=278671/year=2026.zip,https://openaq-data-archive.s3.amazonaws.com/records/csv.gz/locationid=278671/year=2026/,members-sha256:0ae3149b3ef25c45480f2282e1d5e97be5a1c165f1b33fd54f061b55f80947fa,2026-09-26T06:51:14+00:00,05f383792aa99b105fbbd2def04481a1ae235fac7da5a657f839119850f0c57d,484717,81 daily files 20260101..20260331
locationid=301387/year=2026.zip,https://openaq-data-archive.s3.amazonaws.com/records/csv.gz/locationid=301387/year=2026/,members-sha256:1d5acf9f2fd0aee56386e9d543d555b337ec77f51769608ea9628ba57c6dbc54,2026-09-26T06:51:21+00:00,7b58d972eb9ec1cc5340418ef14d9cd3c6555905370b5e552ec13c3ce0171c11,526106,80 daily files 20260101..20260331
locationid=270730/year=2025.zip,https://openaq-data-archive.s3.amazonaws.com/records/csv.gz/locationid=270730/year=2025/,members-sha256:3932fb47180ae6ecdfc55b0a9db39acd75157ed8b905b6e6efbadbb84201b59c,2026-09-26T06:51:26+00:00,bc4acb149357ce3979ece5a45db6016fbf373084938d01d4c1dee85abbfe063c,1159629,307 daily files 20250219..20251231
locationid=301388/year=2026.zip,https://openaq-data-archive.s3.amazonaws.com/records/csv.gz/locationid=301388/year=2026/,members-sha256:36b01d587007e1e58e391d0991d9c4b1a8b017ba2823202837491c4cc4e61a68,2026-09-26T06:51:29+00:00,c82cac0a43b195e179c383af1a6b1ecab8296a14a8acd5599093103a27ee3756,393733,81 daily files 20260101..20260331
locationid=301388/year=2022.zip,https://openaq-data-archive.s3.amazonaws.com/records/csv.gz/locationid=301388/year=2022/,members-sha256:236ef8fb8c04506a95bb764092b394c450949f9c0358a8c68c575dfd89cffdd1,2026-09-26T06:51:30+00:00,50a2e934b3832d22478de66c31e0a3c61d59bab48a08f5db2d2b6c9f2942e670,105871,90 daily files 20220325..20221031
locationid=301389/year=2022.zip,https://openaq-data-archive.s3.amazonaws.com/records/csv.gz/locationid=301389/year=2022/,members-sha256:2d7d7f8b62aa254c44d153ab986f58cab8a0c29c752b85f693f9b5d7b73e2d3a,2026-09-26T06:51:32+00:00,6fecac35bdbb7ac6d5988af74938cae7438506d5cbe071963c1295bd7e130041,97519,77 daily files 20220325..20221031
locationid=301390/year=2026.zip,https://openaq-data-archive.s3.amazonaws.com/records/csv.gz/locationid=301390/year=2026/,members-sha256:36ab34c816539ac84ec445f9a47ad38f968cbd81f4ace9cfc9664b902e6efd7c,2026-09-26T06:51:36+00:00,26f030f572ceed29cf71eeee9cb6d79a6b6d357122ef981d54490679c31ca9c8,388747,71 daily files 20260101..20260331
locationid=270737/year=2025.zip,https://openaq-data-archive.s3.amazonaws.com/records/csv.gz/locationid=270737/year=2025/,members-sha256:1862099d6fa7456513640c6d1b7ea061cb7dedc514d9080ca45626dff975cadf,2026-09-26T06:51:36+00:00,504cc29f4f7d15cccaaa598ab8e72302ac418059951af335d6673b8e0f28c545,1161903,312 daily files 20250219..20251231
locationid=301389/year=2026.zip,https://openaq-data-archive.s3.amazonaws.com/records/csv.gz/locationid=301389/year=2026/,members-sha256:36b715148cfc51db09028f3a616022bd7ce0a534a0bcf8397af23a37f64f55c8,2026-09-26T06:51:36+00:00,41eb8cd243f8d933f3a235013c78ebde1cc87177fba26d7e13f289a066c8174f,445526,81 daily files 20260101..20260331
locationid=301390/year=2022.zip,https://openaq-data-archive.s3.amazonaws.com/records/csv.gz/locationid=301390/year=2022/,members-sha256:20c30ed0e2bb9590fd61e501b7aef93c92691808916684f6ca71328b3701aaa3,2026-09-26T06:51:40+00:00,798dc45a2b4f791beaa497b24d4838790cc9b636617416844654ef4cef792dc2,111155,86 daily files 20220325..20221031
locationid=301391/year=2022.zip,https://openaq-data-archive.s3.amazonaws.com/records/csv.gz/locationid=301391/year=2022/,members-sha256:ab2df8283030687ddc74fca8b8abfb90d53c4b53fae7111908048538cb3fba63,2026-09-26T06:51:42+00:00,c38a5d9b57b03956a50960b2b4a7e9d288e67dd6948e17aef6f483af63c0d47f,82249,76 daily files 20220325..20221031
locationid=270771/year=2025.zip,https://openaq-data-archive.s3.amazonaws.com/records/csv.gz/locationid=270771/year=2025/,members-sha256:24a025731d19a13fcb3d19bcc010f745896ccec37017857870fd6e8022f2f63a,2026-09-26T06:51:42+00:00,bd1acdef0ba44089357505a34b640bb1d99f5d854c809bb20b3939d88ed77ad3,1614023,314 daily files 20250219..20251231
locationid=270774/year=2025.zip,https://openaq-data-archive.s3.amazonaws.com/records/csv.gz/locationid=270774/year=2025/,members-sha256:df87d2950a5c767514f1cf6af6bb0102f53f1183d41a4423e2259faee25c08ac,2026-09-26T06:51:45+00:00,0208c7be92ceb8fde4768a5122fc9ff794247d2f2676ee7b7c8715b9182e61ed,1157326,305 daily files 20250219..20251231
locationid=301391/year=2026.zip,https://openaq-data-archive.s3.amazonaws.com/records/csv.gz/locationid=301391/year=2026/,members-sha256:7385c48bf0dbb2bfc27fb1e116d7d2da97133760882170f506694c140d27a8e2,2026-09-26T06:51:45+00:00,0430fea5af1335da992067849f51a85af53bea95b24c7fd270d84ddca7d583aa,334271,81 daily files 20260101..20260331
locationid=304956/year=2022.zip,https://openaq-data-archive.s3.amazonaws.com/records/csv.gz/locationid=304956/year=2022/,members-sha256:eac099690d99d25cb3aadaee6790eb234130c64327130c86bda641d4c51f4057,2026-09-26T06:51:52+00:00,3386568bd8d8697f2da7bf62d70b830855283fc5fcc92952382b7816ed6a6fe9,37869,54 daily files 20220331..20221031
locationid=270775/year=2025.zip,https://openaq-data-archive.s3.amazonaws.com/records/csv.gz/locationid=270775/year=2025/,members-sha256:52bc93308d0136bd53c1bc5145524fd184d6f8faa34742aecb4383cc328a8995,2026-09-26T06:51:55+00:00,8ea9e4a506f7131130ca876859d183a358b8bce18259e523ed8a4c9cc7639861,1168822,313 daily files 20250219..20251231
locationid=306252/year=2022.zip,https://openaq-data-archive.s3.amazonaws.com/records/csv.gz/locationid=306252/year=2022/,members-sha256:505ebf80c3f71845c9a43923040ca4c06688a31a582ee496f6ef8d1001da596e,2026-09-26T06:51:56+00:00,54bed05677e5703e6d74ba9456f39260736eb155f064a1af89139c2d3b87762f,43402,48 daily files 20220404..20221031
locationid=309803/year=2022.zip,https://openaq-data-archive.s3.amazonaws.com/records/csv.gz/locationid=309803/year=2022/,members-sha256:8532db04a085571634732194cdd26b9a90de2df6e0ee0fcaca84f65111553576,2026-09-26T06:51:58+00:00,33414118bec6c7c33769bb8b517b2fc2c5e94ebc2f60efd7c3a478caabfdac78,33195,38 daily files 20220411..20221016
locationid=301670/year=2026.zip,https://openaq-data-archive.s3.amazonaws.com/records/csv.gz/locationid=301670/year=2026/,members-sha256:1dfeeef77657a2c51bc34cc82aefcbb52c4d7356ccec885c68f871ef0d2d605d,2026-09-26T06:51:59+00:00,3004d7414a1bc3f259c67ff19a2bba3f3680acdea1ede1ec8e099ff91f93bb68,366764,81 daily files 20260101..20260331
locationid=313411/year=2022.zip,https://openaq-data-archive.s3.amazonaws.com/records/csv.gz/locationid=313411/year=2022/,members-sha256:a551e19787b79fc93f3a2a08b81449bded500e1191daece0ac20a8ac8fc0c57c,2026-09-26T06:52:02+00:00,ed6626b1085bf8cffdb45558d4f7be2d32d445a4a19fe5e6bda2f72d73cc0d6a,31143,34 daily files 20220419..20221015
locationid=304956/year=2026.zip,https://openaq-data-archive.s3.amazonaws.com/records/csv.gz/locationid=304956/year=2026/,members-sha256:a8d80386b5338d6e53b1720a6cece2d57629d0a7173fdbe7447e7fd1de2b524e,2026-09-26T06:52:02+00:00,96aca9de1db4cd251ba07571420566d78bed0cd94acbf8751ab91aa12b7eb4d7,336636,77 daily files 20260101..20260331
locationid=307463/year=2022.zip,https://openaq-data-archive.s3.amazonaws.com/records/csv.gz/locationid=307463/year=2022/,members-sha256:d5c953f7fdbd4931b864c6633816d14e198bb764c6606f9a91d5b17dfca34f5c,2026-09-26T06:52:03+00:00,83cc2b11a893d38b48a4a5b210aa67dba4741b98f9512a495f7be551f256edb5,56612,56 daily files 20220406..20221031
locationid=313410/year=2022.zip,https://openaq-data-archive.s3.amazonaws.com/records/csv.gz/locationid=313410/year=2022/,members-sha256:9ee74ae5f1679e3d7507d0b442d9e14a7895fe04023d897c453806a96f223a9f,2026-09-26T06:52:03+00:00,cde0a107bd82d556dc53bf41232c7cdb6b1cafa7d6211088f50c265f33df117d,46652,45 daily files 20220419..20221031
locationid=270877/year=2025.zip,https://openaq-data-archive.s3.amazonaws.com/records/csv.gz/locationid=270877/year=2025/,members-sha256:816ba6a83294011a98fb50a6b2360a62e7770f90b2827042c6618621b8caae10,2026-09-26T06:52:07+00:00,70d283b7c138ab41c725619142bd8f44888bf04d3d3b66906eef984e47b75f43,1356860,298 daily files 20250219..20251231
locationid=270777/year=2025.zip,https://openaq-data-archive.s3.amazonaws.com/records/csv.gz/locationid=270777/year=2025/,members-sha256:733c9ff180c4c6cb8b162594363d604e8910125bc2ef3adf8951387bd9d5c811,2026-09-26T06:52:09+00:00,87600d9720b99370ab4a2a4448f636053cb0b003c210bfd104a84e9ca69e00bc,1597322,315 daily files 20250219..20251231
locationid=313923/year=2022.zip,https://openaq-data-archive.s3.amazonaws.com/records/csv.gz/locationid=313923/year=2022/,members-sha256:64470a92798ef8279a71919fd8d84ce38408e2042e492c211f977bc2bd7f7988,2026-09-26T06:52:12+00:00,78b01213cf73ed9d68417f60484b4b2a9d2a55c79bbab9eaf3c160cef54f621b,49893,48 daily files 20220420..20221015
locationid=317035/year=2022.zip,https://openaq-data-archive.s3.amazonaws.com/records/csv.gz/locationid=317035/year=2022/,members-sha256:cea5fc8a2603a8b3f336e4225a134950b2ce320e46d0b5dc9ea75b778ca5b12a,2026-09-26T06:52:14+00:00,168a22765f6af0dac1add5ca06d7b2ab32ab4915c648ab7878efeb62b1afaece,40677,42 daily files 20220423..20221016
locationid=344103/year=2022.zip,https://openaq-data-archive.s3.amazonaws.com/records/csv.gz/locationid=344103/year=2022/,members-sha256:e116ef75693fa66efc18fac0bc64d00dc3b236a560aeb76bb6a1a3a195077e9e,2026-09-26T06:52:17+00:00,ef2e102d6cd3555a1e1a5cc1c53a2e3e10a096838ac09c880b6073a9f5f4e782,37188,32 daily files 20220526..20221016
locationid=278418/year=2025.zip,https://openaq-data-archive.s3.amazonaws.com/records/csv.gz/locationid=278418/year=2025/,members-sha256:f50333bf8b403bedb1594f9f0e03724998e366763a86261b1401fb6c6cb1d050,2026-09-26T06:52:17+00:00,1f2e7669055e2bbe67dcbf0295158a9d477b5f8c38e3fc6eda24a5fdc0f25458,1267193,287 daily files 20250219..20251231
locationid=313411/year=2026.zip,https://openaq-data-archive.s3.amazonaws.com/records/csv.gz/locationid=313411/year=2026/,members-sha256:2c6973cf1f431f3dedc489df54989b96e8cc84b7689b4dcd1eeca827ed0cf7b3,2026-09-26T06:52:17+00:00,a5fa4508b8471fe9b4af0cf4b8b3795201d5541f990797752ac8b17a5662dbc4,341594,69 daily files 20260101..20260331
locationid=278159/year=2025.zip,https://openaq-data-archive.s3.amazonaws.com/records/csv.gz/locationid=278159/year=2025/,members-sha256:c364a37c3fd086693234ed084079ba7accbe5bf2995d8fc6d44d4575f743474c,2026-09-26T06:52:21+00:00,14a78bc959034877d4b0d7afb6a52aba22bf3f53112f592d4454afd95923f5e1,1438833,314 daily files 20250219..20251231
locationid=330021/year=2022.zip,https://openaq-data-archive.s3.amazonaws.com/records/csv.gz/locationid=330021/year=2022/,members-sha256:23a53567ae5833f3322447f69fb990409da80d2794fad592e31fe07ebc2ba4ff,2026-09-26T06:52:23+00:00,9cfbca00b7f3994214f015397893221ec7fdd0bc21e103e590aad06595dd36db,70563,56 daily files 20220505..20221031
locationid=344104/year=2022.zip,https://openaq-data-archive.s3.amazonaws.com/records/csv.gz/locationid=344104/year=2022/,members-sha256:8ba219e8e6b7098232d5bc4d48de84e648a044354c89cc3e0280eb3ef423fe0a,2026-09-26T06:52:25+00:00,ae60216b305944b9bb6338537afe7b4bac57f50cb1d611fdb83c7141d751bb96,39228,36 daily files 20220526..20221031
locationid=317035/year=2026.zip,https://openaq-data-archive.s3.amazonaws.com/records/csv.gz/locationid=317035/year=2026/,members-sha256:346c96ae7dd4df21b755d0308de9836116eb14ea5f951972060d4d3ada99b077,2026-09-26T06:52:28+00:00,b51e81b7b790904fd2282d48683a4c4024fd22942f960cf4d0c7544c1fafe0ed,490759,79 daily files 20260101..20260331
locationid=344140/year=2022.zip,https://openaq-data-archive.s3.amazonaws.com/records/csv.gz/locationid=344140/year=2022/,members-sha256:a4f5c997fb72c9377ef1bc3797ce28683bd9baf859fc957de4957a16d3c51c0e,2026-09-26T06:52:32+00:00,47b5e0d813d23b033a4b828e6101791c3329ea0433dc5e561262213ce257b4b3,40736,35 daily files 20220526..20221016
locationid=278671/year=2025.zip,https://openaq-data-archive.s3.amazonaws.com/records/csv.gz/locationid=278671/year=2025/,members-sha256:e818c7cb69938973cd0ee826e5c7d9c447afa8dbfece556941ad6b5039f82cce,2026-09-26T06:52:34+00:00,512d9443dc253ae082be4b975f3b8f90d8acd7297f01be88bac6e54bcab63929,1682719,315 daily files 20250219..20251231
locationid=330021/year=2026.zip,https://openaq-data-archive.s3.amazonaws.com/records/csv.gz/locationid=330021/year=2026/,members-sha256:b3be4e99a3db9b5542651716535066e626bdb817badbe11080c6e0a4b27f03d2,2026-09-26T06:52:34+00:00,969ae46edb421a7a0a53ede04eea081f88d2f5cfbb7cb29eb924d25c21b1b602,404883,81 daily files 20260101..20260331
locationid=344142/year=2022.zip,https://openaq-data-archive.s3.amazonaws.com/records/csv.gz/locationid=344142/year=2022/,members-sha256:0c46ae6a0b211c80bc2d6cbe04353f4d616c2153b8c8558a60197e3852e810e8,2026-09-26T06:52:36+00:00,b53f94e25ddcfa333d98db02ba8413a2a80809fe26c4588d73109a5c74a06a3e,32602,31 daily files 20220526..20221031
locationid=344103/year=2026.zip,https://openaq-data-archive.s3.amazonaws.com/records/csv.gz/locationid=344103/year=2026/,members-sha256:e4c08bc9c24b9aa9773c9f77e50c076f63989696538c3af815d66889bd4a4e18,2026-09-26T06:52:37+00:00,7469058cdc9d4fe7e1796a784d1c75f927ae23bed66074b04f28e604e8a17d39,480641,80 daily files 20260101..20260331
locationid=344144/year=2022.zip,https://openaq-data-archive.s3.amazonaws.com/records/csv.gz/locationid=344144/year=2022/,members-sha256:861afe46fce5ed616dcf10dbb794c1052a3f65c45f5bc667a131a23241fb42b2,2026-09-26T06:52:43+00:00,74d2bbd2cd6878594d2534c6e7ee9a052fcca53862812cd64822cbc1cf0195d8,35332,31 daily files 20220526..20221031
locationid=313411/year=2025.zip,https://openaq-data-archive.s3.amazonaws.com/records/csv.gz/locationid=313411/year=2025/,members-sha256:6e0d83055d6aef23e86fdfd9ab15eb419df1c91b06724f585d413f2b2a79536f,2026-09-26T06:52:44+00:00,c2802b6ffe0909a950fb6291c0af97c951ba8349067a0328d79f27d56f259dcf,645437,149 daily files 20250307..20251231
locationid=301387/year=2025.zip,https://openaq-data-archive.s3.amazonaws.com/records/csv.gz/locationid=301387/year=2025/,members-sha256:dee2231a72597d22d910ddf932062ef85ddde395c47f58d9e18a1ccc36874a12,2026-09-26T06:52:44+00:00,f0c4409372ededc829d34361d70bb21a57b043a8b51ee778d3aa817c4953f10e,1647810,312 daily files 20250219..20251231
locationid=344104/year=2026.zip,https://openaq-data-archive.s3.amazonaws.com/records/csv.gz/locationid=344104/year=2026/,members-sha256:06f3bac9558ef1dd182cb97b0b9df04601ef926cbb94a7e58287a4e782c0de6e,2026-09-26T06:52:44+00:00,9af8229625f565bdd72df5468f7b8dd6cedc13ce133d5c998e57c950436ae4eb,506174,81 daily files 20260101..20260331
locationid=346257/year=2022.zip,https://openaq-data-archive.s3.amazonaws.com/records/csv.gz/locationid=346257/year=2022/,members-sha256:5664a152c72ca3b3339f0bb863f24a8a8159947d7efbb57b447590a7b9fa2518,2026-09-26T06:52:46+00:00,781e4c067fe1fd98e74803d15a495379b4fbc1acdbc8dc3b3af06ea876e276d5,24481,24 daily files 20220602..20221031
locationid=301388/year=2025.zip,https://openaq-data-archive.s3.amazonaws.com/records/csv.gz/locationid=301388/year=2025/,members-sha256:b1d2d3787de3be117c57e3a62e41825e0c3d938a4fc52a10592356f50bf33e4b,2026-09-26T06:52:47+00:00,d97e768484797f08c56f564921aebc86983256356ac8d04a3690267a674c13e0,1144062,301 daily files 20250219..20251231
locationid=344140/year=2026.zip,https://openaq-data-archive.s3.amazonaws.com/records/csv.gz/locationid=344140/year=2026/,members-sha256:18e5906487a00ddf66ccae370f4e6fbe3c78a00589542b48357741531f76b548,2026-09-26T06:52:51+00:00,a30cf35703a62a276190916bc3715c9b69b6770ae5c4f02dd77463bfb0fd4015,523617,81 daily files 20260101..20260331
locationid=346258/year=2022.zip,https://openaq-data-archive.s3.amazonaws.com/records/csv.gz/locationid=346258/year=2022/,members-sha256:344629eca42048a995b1e93d2bba6c52e5b0ac72b5af2d6ac0f928d1c7b6c25a,2026-09-26T06:52:55+00:00,b3e14f35672d2f906120910d8532a95cd28335848ffbeff8eb2402a4873c5b5e,27527,28 daily files 20220602..20221031
locationid=344142/year=2026.zip,https://openaq-data-archive.s3.amazonaws.com/records/csv.gz/locationid=344142/year=2026/,members-sha256:429982a601eed0c4e904bac5db71a7a78da413d1da3ae16d429dd6cd5eae9603,2026-09-26T06:52:55+00:00,bd30b5d0924928c6dec2b76507c9450c4eb775332bdb2ff3a2634e427eefee2b,438683,78 daily files 20260101..20260331
locationid=301389/year=2025.zip,https://openaq-data-archive.s3.amazonaws.com/records/csv.gz/locationid=301389/year=2025/,members-sha256:28210dfc44055106ec88b4551e180904c8760c593a214eac2c3af74cfdc98ea0,2026-09-26T06:52:57+00:00,d9bfbf915066af7380e3443d23c09a73bf1832974f1850a2394a040fd02862bb,1514759,313 daily files 20250219..20251231
locationid=346438/year=2022.zip,https://openaq-data-archive.s3.amazonaws.com/records/csv.gz/locationid=346438/year=2022/,members-sha256:7b9d9dd8a8c8bbbe0c30313a5aaff1f4d16ad0617f8c2480a1762bb4ad19f760,2026-09-26T06:52:58+00:00,8a1f81a5f1e2f9f2f7293d99a1547861845f2f67ab39b46cadf39157fc4aea1e,36245,30 daily files 20220602..20221031
locationid=301390/year=2025.zip,https://openaq-data-archive.s3.amazonaws.com/records/csv.gz/locationid=301390/year=2025/,members-sha256:b7b6e5b6a965ea7b6e56610106abe4cf8b046b6f48d06c1d62eb23428918410c,2026-09-26T06:53:00+00:00,189dfe34784587048e862a6a0ab6c860ab810eadb8ea0a4007e9c00de079a9c0,1497184,309 daily files 20250219..20251231
locationid=346439/year=2022.zip,https://openaq-data-archive.s3.amazonaws.com/records/csv.gz/locationid=346439/year=2022/,members-sha256:796bf1dd3e9ea89735590c1f763a7fbe3741c47a0c143096a45d6d922452e249,2026-09-26T06:53:03+00:00,2973b0115cbf03a5171288b02a41706f1014d65888470aec79c4e8312f061dba,33632,28 daily files 20220602..20221031
locationid=344144/year=2026.zip,https://openaq-data-archive.s3.amazonaws.com/records/csv.gz/locationid=344144/year=2026/,members-sha256:cc9dfaf8cb775fcbe7bdac87a404e1894ac0ad734b355351231b834a3f40cd24,2026-09-26T06:53:04+00:00,a21cf859c8fd62c15587759a18a9be47a30c460bd748bd4180b085565c91d2e7,490498,81 daily files 20260101..20260331
locationid=346257/year=2026.zip,https://openaq-data-archive.s3.amazonaws.com/records/csv.gz/locationid=346257/year=2026/,members-sha256:8995b1b58f3ae19101c49c27dfb497f81e80d1ff56a4afe3f6d417a09b74d15d,2026-09-26T06:53:07+00:00,2d2812922fc2ad3ca760b3748c5a4898ccebba4d69a495defdd37fa5481acbb3,529614,81 daily files 20260101..20260331
locationid=301391/year=2025.zip,https://openaq-data-archive.s3.amazonaws.com/records/csv.gz/locationid=301391/year=2025/,members-sha256:96e4f96f25ea2b1ee26568b5322b2e69c08873a7defbe6e4522e198162ee1d29,2026-09-26T06:53:07+00:00,60e773f0730b0cdfb7612ad1126631f3e124e2d1e450aef000bbdff18c9b7bdd,1165947,308 daily files 20250219..20251231
locationid=352465/year=2022.zip,https://openaq-data-archive.s3.amazonaws.com/records/csv.gz/locationid=352465/year=2022/,members-sha256:27e46215b2d50922d38be0a811c07dc7799afbe5d2e4733c006d08c9e56070f4,2026-09-26T06:53:09+00:00,bb8fd602c300d259f2ad69ab2a9acfa398f75928079c6f92887ef8d774bd5da5,30165,25 daily files 20220923..20221031
locationid=352777/year=2022.zip,https://openaq-data-archive.s3.amazonaws.com/records/csv.gz/locationid=352777/year=2022/,members-sha256:0433fa90b147bac296201080fce48ae4d3f3df1ab00bd9903e911c74fc1b6268,2026-09-26T06:53:13+00:00,25cc89e467169190039ae2a3d617687a940a02824fa69629f9003d729e95ebcc,26262,24 daily files 20220923..20221031
locationid=346258/year=2026.zip,https://openaq-data-archive.s3.amazonaws.com/records/csv.gz/locationid=346258/year=2026/,members-sha256:164a96aa23aafb6fcae63315491077f154510ed7a5f271b84d366e32cd0c40e1,2026-09-26T06:53:14+00:00,e9232db29e60e90d67213d0d0abeeb69c2be15dade8df937c8264611b8565a1c,475121,81 daily files 20260101..20260331
locationid=353715/year=2022.zip,https://openaq-data-archive.s3.amazonaws.com/records/csv.gz/locationid=353715/year=2022/,members-sha256:d1bbaf2c9d2931b767d4c4d8a92d8d5c13717b97a789d5a51abebbe9bc4d53ba,2026-09-26T06:53:18+00:00,f8ead2cc937af678c2f8837dd92df07505e555d7fb0bad35f0e7198d97466f75,27350,24 daily files 20220923..20221031
locationid=346438/year=2026.zip,https://openaq-data-archive.s3.amazonaws.com/records/csv.gz/locationid=346438/year=2026/,members-sha256:1d4433d8415493f106b7a4a495383713c1633c4d4a22e49e498a74fc4804aeb0,2026-09-26T06:53:18+00:00,8ed336fb9d2ef51e3598e3ba05e73e9bf80075e000a44b3b8041d3f355bfd625,469942,81 daily files 20260101..20260331
locationid=301670/year=2025.zip,https://openaq-data-archive.s3.amazonaws.com/records/csv.gz/locationid=301670/year=2025/,members-sha256:add61dd746c1cd8f3e07c235eb04f4b90c30497c4a2fa89abb48055b3d5c93ad,2026-09-26T06:53:19+00:00,a74ead8ff8b64427ce7cbb3ce1e3c6f0f685d45e166bc21f867eec406f517f8d,1142195,313 daily files 20250219..20251231
locationid=358448/year=2026.zip,https://openaq-data-archive.s3.amazonaws.com/records/csv.gz/locationid=358448/year=2026/,members-sha256:0257f02bcbea68e69013883647da298f3682d9685372704878cd89460e9ee2a9,2026-09-26T06:53:20+00:00,a6899f083157b75ea22a37e45849b193802cde5b274d72c18622372fd458e949,5213,2 daily files 20260109..20260110
locationid=346439/year=2026.zip,https://openaq-data-archive.s3.amazonaws.com/records/csv.gz/locationid=346439/year=2026/,members-sha256:6a27cd402631f687681b4f5f1fb91158ece841e90a5eef626a2f9c38422448ba,2026-09-26T06:53:24+00:00,6e2111321b47c05b6eb8241cbbe3adb0495e313f52d1953af923068eba83d082,503254,81 daily files 20260101..20260331
locationid=358448/year=2022.zip,https://openaq-data-archive.s3.amazonaws.com/records/csv.gz/locationid=358448/year=2022/,members-sha256:c83f4eed54066ead5d71ec0f52efb507a24aa74fdfbeea7e559402e293c9dcc8,2026-09-26T06:53:25+00:00,11ba04c2d4135c4c8ffabca158ab9047405e23c9b8d4d4903bb0942cf621887c,27587,24 daily files 20220923..20221016
locationid=304956/year=2025.zip,https://openaq-data-archive.s3.amazonaws.com/records/csv.gz/locationid=304956/year=2025/,members-sha256:085b5ffe281f01c8576e5d04c64fd96e236856fee34b6faae1b5c875aaa99bf7,2026-09-26T06:53:26+00:00,1624d7dcd41bd35b7c3e34aa0c2cbcaac875f980e886252a7274607408011507,1146002,306 daily files 20250219..20251231
locationid=358450/year=2026.zip,https://openaq-data-archive.s3.amazonaws.com/records/csv.gz/locationid=358450/year=2026/,members-sha256:115df0e136ae010537c25aa7f08b12a2f66b88280e82976a9d9ef7e642e267f4,2026-09-26T06:53:27+00:00,b467891c7254d31906a5927446f6c30e66a3209ca4fa3fd568734944142b2053,40300,10 daily files 20260102..20260123
locationid=352465/year=2026.zip,https://openaq-data-archive.s3.amazonaws.com/records/csv.gz/locationid=352465/year=2026/,members-sha256:87c444b0e5965935792fe184c82dce577df99d87b91b8b0d1ab5a0a1bb7a1d3c,2026-09-26T06:53:29+00:00,113d20759e5a76c71b9cb67f1732e1f8334cc4c878593c98027d3cbacac50cf1,489117,80 daily files 20260101..20260331
locationid=358451/year=2022.zip,https://openaq-data-archive.s3.amazonaws.com/records/csv.gz/locationid=358451/year=2022/,members-sha256:3c5935e38dc2a1827934a29f337cacb1876f06a2de714c865ceb8aa292db8d04,2026-09-26T06:53:29+00:00,49641403655dc3f1d4b3231457c2f3523d7c507c0c00c926fd1091132e074912,1768,3 daily files 20221011..20221031
locationid=358450/year=2022.zip,https://openaq-data-archive.s3.amazonaws.com/records/csv.gz/locationid=358450/year=2022/,members-sha256:16236b092f571f8516bcba3c0e368da49ce2c27cca97033865f5eef41bc0ccf4,2026-09-26T06:53:29+00:00,f2691be3de033b200075e45fe423068adfbaa43afcba8a94d0e73c417e636401,21711,22 daily files 20220923..20221015
locationid=352777/year=2026.zip,https://openaq-data-archive.s3.amazonaws.com/records/csv.gz/locationid=352777/year=2026/,members-sha256:8340d934e0cf95eb72ebb83c3d613d729371fda08f10a5286be2297b953c2df7,2026-09-26T06:53:34+00:00,4da286bb282a6dac3d7775d85f0e555497fd5ff776a391f67f9299d2a8fa8202,501807,80 daily files 20260101..20260331
locationid=353715/year=2026.zip,https://openaq-data-archive.s3.amazonaws.com/records/csv.gz/locationid=353715/year=2026/,members-sha256:67d490e63f61368d3e685ff1c13d4ffb9c1ea711a0f95280c152591f0b833af0,2026-09-26T06:53:38+00:00,0c29d326eafb15ef930e2c2c4abc29ad04868918c36eb48e86a19af91946fce4,458641,77 daily files 20260101..20260331
locationid=358452/year=2022.zip,https://openaq-data-archive.s3.amazonaws.com/records/csv.gz/locationid=358452/year=2022/,members-sha256:f694fec1c1a87136acf08e5f2fedb5045d46afb33d456bca4d77fc94f0529341,2026-09-26T06:53:39+00:00,b7831804c3520fba8f6e4d8f72b1dc59936ace93a56104d42720033e466c18c6,25092,25 daily files 20220923..20221031
locationid=358453/year=2022.zip,https://openaq-data-archive.s3.amazonaws.com/records/csv.gz/locationid=358453/year=2022/,members-sha256:4f4b0cf62963f605e6ae2d06d63353b872ecc71caa6d3313cb52f92b23c7377a,2026-09-26T06:53:39+00:00,b765db9d991bb410d104d0e4108cc9ae04c8bdf35e787f67cf4833b774f30f52,12693,15 daily files 20220923..20221016
locationid=358452/year=2026.zip,https://openaq-data-archive.s3.amazonaws.com/records/csv.gz/locationid=358452/year=2026/,members-sha256:44fb299861d88962250027c4e0c8761217c03efd830b0816bb1b9fcd3fd987ff,2026-09-26T06:53:40+00:00,0e0708096da5f24d1dee1f257e0f89756a90e9ad9b9d7d046c4461931026f585,82488,26 daily files 20260102..20260309
locationid=358455/year=2022.zip,https://openaq-data-archive.s3.amazonaws.com/records/csv.gz/locationid=358455/year=2022/,members-sha256:f0177637a73fb9db6e3d6ea4a2b83a231a30c3ede279f75913d0ac9533faa98f,2026-09-26T06:53:43+00:00,066cf65197f1cef047bc00e369336fcaba3b09a9f77ef0466004fa32972fc8fd,1383,2 daily files 20220923..20221003
locationid=358453/year=2026.zip,https://openaq-data-archive.s3.amazonaws.com/records/csv.gz/locationid=358453/year=2026/,members-sha256:8a3d3b11f748af49f273dbf735cece28cd272633ad36de87b9d4726b4573181b,2026-09-26T06:53:44+00:00,400ef175a6b982848cf1b1805143f5f1d96a6ea62362514ddc56034d0a5d7d67,48406,26 daily files 20260101..20260331
locationid=358454/year=2022.zip,https://openaq-data-archive.s3.amazonaws.com/records/csv.gz/locationid=358454/year=2022/,members-sha256:e63673b058c7e614edd973e0dd7ddcf09add7359dad93d965291797fcc4a6d7f,2026-09-26T06:53:47+00:00,3f9e07b2626d6dc50a07f54edd2094f082c01ca099c29f1781e16554ce09dec6,23374,22 daily files 20220923..20221031
locationid=330021/year=2025.zip,https://openaq-data-archive.s3.amazonaws.com/records/csv.gz/locationid=330021/year=2025/,members-sha256:181c0f567f9f906e70f93685e039e2b8da9c9e1c8d7d7361fc1d0580d8b1d826,2026-09-26T06:53:49+00:00,de67eb276415135b6a6458d67365cc5145392eca4b675944356841d8cf75e836,1324601,297 daily files 20250219..20251231
locationid=317035/year=2025.zip,https://openaq-data-archive.s3.amazonaws.com/records/csv.gz/locationid=317035/year=2025/,members-sha256:c75e252d96299798624afd44010ec985adff1fbe3b568a5541b912a161be6c5d,2026-09-26T06:53:51+00:00,b4f58a506fa15749e5570850df884b8e7f5762f8e1a6c0f7a3c4a70dd616f4fe,1646765,315 daily files 20250219..20251231
locationid=358456/year=2022.zip,https://openaq-data-archive.s3.amazonaws.com/records/csv.gz/locationid=358456/year=2022/,members-sha256:379f68f8b15890fbcc1d94b7b39c909847d4afbe5f71dd1b3d4df1f8d3e680d2,2026-09-26T06:53:54+00:00,bf320d3dc828cffd933e468348b42f67a6406fd17f448a17575ddc5c39a57231,28157,25 daily files 20220923..20221031
locationid=358457/year=2022.zip,https://openaq-data-archive.s3.amazonaws.com/records/csv.gz/locationid=358457/year=2022/,members-sha256:d140c235555b6a36c83be058fa19ae9cc72797614e736977de34004a0ef6d44c,2026-09-26T06:53:56+00:00,d3db635841246119affbaa114b3b3b56960380455220bcdbb0e7e26f6a8606f7,18131,21 daily files 20220923..20221031
locationid=344103/year=2025.zip,https://openaq-data-archive.s3.amazonaws.com/records/csv.gz/locationid=344103/year=2025/,members-sha256:eb39656eade54fe30680b6adb34a0157f65d934c7a6706c2dc4a5dd4e2234c1a,2026-09-26T06:53:59+00:00,9800f31dac6ed9c309c7f44b822430c6fedf46b23da02ab27b793fc1b3ee797c,1645449,313 daily files 20250219..20251231
locationid=344104/year=2025.zip,https://openaq-data-archive.s3.amazonaws.com/records/csv.gz/locationid=344104/year=2025/,members-sha256:026060ce36831cbea3149e1bf44c8d1dee7b72583d937a7ab18d8c8377e3b9f4,2026-09-26T06:54:02+00:00,f9d9cf702306d3d76fec8b3f15eea87edfee3bbefad8ad4fd84cf8f64ea26f24,1460662,310 daily files 20250219..20251231
locationid=358467/year=2022.zip,https://openaq-data-archive.s3.amazonaws.com/records/csv.gz/locationid=358467/year=2022/,members-sha256:4c74ae08e79da13a591e3450a729d01298cf57e15538e8c3c6cb53490aacf308,2026-09-26T06:54:03+00:00,ef9af64d516063e49d82ac604e07a6c7c45e9d6248c4341b294f6a00d22591ee,25506,24 daily files 20220923..20221031
locationid=358627/year=2026.zip,https://openaq-data-archive.s3.amazonaws.com/records/csv.gz/locationid=358627/year=2026/,members-sha256:bbee2d760d8ddc924746657d19f1b93768c31e96d0ec17aac3c76cdd68d966a4,2026-09-26T06:54:04+00:00,000cd73628c245fd2c15db23640c24a7856fe83155a6ffe03a5b602641903e5d,2481,2 daily files 20260109..20260110
locationid=358627/year=2022.zip,https://openaq-data-archive.s3.amazonaws.com/records/csv.gz/locationid=358627/year=2022/,members-sha256:5325a88fbd43da23b2efd61b18da41cf0d41333e9b658872bd89c1f04472fac3,2026-09-26T06:54:06+00:00,0a6033c32cb1ec0dd20ed0b53155a70e7ccd110f5d0b9e36533673073d53d555,10460,12 daily files 20220927..20221014
locationid=344142/year=2025.zip,https://openaq-data-archive.s3.amazonaws.com/records/csv.gz/locationid=344142/year=2025/,members-sha256:49cff727afd162a1223c567db9384491136f6a198c3bac74fe6356afad7bfaa4,2026-09-26T06:54:07+00:00,36df7f6d9ce14d7ce7cc7f75ff75a73feb5c67d3b656ac8e7c538ef64813cabd,1408420,289 daily files 20250219..20251231
locationid=344140/year=2025.zip,https://openaq-data-archive.s3.amazonaws.com/records/csv.gz/locationid=344140/year=2025/,members-sha256:1002e88e2f2afd16f218fc7bdcb53b678024e4b758eb48f0b0bb1d63341f796d,2026-09-26T06:54:07+00:00,2a2154783423b3ed517780704f67954e8adb82b78dcacbb00d91e04ad8c6cce3,1589884,308 daily files 20250219..20251231
locationid=344144/year=2025.zip,https://openaq-data-archive.s3.amazonaws.com/records/csv.gz/locationid=344144/year=2025/,members-sha256:434bfe75730cda2cf2e5c252b96845b52b1b9a47ff9adfe736a5a5acb28dcdf8,2026-09-26T06:54:12+00:00,46988e36077086cab80d80b7f5ab8559097e40da50be3e898047f405e829d300,1386295,287 daily files 20250219..20251231
locationid=358456/year=2026.zip,https://openaq-data-archive.s3.amazonaws.com/records/csv.gz/locationid=358456/year=2026/,members-sha256:e000ffc051f75b18404bf18ee05f88d844588cb166057c0caafe4cf31e51b0f3,2026-09-26T06:54:13+00:00,59b3942eb83c9e0019ef1df2d04ff9f24f09b6ec63279eaecc1cdf5b89f2ddb6,428169,79 daily files 20260101..20260329
locationid=358665/year=2022.zip,https://openaq-data-archive.s3.amazonaws.com/records/csv.gz/locationid=358665/year=2022/,members-sha256:03d9e9df02307f80e0c309fed79332be8148ffa39dfdd8265695f13a11da8957,2026-09-26T06:54:15+00:00,daea183ee6eef0adaf7530caafded077672c47372f1cc69d4bff9a0f0a41174d,23085,24 daily files 20220923..20221031
locationid=358457/year=2026.zip,https://openaq-data-archive.s3.amazonaws.com/records/csv.gz/locationid=358457/year=2026/,members-sha256:41037e39b67fc8219e36a8d6920004e34849c5b28ef0287fe5d25fbfd801649d,2026-09-26T06:54:16+00:00,2a1afbb0b97a33466e39ea53a1aee01e8e511d078d260d94418237a59e0a4c37,168250,73 daily files 20260101..20260331
locationid=346257/year=2025.zip,https://openaq-data-archive.s3.amazonaws.com/records/csv.gz/locationid=346257/year=2025/,members-sha256:303291ac57d4e6c893676dc11d4b2d99eee2d78444b779671b5da160108a6c03,2026-09-26T06:54:19+00:00,c0dd37ffa7a41864bb4cac12c1328bf7c023405ac5fd47ba895212cbe8441c19,1424297,288 daily files 20250219..20251231
locationid=361378/year=2022.zip,https://openaq-data-archive.s3.amazonaws.com/records/csv.gz/locationid=361378/year=2022/,members-sha256:c0eea3cddf91fc3b3ebdb96d73f56cc8aab9978c29b35003d14897116b3fc832,2026-09-26T06:54:21+00:00,0d81c6735970d0bb04ae89010e6497cd4781fdb2e221fd5dbad9311b8aca80d0,24925,25 daily files 20220923..20221031
locationid=358467/year=2026.zip,https://openaq-data-archive.s3.amazonaws.com/records/csv.gz/locationid=358467/year=2026/,members-sha256:4e68dbddbb4a2ebddb77c6b4719ddd0ac3fe54c7c328ece61e62dd751bed4725,2026-09-26T06:54:23+00:00,28c561338c0646e345cd99b6120bca86e2aa09f01ffc705e01149a352beb0797,499253,81 daily files 20260101..20260331
locationid=358665/year=2026.zip,https://openaq-data-archive.s3.amazonaws.com/records/csv.gz/locationid=358665/year=2026/,members-sha256:e07e8dbf299b0196d28512642a5f10833c82c68075e9724d1ec1946e6018b68b,2026-09-26T06:54:24+00:00,4788d37ed787ee38c3642d473e3245c732ad3942fda6807a9a9fd9f1f4812015,130948,43 daily files 20260101..20260331
locationid=361411/year=2022.zip,https://openaq-data-archive.s3.amazonaws.com/records/csv.gz/locationid=361411/year=2022/,members-sha256:80c3844c082ead8e9c8ef8a8648b3a4a76eb1678e2f11c9f6bcc04094e7b8119,2026-09-26T06:54:24+00:00,7afcdf25fe065b93af5a848c2a3a39d32489dedde8d5c3662c3e7d78061d8b91,17932,19 daily files 20220923..20221016
locationid=346258/year=2025.zip,https://openaq-data-archive.s3.amazonaws.com/records/csv.gz/locationid=346258/year=2025/,members-sha256:661e572fbf57ed3655addd151451e7a1c02e747869ed4d1a8b4d6d6370b14287,2026-09-26T06:54:28+00:00,05e651b9e181409132899afa34cf81e34dcb4dcbe6f05820b35025f7d8f47bfa,1339538,297 daily files 20250219..20251231
locationid=363601/year=2022.zip,https://openaq-data-archive.s3.amazonaws.com/records/csv.gz/locationid=363601/year=2022/,members-sha256:99f2ad4de32f8c6e36a80861037c8cd81e02abe64a92aa2701570eb0469faf24,2026-09-26T06:54:28+00:00,c141386156b20e5177c058f8184ec7eeec3af51fa79f7ef082af1795c144a554,20404,19 daily files 20220929..20221031
locationid=1285345/year=2019.zip,https://openaq-data-archive.s3.amazonaws.com/records/csv.gz/locationid=1285345/year=2019/,members-sha256:feb509e889e4b26892aca666518e378f3ed29fe3f47099ee1fccb690f811c688,2026-09-26T06:54:37+00:00,62718d3011cf576fc6718a9f28a82611a67b55dea3068bad360b7f235dabadaa,21912,36 daily files 20191021..20191125
locationid=346438/year=2025.zip,https://openaq-data-archive.s3.amazonaws.com/records/csv.gz/locationid=346438/year=2025/,members-sha256:36b8c96929fd2fc89d9e251002239af80011700faa2fe09606b935126ca42cb9,2026-09-26T06:54:39+00:00,02596818821e185cd7b9cc1210b6cc823b1c0421e4e00688634c208dca6aeeb3,1503909,311 daily files 20250219..20251231
locationid=361378/year=2026.zip,https://openaq-data-archive.s3.amazonaws.com/records/csv.gz/locationid=361378/year=2026/,members-sha256:cb2905df0a2434b922bb87932415b5af3bb9f5d9612b4d6c62be98ce75805419,2026-09-26T06:54:43+00:00,f5d94833f169af59f58b4589fb31df0b6e2c370b32bd904d008a49dc2e9f5478,441506,81 daily files 20260101..20260331
locationid=346439/year=2025.zip,https://openaq-data-archive.s3.amazonaws.com/records/csv.gz/locationid=346439/year=2025/,members-sha256:69b8656cbf239d7c83f71f7e7fa294ce5ceacd17cac85ace6ab3879ff1201c40,2026-09-26T06:54:45+00:00,dd9019cfb21c5ee4d88b26311f6b05656e83735d8803fd20c1dfd5d8213ecac6,1608826,314 daily files 20250219..20251231
locationid=352465/year=2025.zip,https://openaq-data-archive.s3.amazonaws.com/records/csv.gz/locationid=352465/year=2025/,members-sha256:c5029bd9a1505f728704536ba49b4858500e47ad764a73ed6e8e1e043721f510,2026-09-26T06:54:48+00:00,4d1c1049b20b055606f5f890f9ecaa1d72ae28d9e8fa7cd32c35982a2b5e39a0,1557197,309 daily files 20250219..20251231
locationid=363601/year=2026.zip,https://openaq-data-archive.s3.amazonaws.com/records/csv.gz/locationid=363601/year=2026/,members-sha256:e44f245439f583d0f982a8dd6a6dc7c77206572394e8eb2fa2b2f70f851fdd60,2026-09-26T06:54:52+00:00,584272b3fe28a7aaba75ccbc86aad9c0b739cabeee618fc0918e5553c4b68b8b,528371,81 daily files 20260101..20260331
locationid=352777/year=2025.zip,https://openaq-data-archive.s3.amazonaws.com/records/csv.gz/locationid=352777/year=2025/,members-sha256:86b8069739232db5db6d45f5f6b014094cd2e841e79d69cd8fd1ddd208a12426,2026-09-26T06:54:53+00:00,4f21b619fd7ad6484987d2fda45430dc6336e544b48a180df6776838cebacca8,1637355,310 daily files 20250219..20251231
locationid=358450/year=2025.zip,https://openaq-data-archive.s3.amazonaws.com/records/csv.gz/locationid=358450/year=2025/,members-sha256:10e082d73c59120b32d1253d1470fd1fc1073320f29c24c13f129e573d4efa00,2026-09-26T06:54:56+00:00,b7f452aa2d6197699f6302b3a453d1bfc3b83df68e3f3f867edfb759b25dbc18,975944,267 daily files 20250219..20251219
locationid=353715/year=2025.zip,https://openaq-data-archive.s3.amazonaws.com/records/csv.gz/locationid=353715/year=2025/,members-sha256:378fef75340365af1cfa134296a6463ad9ebb109cb3df64a4d998b6b927a777d,2026-09-26T06:55:00+00:00,2a9d004784b02a67c6567ee4278afb5ba6be33d234120c6291533eda28dac90b,1655179,312 daily files 20250219..20251231
locationid=358448/year=2025.zip,https://openaq-data-archive.s3.amazonaws.com/records/csv.gz/locationid=358448/year=2025/,members-sha256:b44c6325ee1e9c6e63d948bc0477b626014870a9b499f6b4e485db1b814eb9e5,2026-09-26T06:55:02+00:00,e873734f9fc0d5023328ff5a60588ad06fa3ff1ad2886b1955b414e349556ef8,1271029,301 daily files 20250219..20251229
locationid=358452/year=2025.zip,https://openaq-data-archive.s3.amazonaws.com/records/csv.gz/locationid=358452/year=2025/,members-sha256:1ab7a5479ae22443a84bae68f18fef787be4e3733186d0ee1a26fb03229ad571,2026-09-26T06:55:12+00:00,1e2833b1c586fa543b998cf05639ac37d327d595c4ea794e42399d40f6489b03,1336782,295 daily files 20250219..20251216
locationid=358665/year=2025.zip,https://openaq-data-archive.s3.amazonaws.com/records/csv.gz/locationid=358665/year=2025/,members-sha256:38a05078d6ed15b215d11a2f3085511b34a21dc20cc3743c94b6c48e6f71db99,2026-09-26T06:55:14+00:00,febd8e096ebf7b511d6e0e57ac32a945d2c2f299c946cab0525f060db5c187ae,531032,194 daily files 20250221..20251231
locationid=358453/year=2025.zip,https://openaq-data-archive.s3.amazonaws.com/records/csv.gz/locationid=358453/year=2025/,members-sha256:152b338402993af50af9ddc454f0d31cf77d3fbd873088bdcd767cabf4368125,2026-09-26T06:55:18+00:00,c0e3b18e914dd85582428fce3ccceccc37594e3e2422ae1e9a45ee936880a89f,845651,302 daily files 20250219..20251229
locationid=3409317/year=2026.zip,https://openaq-data-archive.s3.amazonaws.com/records/csv.gz/locationid=3409317/year=2026/,members-sha256:c2937f2afcffe4b99a913e55eb6f2c04cd57053aad293ab30d0018cd0075ef65,2026-09-26T06:55:18+00:00,b2ff6943533bd95a9955c9395c4948f4b4431d3eaa9158d261f1a3975497b7f1,389783,81 daily files 20260101..20260331
locationid=3409322/year=2026.zip,https://openaq-data-archive.s3.amazonaws.com/records/csv.gz/locationid=3409322/year=2026/,members-sha256:f51b1e24f04370ebc92487829c30a00d59c6c830bd36e813825fbea0353e2094,2026-09-26T06:55:20+00:00,28b20f8d3adb7e3b52b83817df107fd45d4ba352df01bfbac5576a0cfa1049d1,2281,3 daily files 20260105..20260306
locationid=3174189/year=2024.zip,https://openaq-data-archive.s3.amazonaws.com/records/csv.gz/locationid=3174189/year=2024/,members-sha256:aef553ec6adeacc3d5b9804b78aed0c600c21c796ea0aff6c024d9f898104628,2026-09-26T06:55:21+00:00,c170d71a0e69becbd2064652c60cd6c80de9942de9188d4467868539c768c4d1,199504,137 daily files 20240101..20240630
locationid=3409318/year=2026.zip,https://openaq-data-archive.s3.amazonaws.com/records/csv.gz/locationid=3409318/year=2026/,members-sha256:cb73e933193b352037fdadb4df1d93dab8a9835ec81a1672617b772ce6dbe718,2026-09-26T06:55:21+00:00,4a6b5414afa97b236596b6a3d6969cd4923390b19674a04b8caefc6a3e42a80c,490560,78 daily files 20260101..20260331
locationid=3409320/year=2026.zip,https://openaq-data-archive.s3.amazonaws.com/records/csv.gz/locationid=3409320/year=2026/,members-sha256:fd2e8f0ef81e889b65693ab5018adce273d0cda0f40ce611d6e09dc4ec2b4552,2026-09-26T06:55:31+00:00,2e4e67b205b87130b2eb05bfe793c32a6cec3ace3746f3fa87dde198a9020002,547915,81 daily files 20260101..20260331
locationid=3174188/year=2024.zip,https://openaq-data-archive.s3.amazonaws.com/records/csv.gz/locationid=3174188/year=2024/,members-sha256:d53d725133ec43e7253865ee06c233b5a4ffb72e0ad145ff6b81d1f1dde96a90,2026-09-26T06:55:32+00:00,7e3d47b6844d293f5cd4d80dad3871840e575967435908e692da9798708f8bfe,366462,180 daily files 20240101..20240630
locationid=358457/year=2025.zip,https://openaq-data-archive.s3.amazonaws.com/records/csv.gz/locationid=358457/year=2025/,members-sha256:c3a2933202837e234b8b93ec445f94f672b47b997395cb0bb399175b3aecaf3a,2026-09-26T06:55:33+00:00,ac117dede9bc76ed42187288a6f52db3fcac4643306741b46442dc4e6cf543cf,584419,302 daily files 20250219..20251231
locationid=358456/year=2025.zip,https://openaq-data-archive.s3.amazonaws.com/records/csv.gz/locationid=358456/year=2025/,members-sha256:8bfcfa1411a2986304f1dbf9d0b411e106c7781480d54e92d290d4fd42704881,2026-09-26T06:55:36+00:00,81d3abc1414957f9b0485785804c63425a3855b6c95cbdbc78c4b34c40ca65f5,1463222,309 daily files 20250219..20251231
locationid=3409321/year=2026.zip,https://openaq-data-archive.s3.amazonaws.com/records/csv.gz/locationid=3409321/year=2026/,members-sha256:d7cbe53c954b8221c14ce4338f911e361e73fbb48f33ceb00e63846a826756ed,2026-09-26T06:55:36+00:00,22d33a96d0a40380e96e2614d1775320b84136e72be826237451e9bee04b21f6,493344,81 daily files 20260101..20260331
locationid=358627/year=2025.zip,https://openaq-data-archive.s3.amazonaws.com/records/csv.gz/locationid=358627/year=2025/,members-sha256:c72e14d619d5ff6bb5926eb18f4824378d451616aab6cde97731fde7aeaf4bbd,2026-09-26T06:55:37+00:00,e26519111019ab90c797f2a83406b4d066c4cd5489bd506469cdb22777eed862,726030,270 daily files 20250219..20251215
locationid=3409335/year=2026.zip,https://openaq-data-archive.s3.amazonaws.com/records/csv.gz/locationid=3409335/year=2026/,members-sha256:45518dc6247730213c6daeaac476cbaafb903571b63578cfeaecbd0508476cdd,2026-09-26T06:55:38+00:00,f6d485818a882d59e570f9a2feeba7d8dc582198590a0a75d6d2b50a80ddb735,32669,12 daily files 20260309..20260331
locationid=3409323/year=2026.zip,https://openaq-data-archive.s3.amazonaws.com/records/csv.gz/locationid=3409323/year=2026/,members-sha256:55b1d6f78ebfd392b1309be9a0d37fdb5ac2b487b4f4c465f557c774ae594b05,2026-09-26T06:55:38+00:00,e8fc9658af0b74ad4ef02b17324fe524721bdb706a3db54d18e48f6a494a64bb,212734,43 daily files 20260217..20260331
locationid=3174190/year=2024.zip,https://openaq-data-archive.s3.amazonaws.com/records/csv.gz/locationid=3174190/year=2024/,members-sha256:6cd9474967baa0a31f635a58c02d7a08016882d97c497bea8aa0fb34f84ae3c5,2026-09-26T06:55:39+00:00,5390f31edf63cde64b75e092001dbe8b61557e68154f1f339f9655afbe379c4a,278701,171 daily files 20240101..20240630
locationid=358467/year=2025.zip,https://openaq-data-archive.s3.amazonaws.com/records/csv.gz/locationid=358467/year=2025/,members-sha256:bfcefda81987e62a8dda9ff84108959347cc1e516f401473ce054a2b91e40ac8,2026-09-26T06:55:45+00:00,11e3be6c510dd3f39281f1ab4b410785006b366f8cb1c8924e5a28908a9a1ebe,1510127,311 daily files 20250219..20251231
locationid=3409329/year=2026.zip,https://openaq-data-archive.s3.amazonaws.com/records/csv.gz/locationid=3409329/year=2026/,members-sha256:7e852afb2962c84a87e362eb23e8bb734b3ccefd8f54f0b7e2094d474ea327ef,2026-09-26T06:55:54+00:00,bf7565aedbbe4b63c9acaeb8cc5e47f5e70be5d190707e329bfb33d04ad1ea61,385136,80 daily files 20260101..20260331
locationid=361378/year=2025.zip,https://openaq-data-archive.s3.amazonaws.com/records/csv.gz/locationid=361378/year=2025/,members-sha256:0ab88ecdf6c0bb3780d5ae254dcccfb856ad2d958514e58bb2da61e002df24c5,2026-09-26T06:56:05+00:00,6cf125b473fee56b8fcaac355da70034d32e9f784b0a5728140fd756d9843770,1427140,314 daily files 20250219..20251231
locationid=3409336/year=2026.zip,https://openaq-data-archive.s3.amazonaws.com/records/csv.gz/locationid=3409336/year=2026/,members-sha256:24af1c66f33a4fd8cbf2ec230ad4e598d75f344cdbf1c917be3f9b56c8aa431f,2026-09-26T06:56:08+00:00,67bc00015b43134007351009123ea37f75f0f684184ad3bdaad7287518799a85,526686,81 daily files 20260101..20260331
locationid=3409338/year=2026.zip,https://openaq-data-archive.s3.amazonaws.com/records/csv.gz/locationid=3409338/year=2026/,members-sha256:cce2959414b41b11425397760f828cc1509308584db2886f5cd80e797d906932,2026-09-26T06:56:09+00:00,15e0bb9c1ffc6b1a89fa9027bd035cfa7f420a16702a6f7777f0aaf87dfa46b0,412797,81 daily files 20260101..20260331
locationid=3409339/year=2026.zip,https://openaq-data-archive.s3.amazonaws.com/records/csv.gz/locationid=3409339/year=2026/,members-sha256:7737eccd0ae2ea830b0645e45cd2d1d7f5c763239a16032b3b3c7a8b152e2473,2026-09-26T06:56:13+00:00,db3771650ec70b9f59df5d4a545d8861934f73becc41d042e6355bd4ed5c2e68,365198,81 daily files 20260101..20260331
locationid=3409343/year=2026.zip,https://openaq-data-archive.s3.amazonaws.com/records/csv.gz/locationid=3409343/year=2026/,members-sha256:8ed2908ccf78af4e3c18296715925076c2a6f056235dd1765761dc4dd69245f1,2026-09-26T06:56:13+00:00,b7b415ddab94ac1336525d809a0364bf6243b61f721d0c06579fb2cba92dc8d1,25334,18 daily files 20260106..20260219
locationid=363601/year=2025.zip,https://openaq-data-archive.s3.amazonaws.com/records/csv.gz/locationid=363601/year=2025/,members-sha256:855ede59e152ef50566d5133012e6d36856ee48d4c87b260fcc87cf16691b006,2026-09-26T06:56:14+00:00,ca8fd84d09756e737bccf7b8f93c27cc08a6afd7ffa6c1938c01412784311d03,1557743,315 daily files 20250219..20251231
locationid=3409340/year=2026.zip,https://openaq-data-archive.s3.amazonaws.com/records/csv.gz/locationid=3409340/year=2026/,members-sha256:4be1719eb342d3fa23d9da0e1867d7d41886acd1a3f8b948ab14ea1d6dffd0e9,2026-09-26T06:56:15+00:00,d0e96cd7b49c6f1c23ae0a757a3528ed445bd2d15b5b86612ff33306c8e32d46,342485,75 daily files 20260107..20260331
locationid=3174189/year=2023.zip,https://openaq-data-archive.s3.amazonaws.com/records/csv.gz/locationid=3174189/year=2023/,members-sha256:a0118037a0d32db98d3914ebad5dee393030964f5927aa24f0b70c72ae4cdede,2026-09-26T06:56:16+00:00,a11d05cf9163daf74c6fc81c76d6679faf14a6bb2ae11a1c0c13ada85128afe7,457256,292 daily files 20230109..20231231
locationid=3409322/year=2025.zip,https://openaq-data-archive.s3.amazonaws.com/records/csv.gz/locationid=3409322/year=2025/,members-sha256:116e7815920b5b94aadb5a3a13b1e080c07c3270ada32fa5d3ed88fa57011c06,2026-09-26T06:56:25+00:00,635d225ea0bb1bf2e03ffc4e06114d901da5545f7dd798960d4ad969e7e56499,783818,186 daily files 20250219..20251124
locationid=3409346/year=2026.zip,https://openaq-data-archive.s3.amazonaws.com/records/csv.gz/locationid=3409346/year=2026/,members-sha256:df3cd5fa215b9499c4dc1475b0035250d0ce18083a62912775abcb2c141f493b,2026-09-26T06:56:26+00:00,9c10716efbc181248b4629ab8e8cdda33ee37b350e92a58736dc8cc2f860fd1d,43321,15 daily files 20260101..20260124
locationid=3409345/year=2026.zip,https://openaq-data-archive.s3.amazonaws.com/records/csv.gz/locationid=3409345/year=2026/,members-sha256:513f1346cf3a934bc6b2455175130dd9bf86eacbf5c6db570075d175ff3bdbb0,2026-09-26T06:56:30+00:00,d145a1523056b3d7600886f62174e9b7bde70f55c99567775b75d4ab0ce28e9f,32016,36 daily files 20260108..20260311
locationid=3409319/year=2025.zip,https://openaq-data-archive.s3.amazonaws.com/records/csv.gz/locationid=3409319/year=2025/,members-sha256:0fecadd1bc7c2f8c225c902698a22cfcc61c67d32bdb0ef0b2b3cc8eaa876ae4,2026-09-26T06:56:31+00:00,54e7ed28127ea7defb763cc1ecae1031fbdfc8bd6a8626e9a5b5dd7f3b262775,1058943,257 daily files 20250219..20251202
locationid=3174188/year=2023.zip,https://openaq-data-archive.s3.amazonaws.com/records/csv.gz/locationid=3174188/year=2023/,members-sha256:9274846e9bff8b021c8a15513f2a96484a7e8cbee0f5c30602532baadf582bdd,2026-09-26T06:56:32+00:00,d9666e799baadb92b464f5c63018ab67965ccc696c981c09f605eea73b26e1f4,679608,353 daily files 20230109..20231231
locationid=3174190/year=2023.zip,https://openaq-data-archive.s3.amazonaws.com/records/csv.gz/locationid=3174190/year=2023/,members-sha256:ce20013c5ede00f92477654f967455952052986ed7760a62bbb2114b3b6b6783,2026-09-26T06:56:33+00:00,cb0cf48e9dc1f66e11b9cea3310d4a2224105c147801691cd63779aa279b33c6,493532,317 daily files 20230109..20231231
locationid=3409335/year=2025.zip,https://openaq-data-archive.s3.amazonaws.com/records/csv.gz/locationid=3409335/year=2025/,members-sha256:46eaf6543011681bfda86474f2e3e32c9e72dcfec913c71f175b5d699017b7e6,2026-09-26T06:56:35+00:00,bba4e3b01a1ff98d6e88af91151618d301f1769e829f3a8c9a32c4c966c4fbf9,630916,170 daily files 20250219..20251220
locationid=3409317/year=2025.zip,https://openaq-data-archive.s3.amazonaws.com/records/csv.gz/locationid=3409317/year=2025/,members-sha256:3aa0dce846591d359b1d9c69c79443d83b544c348ef7037237fa5db5f67e1ed3,2026-09-26T06:56:36+00:00,04d17e8cf9a750a2b6b5c583312a5f637ee5d315bf979e24b03f3d085ff5d7f7,1175949,303 daily files 20250219..20251231
locationid=3409348/year=2026.zip,https://openaq-data-archive.s3.amazonaws.com/records/csv.gz/locationid=3409348/year=2026/,members-sha256:a116f31304b8082f39cf65f47a2c004b4e5578df8ade51619eeae683c96e5a4f,2026-09-26T06:56:42+00:00,d3db854ffb4dd5c75fd499cf31dd79fcaf4c8980b4a36d7ea12f1f67963a69ff,43627,49 daily files 20260101..20260324
locationid=3409350/year=2026.zip,https://openaq-data-archive.s3.amazonaws.com/records/csv.gz/locationid=3409350/year=2026/,members-sha256:96197f2d0eb96eba9b9f5cd2eaf550213fe996c9a751b99dedfb428b898d208f,2026-09-26T06:56:44+00:00,f45acda31d09af1011436bbcb54a64642b4b8c0a31c4e779bf4ecde6cf3a07e7,26035,28 daily files 20260109..20260218
locationid=3409318/year=2025.zip,https://openaq-data-archive.s3.amazonaws.com/records/csv.gz/locationid=3409318/year=2025/,members-sha256:69c02cbf358fbcf7512488af790dd67c013ae8965a04610ea58453c913ea60c9,2026-09-26T06:56:44+00:00,d978c59df661365573962e18be9b7135273252e9f6918424661733317091637d,1766545,315 daily files 20250219..20251231
locationid=3409355/year=2026.zip,https://openaq-data-archive.s3.amazonaws.com/records/csv.gz/locationid=3409355/year=2026/,members-sha256:aa7b92b83cc4f174f49a0527227f5a0833a86d3ea227afbc5647087446ae43f0,2026-09-26T06:56:47+00:00,509ec2bc80b925eac4cd43c8ee8f8f4115a8da2d80f75a1fcc6284932d797dac,38878,10 daily files 20260101..20260110
locationid=3409341/year=2025.zip,https://openaq-data-archive.s3.amazonaws.com/records/csv.gz/locationid=3409341/year=2025/,members-sha256:1ad0981c4d2d886883340f21d49a28a8387aba3846fa84b562549d7642e23ff3,2026-09-26T06:56:48+00:00,6110587e08aca3a24887f6631cbd07a0fa37c3ea42d2a8738f08bcc6d30ecdb5,628569,146 daily files 20250219..20250725
locationid=3409356/year=2026.zip,https://openaq-data-archive.s3.amazonaws.com/records/csv.gz/locationid=3409356/year=2026/,members-sha256:5c0a2ed2e0bcd7cfcd7d89e371535b204c0cea086b30980d606f91f9b6b755fe,2026-09-26T06:56:49+00:00,ca9adf714ae9a65a77b659a26da21c5ec39ffe7a953beffceb3da5bfa22bd82e,3499,5 daily files 20260304..20260309
locationid=3409357/year=2026.zip,https://openaq-data-archive.s3.amazonaws.com/records/csv.gz/locationid=3409357/year=2026/,members-sha256:7c102d954341226f4cbfd8506af0e3018e276d53bd44f9d4945051cb5d39f760,2026-09-26T06:56:53+00:00,b1391ff541d66bcd248820c2f879ddd1a919ca5f8ba87c81035084251ee83d2a,53782,10 daily files 20260101..20260110
locationid=3409320/year=2025.zip,https://openaq-data-archive.s3.amazonaws.com/records/csv.gz/locationid=3409320/year=2025/,members-sha256:cf7cfc1b406931986758e1638c7a32528c0980230b651875075eebd58614de43,2026-09-26T06:56:56+00:00,14388f2307ecebe5cb2cbad2c22cc0af9917b7a73761cfdca222f36614bea4fe,1803116,314 daily files 20250219..20251231
locationid=3409329/year=2025.zip,https://openaq-data-archive.s3.amazonaws.com/records/csv.gz/locationid=3409329/year=2025/,members-sha256:e68b165da26d58d836f3a8d5c984683df60fa7f1e2a660484bddb19ca69d8bd3,2026-09-26T06:56:58+00:00,2b39bcae24b780b7b5fec1b608202aa6d689ccfce5317b3fa6bfb132ed4ef962,1009608,259 daily files 20250219..20251231
locationid=3409321/year=2025.zip,https://openaq-data-archive.s3.amazonaws.com/records/csv.gz/locationid=3409321/year=2025/,members-sha256:bbe33dcc6d79e248691fb75e84330b357f274c2dde95f641d16e7332c72c35a5,2026-09-26T06:56:58+00:00,b517d9f3ca763e871a6e2e0375658975277baa6dae48cfc40be723a604cb5cf9,1626969,314 daily files 20250219..20251231
locationid=3409323/year=2025.zip,https://openaq-data-archive.s3.amazonaws.com/records/csv.gz/locationid=3409323/year=2025/,members-sha256:e3598862c62e45428d6fb241625edf7de2e7cc474fc7836aac4d37c78d41105e,2026-09-26T06:57:00+00:00,87c39e3fbe898113e82b8a75b543f27d644809b390d8b60f01fd7518b4d6716c,1174839,277 daily files 20250219..20251220
locationid=3409336/year=2025.zip,https://openaq-data-archive.s3.amazonaws.com/records/csv.gz/locationid=3409336/year=2025/,members-sha256:ea1c67b35068b9509b176a01dc750aee06171129821aa74fbffb448d407d2861,2026-09-26T06:57:18+00:00,53b4440be966e8524a49264f43df6677437b43a609dfacb5d726456399a7505a,1448792,277 daily files 20250219..20251231
locationid=3409359/year=2026.zip,https://openaq-data-archive.s3.amazonaws.com/records/csv.gz/locationid=3409359/year=2026/,members-sha256:2bcdc4ad2d1a2396a702625cd9f0154108abb6e6ea92cb6b2a12b80b5062c952,2026-09-26T06:57:24+00:00,b070c72f4619917531406e747610c64baa4311d130f35581f1df11a705bb9f47,411063,79 daily files 20260102..20260331
locationid=3409340/year=2025.zip,https://openaq-data-archive.s3.amazonaws.com/records/csv.gz/locationid=3409340/year=2025/,members-sha256:297f83b10a610f4fe7f812878a45eb31a3e0a6f9b6e8d659d5a58135bfc8eae8,2026-09-26T06:57:26+00:00,c66e069330f11c0f91456c4ae21983d8f423a79a2677a0f87059b5d3576e775c,1174633,278 daily files 20250219..20251216
locationid=3409360/year=2026.zip,https://openaq-data-archive.s3.amazonaws.com/records/csv.gz/locationid=3409360/year=2026/,members-sha256:31903082fccaf142741989c39b3a3ea8e8342a375276c1ea987ea18206e97d13,2026-09-26T06:57:28+00:00,e3e81086aa6109a1e2476e6f6f7b293fa414e1d916cc67b08287ca6b7bf133c0,447114,78 daily files 20260101..20260331
locationid=3409338/year=2025.zip,https://openaq-data-archive.s3.amazonaws.com/records/csv.gz/locationid=3409338/year=2025/,members-sha256:067b7b615e5f81613fd8bd1ee3c6d196803651ca9058ef030417fdc1741ed60e,2026-09-26T06:57:30+00:00,5728655a38a3c9cfae2a467d634ea32babfc16a18acbe6bf45fd3d34abf485d9,1245477,307 daily files 20250219..20251231
locationid=3409361/year=2026.zip,https://openaq-data-archive.s3.amazonaws.com/records/csv.gz/locationid=3409361/year=2026/,members-sha256:c699a960807a742fac04af77d9193b1160b71713966b7622be66acbbd5bf8afd,2026-09-26T06:57:32+00:00,68edd40517cd04e96e80eb5c055623d21c93ce470fe5b891d584f8a730f47313,501370,80 daily files 20260101..20260331
locationid=3409339/year=2025.zip,https://openaq-data-archive.s3.amazonaws.com/records/csv.gz/locationid=3409339/year=2025/,members-sha256:d70499a6f2aa29a7af58823e85a454ae2acc29d34dd348b71c8e72f724734757,2026-09-26T06:57:33+00:00,fcba03d3ce7dc86633bf44d8d08a5dcdc1afb9a1b8cceee1ce37cf44fddb8f1b,1165935,309 daily files 20250219..20251231
locationid=3409343/year=2025.zip,https://openaq-data-archive.s3.amazonaws.com/records/csv.gz/locationid=3409343/year=2025/,members-sha256:836e9a02a9b2afd4e0bb214cc78c90dec94646483cb93413a5d62d1289cdfdc1,2026-09-26T06:57:46+00:00,e5cd6eef6e16b2918dc38d490a05a819a2d748af00cfda39d32834769faf01fd,994200,283 daily files 20250219..20251215
locationid=3409351/year=2025.zip,https://openaq-data-archive.s3.amazonaws.com/records/csv.gz/locationid=3409351/year=2025/,members-sha256:4ffe13990a54fd9daaec911239bd773b903a0b8a425283141fff9beb3fd9bbaf,2026-09-26T06:57:46+00:00,514811cad82700688c87b35aba7dd56debcc71146bea665762ea2e50a5de22e0,746047,199 daily files 20250219..20251031
locationid=3409362/year=2026.zip,https://openaq-data-archive.s3.amazonaws.com/records/csv.gz/locationid=3409362/year=2026/,members-sha256:353e2579e5ffdf5ae0cd99e20ddbffc88aba77a908506c3b2a82d2e30c2daee7,2026-09-26T06:57:49+00:00,9130a2ce70cc2913057d4a0a15902175bbcb223b01b43693f6e76fe492da6da3,523353,81 daily files 20260101..20260331
locationid=3409344/year=2025.zip,https://openaq-data-archive.s3.amazonaws.com/records/csv.gz/locationid=3409344/year=2025/,members-sha256:53285426667ffe9430a7e2b5a8c1e1ea1515f51e8cd6cbad30e18ec59b22ba5a,2026-09-26T06:57:52+00:00,e1ee19afc9da7953928226e398eb84e0c251461ba1ae2fc8fc124cd5ae707533,1318463,284 daily files 20250219..20251219
locationid=3409345/year=2025.zip,https://openaq-data-archive.s3.amazonaws.com/records/csv.gz/locationid=3409345/year=2025/,members-sha256:0757b876bb7df18b76b2b934208ad8203606051d01cdbcc1edb58abf0269d0bb,2026-09-26T06:57:58+00:00,cb18007abac4e0ee5655fab711c2d7528d48aa056da945c09aca1a8ca816acd0,545518,284 daily files 20250219..20251215
locationid=3409363/year=2026.zip,https://openaq-data-archive.s3.amazonaws.com/records/csv.gz/locationid=3409363/year=2026/,members-sha256:5e52838d1c187e6ce6d598b3c70b85fca2ae6f9037060731cb4540e71a82c73b,2026-09-26T06:57:58+00:00,98a0e3e3fc4f60573d5a45ad968a001074b3a7951c9a58b42c27a9617573ec2b,265171,81 daily files 20260101..20260331
locationid=3409346/year=2025.zip,https://openaq-data-archive.s3.amazonaws.com/records/csv.gz/locationid=3409346/year=2025/,members-sha256:a8a64653003b350a012390c27394a46da676babe6af2660c13a2e1bb191ce93e,2026-09-26T06:57:59+00:00,02f876b0a12867de272840d313e21bc8ed286829782aec51b088d8de3d54ba81,777357,293 daily files 20250219..20251231
locationid=3409349/year=2025.zip,https://openaq-data-archive.s3.amazonaws.com/records/csv.gz/locationid=3409349/year=2025/,members-sha256:bf1512dd783faf69ea8f5eaa59ce65d308d9c06ed57069d40efa46719d016fe0,2026-09-26T06:58:00+00:00,c9760ea6bcda54426a99c63487fb4eed15812e97fdbd528ba676a07d9759b074,1149417,260 daily files 20250219..20251209
locationid=3409366/year=2026.zip,https://openaq-data-archive.s3.amazonaws.com/records/csv.gz/locationid=3409366/year=2026/,members-sha256:a98045e249062bb33c2bc1ed7796a43ad87dc30d0f505910a3b53ef169f527a1,2026-09-26T06:58:02+00:00,5347df62bf1d7e6dabc1b0be989905647de7515a05c99bf47e996102b9e002ef,501441,81 daily files 20260101..20260331
locationid=3409353/year=2025.zip,https://openaq-data-archive.s3.amazonaws.com/records/csv.gz/locationid=3409353/year=2025/,members-sha256:cdb066f01204d3a661ce24ee63f167b6082abf27c669cd565994f8602fb2a3bd,2026-09-26T06:58:06+00:00,d7038aa6bc2f42da3f744fb2309ec992dfd7f5c694c218b3d251d50b0d91bc97,1020793,245 daily files 20250219..20251117
locationid=3409367/year=2026.zip,https://openaq-data-archive.s3.amazonaws.com/records/csv.gz/locationid=3409367/year=2026/,members-sha256:70bc2206c0edd73fe01cca7a1b8aec4aba146bf27f56cc79f54a84242778f1b2,2026-09-26T06:58:09+00:00,075129a819c4526c8992bfc8541604bd0d15b5b8621ebc4faafbe0db6134bb2e,547570,81 daily files 20260101..20260331
locationid=3409350/year=2025.zip,https://openaq-data-archive.s3.amazonaws.com/records/csv.gz/locationid=3409350/year=2025/,members-sha256:7a0c3a0078151e23d4aa7e9f1bf2e52abe6d18f41332fa0c9f4b810fd21db925,2026-09-26T06:58:11+00:00,0d73288cc160275d54f5bf6b5a15a125a9d285a2cc9e114c7c16f1885586f1f7,1029514,281 daily files 20250219..20251229
locationid=3409348/year=2025.zip,https://openaq-data-archive.s3.amazonaws.com/records/csv.gz/locationid=3409348/year=2025/,members-sha256:62547427bfb07a2f5fa3c910814db5ccb12f3d8cf3ffaa5b4c0d4de29ff37e0d,2026-09-26T06:58:12+00:00,1abab54dcc97ad72865b4dae29652a80095b6a64aae0d1ba16b3312509eaea06,967975,309 daily files 20250219..20251231
locationid=3409357/year=2025.zip,https://openaq-data-archive.s3.amazonaws.com/records/csv.gz/locationid=3409357/year=2025/,members-sha256:3aa9b5e2e675658e050c0a152c0f24dce5864e89054f68c78b185a4decfa84a2,2026-09-26T06:58:14+00:00,9319b86bd6ed01839b81131b8edbbdab49b68a8b543108a3b9244565578e9d51,1074628,243 daily files 20250219..20251231
locationid=3409368/year=2026.zip,https://openaq-data-archive.s3.amazonaws.com/records/csv.gz/locationid=3409368/year=2026/,members-sha256:26dfd610a155141980193fb8d8ae7b5e821477aa77722c2a61f100c5daafd692,2026-09-26T06:58:19+00:00,7ea6e3e2f7962b322c1b60d5d58fb2a723a13efea70ee1c71efeacb63d83a98d,542533,81 daily files 20260101..20260331
locationid=3409356/year=2025.zip,https://openaq-data-archive.s3.amazonaws.com/records/csv.gz/locationid=3409356/year=2025/,members-sha256:0111e9c1c1b4444e4a2d6c2427f30e9ac88fda20c1826b696b61263a133bafaa,2026-09-26T06:58:23+00:00,73a7296d6b26b94dbf20658fb816dc9ff88974cc370b37dd1b9cc6e6f1eb036c,828422,273 daily files 20250219..20251211
locationid=3409369/year=2026.zip,https://openaq-data-archive.s3.amazonaws.com/records/csv.gz/locationid=3409369/year=2026/,members-sha256:2386c8cf24381675ddb23c5e55f7ec245335923b064d9d5676d5ee7b32671e79,2026-09-26T06:58:25+00:00,6ecd68154afc23bd84de8e82e37b0b5ca89be5493e66df2154faa0fa067bfba5,414577,81 daily files 20260101..20260331
locationid=3409358/year=2025.zip,https://openaq-data-archive.s3.amazonaws.com/records/csv.gz/locationid=3409358/year=2025/,members-sha256:e5f3395a38a996ae907d0b1ecf6863c6951387a1f85b920ff167d852164836b7,2026-09-26T06:58:28+00:00,d24a055deb8b835acef7b841e940ab92a964f04d7301953377aa2feb0890ab4f,1157738,277 daily files 20250219..20251129
locationid=3409355/year=2025.zip,https://openaq-data-archive.s3.amazonaws.com/records/csv.gz/locationid=3409355/year=2025/,members-sha256:e46d4859eb8e624c5aecac57edb463382d0446471335003a94928480a3036a8d,2026-09-26T06:58:29+00:00,3bddd569f660941e33d8e87afe21d015a02e24a01957b7ff1b5d9d3e36d711c0,1159904,307 daily files 20250219..20251231
locationid=3409370/year=2026.zip,https://openaq-data-archive.s3.amazonaws.com/records/csv.gz/locationid=3409370/year=2026/,members-sha256:3d7586bb919f79c9aeb7b336b1a6cbe1364b6f01b2f9d1ef15bffebee9b1090d,2026-09-26T06:58:30+00:00,ef450d7c8f8c2434f2b5377d1b2d0dcc012857267a8c445ecdea9af292127fae,422703,81 daily files 20260101..20260331
locationid=3409371/year=2026.zip,https://openaq-data-archive.s3.amazonaws.com/records/csv.gz/locationid=3409371/year=2026/,members-sha256:d0fd5bb1b090bccf0a74829ef8f3155c1f0cce3ac309ad2b9b77c81984bb6f83,2026-09-26T06:58:33+00:00,b49bb9b650e0af98b9addc730667d596ce951e18c8781bf79b392ff7091ff4dc,478438,81 daily files 20260101..20260331
locationid=3409372/year=2026.zip,https://openaq-data-archive.s3.amazonaws.com/records/csv.gz/locationid=3409372/year=2026/,members-sha256:7a58e979f76b5a3f79156f48d4b2c5263de0060cea6c401791084ddd789f3673,2026-09-26T06:58:38+00:00,bf09682796c9e996cbf552f13ac9b77846b8954ced65e2257caafcdeff1032ec,200599,80 daily files 20260101..20260331
locationid=3409359/year=2025.zip,https://openaq-data-archive.s3.amazonaws.com/records/csv.gz/locationid=3409359/year=2025/,members-sha256:89d088141d4ee16415d0f8e61f1a9c44c814740da0a143200edb9b10162d59d5,2026-09-26T06:58:40+00:00,d1f7c56272cfb4da1e82d831c5236af9e94b864934738f5e23d7aecf92bed910,1257267,294 daily files 20250219..20251231
locationid=3409360/year=2025.zip,https://openaq-data-archive.s3.amazonaws.com/records/csv.gz/locationid=3409360/year=2025/,members-sha256:aaed89835cee21e1eba796ba6ddcd6baaa9acfbb4dcc873cfc467f29967d2658,2026-09-26T06:58:42+00:00,000bbb4ac82d4319f46b9f4935c8b6a527180209a750f787ba3b45192934e9a5,1466298,296 daily files 20250219..20251231
locationid=3409373/year=2026.zip,https://openaq-data-archive.s3.amazonaws.com/records/csv.gz/locationid=3409373/year=2026/,members-sha256:84aca407a9c749480f232db182bdcae6511b206d7fc434716d6691ff372ba1cf,2026-09-26T06:58:42+00:00,9afd0c3d3bbe081db4a0a4233a858d599d37ac8d281e7bf7a65240a43e938249,467144,79 daily files 20260101..20260331
locationid=3409374/year=2026.zip,https://openaq-data-archive.s3.amazonaws.com/records/csv.gz/locationid=3409374/year=2026/,members-sha256:8cdd4910ce4f25f3df46342222c17b822531a891a9176865b2258b8b3edc994a,2026-09-26T06:58:49+00:00,653fc49c8d607d45c70f24d780d88ebebcc3c2ece2adb685bb7d86d25cc349bc,409335,81 daily files 20260101..20260331
locationid=3409361/year=2025.zip,https://openaq-data-archive.s3.amazonaws.com/records/csv.gz/locationid=3409361/year=2025/,members-sha256:14a90ed038f3d4541b2b610dec4118ba0d2d33378d1412ce80aa232922f63435,2026-09-26T06:58:55+00:00,689b5e4eaa74dc08371de16ab1137e98977e175c4695bbaa777b8aba97aa8948,1605235,308 daily files 20250219..20251231
locationid=3409375/year=2026.zip,https://openaq-data-archive.s3.amazonaws.com/records/csv.gz/locationid=3409375/year=2026/,members-sha256:d643d671e971d20fc98921ed78604fc0c4701bd5c52592dd0cb4bd2e981adf26,2026-09-26T06:58:55+00:00,da2dccd0f8cbca16a9190d4e542b39afd7a7f8c624081dfd31d311be1f3dc7c0,315865,81 daily files 20260101..20260331
locationid=3409376/year=2026.zip,https://openaq-data-archive.s3.amazonaws.com/records/csv.gz/locationid=3409376/year=2026/,members-sha256:12189f46f2b344282b271a435cfd7e9c7e1b079d8fc9f848933c243ec261b452,2026-09-26T06:59:00+00:00,9ad7fea614718ae59fee140807cc1db091241fe596d5e21fd1d60aa37893bc98,291826,80 daily files 20260101..20260331
locationid=3409377/year=2026.zip,https://openaq-data-archive.s3.amazonaws.com/records/csv.gz/locationid=3409377/year=2026/,members-sha256:7676656b92d31fd1797099d65aa449855fd9df6b78f3555b89c1ccaca0b3fd7a,2026-09-26T06:59:05+00:00,2c584f6b2bc9a69d96963aec8417b8719d1cf4ab8f98baf775e4916f9c7fa355,418782,80 daily files 20260101..20260331
locationid=3409362/year=2025.zip,https://openaq-data-archive.s3.amazonaws.com/records/csv.gz/locationid=3409362/year=2025/,members-sha256:6ba9c5e164fd88cba89c1ffe440d5f2a39008653a6c81295c92b13a0149d3d5b,2026-09-26T06:59:06+00:00,f1495496b2a74d7602f5b21aaf1370407fbc89fa5a100c54578b68bcdbc45ebf,1640088,315 daily files 20250219..20251231
locationid=3409378/year=2026.zip,https://openaq-data-archive.s3.amazonaws.com/records/csv.gz/locationid=3409378/year=2026/,members-sha256:de3f832d7b7fca1bb36ac459c14d1db53ce0a47f4da310cc52221a4a8dec856f,2026-09-26T06:59:10+00:00,73add3ff158e00e0eb1b7ee29149639bc90412c7f8e6895570ecc7bfa1fb8223,466213,75 daily files 20260101..20260331
locationid=3409379/year=2026.zip,https://openaq-data-archive.s3.amazonaws.com/records/csv.gz/locationid=3409379/year=2026/,members-sha256:cff290c40afbd1d1c24e0b2185e581eb9b1b3bb53e0bd3bfa975a40642fda3db,2026-09-26T06:59:13+00:00,d23a85b746114d9fb0bdd63763fe430c38b5f35638299077d932d353af4f56c8,448823,74 daily files 20260101..20260331
locationid=3409363/year=2025.zip,https://openaq-data-archive.s3.amazonaws.com/records/csv.gz/locationid=3409363/year=2025/,members-sha256:a51b063588031d9355244cf19d9150de5cfeb2ee4fc8dc4a365709109d7a6118,2026-09-26T06:59:13+00:00,93e0d57cb1129c8b81aedd60ae62ed58421b2772486e7f160a954bff69c05496,844172,301 daily files 20250219..20251231
locationid=3409367/year=2025.zip,https://openaq-data-archive.s3.amazonaws.com/records/csv.gz/locationid=3409367/year=2025/,members-sha256:cb13a2f431d88510ee1c82ef4294c253b690883b9821048ed56944dfd5ebef4b,2026-09-26T06:59:17+00:00,129d88e34151a6826ab5a6bd0c7c01c0cdfe17f5dcf3fa93b024d4358a011d58,912045,280 daily files 20250219..20251231
locationid=3409366/year=2025.zip,https://openaq-data-archive.s3.amazonaws.com/records/csv.gz/locationid=3409366/year=2025/,members-sha256:e3e5e9f6a5965452c9199e9ef9078ff7de789a16ca181b70464b11a2ef299f5d,2026-09-26T06:59:17+00:00,d4462f965859dda176b341bade7cc4cfabf396e83d15f5c04fd8ae78080193a2,1565253,292 daily files 20250219..20251231
locationid=3409380/year=2026.zip,https://openaq-data-archive.s3.amazonaws.com/records/csv.gz/locationid=3409380/year=2026/,members-sha256:82e601097dc37f1262cc7ced633ad87274dca814abf54f0df2ac5594a3185589,2026-09-26T06:59:21+00:00,2295e7a362ba77ed98b2cf7d91f342a5406e5a55cc5cddec6feffa4c4fa1e220,408711,75 daily files 20260101..20260331
locationid=3409381/year=2026.zip,https://openaq-data-archive.s3.amazonaws.com/records/csv.gz/locationid=3409381/year=2026/,members-sha256:ffa0a98f9411a772d67f4e300a954d6b5830378e0bbc701c78cf5b776c3d7bde,2026-09-26T06:59:25+00:00,8bcfd6d22d78a500f8d3f3ac3694184b24f288d9376301a746c7572e0a86b112,380227,67 daily files 20260101..20260331
locationid=3409382/year=2026.zip,https://openaq-data-archive.s3.amazonaws.com/records/csv.gz/locationid=3409382/year=2026/,members-sha256:ae765ca8c3efe9eabf76cf4e96640144af5fc733e114737a30bcc88e7c079f86,2026-09-26T06:59:36+00:00,4570a754612ac0d16689b2bddf69a4674fa87976f851164fcd2e59e1c131e1b4,451805,76 daily files 20260101..20260331
locationid=3409368/year=2025.zip,https://openaq-data-archive.s3.amazonaws.com/records/csv.gz/locationid=3409368/year=2025/,members-sha256:8b4d7fa0aed651c21b9f8a0c72558809c77a17afd4a617c06a5cf4ac9b328e26,2026-09-26T06:59:40+00:00,3b21b8dfcc4ce04a1339fa82a5d3b63854bcab88dee25b7e495bf18ef415b72e,1757031,314 daily files 20250219..20251231
locationid=3409383/year=2026.zip,https://openaq-data-archive.s3.amazonaws.com/records/csv.gz/locationid=3409383/year=2026/,members-sha256:6ec6ac7c6d1007b612e7c4d9429f57ceb7d8b1adc7c58128c9e5bec39e3d1f7e,2026-09-26T06:59:40+00:00,642e0a1cc0d571544251911241c07c74260dad3d545000efe83d4cf2007c9440,141398,73 daily files 20260101..20260331
locationid=3409384/year=2026.zip,https://openaq-data-archive.s3.amazonaws.com/records/csv.gz/locationid=3409384/year=2026/,members-sha256:4148fdde6ddb58335ac139fe9ed4d67b319d25b27b04809afe33f06b88b0a627,2026-09-26T06:59:41+00:00,d077d61fa3781988c8eaf877700ab196bc9e6d5c444b7b2798be67a5ce255e49,265154,63 daily files 20260101..20260331
locationid=3409369/year=2025.zip,https://openaq-data-archive.s3.amazonaws.com/records/csv.gz/locationid=3409369/year=2025/,members-sha256:2e8e2f3be2b6a5c56b12eee5b59bc9be7b2a3bc645fa334ed1adadfe33b016a5,2026-09-26T06:59:45+00:00,1cfc5639b8bdccafec1c83b8814b758e424c36cceb2870af9ca6d5e11e188eaf,1406069,314 daily files 20250219..20251231
locationid=3409371/year=2025.zip,https://openaq-data-archive.s3.amazonaws.com/records/csv.gz/locationid=3409371/year=2025/,members-sha256:64a1a132a0c5f57e9eda522a1f6b981491e297a2a082158850d736475b795e18,2026-09-26T06:59:47+00:00,3ed580829ad2945181d5fc3f047b10f1ee33bcd0095a6c04682ed2a3a0bd6758,1378052,287 daily files 20250219..20251231
locationid=3409385/year=2026.zip,https://openaq-data-archive.s3.amazonaws.com/records/csv.gz/locationid=3409385/year=2026/,members-sha256:3fbe7bc0246529b430dbb88e1857b30ee140d65183bffeccb3b5be54f02d8d4b,2026-09-26T06:59:51+00:00,3adb2a203db5afceead2e1a5b7cc1a3bd9468c6b7c3c6291e45d27b8d9f6c623,480988,81 daily files 20260101..20260331
locationid=3409370/year=2025.zip,https://openaq-data-archive.s3.amazonaws.com/records/csv.gz/locationid=3409370/year=2025/,members-sha256:c0a2479dc499ecaa4988acb647dcaf3f885f58a147657352f1ce0591ce13902f,2026-09-26T06:59:52+00:00,5fd53335314b0e2d5c6441a00803236a8cbe1d6d86de49377ffbc0e04f42d9dd,1352867,315 daily files 20250219..20251231
locationid=3409386/year=2026.zip,https://openaq-data-archive.s3.amazonaws.com/records/csv.gz/locationid=3409386/year=2026/,members-sha256:e60698f66336e57f5b30a00166201183a509875a36adb6534008c5c57c4cedcb,2026-09-26T06:59:58+00:00,c74bde93e9219f2c432d4c22ab33092cd79c3fb4c379b79a05192825e4d73d2a,475598,81 daily files 20260101..20260331
locationid=3409372/year=2025.zip,https://openaq-data-archive.s3.amazonaws.com/records/csv.gz/locationid=3409372/year=2025/,members-sha256:551ae4c8d381e8329437dd47c1369fcc7e3327ed84a1cb71af7d9bffb81c8b22,2026-09-26T06:59:59+00:00,85c5c3ad7c8212162ae64cec746eee6ea8e46e75cbaced95c44c15ef5445eae0,610177,312 daily files 20250219..20251231
locationid=3409388/year=2026.zip,https://openaq-data-archive.s3.amazonaws.com/records/csv.gz/locationid=3409388/year=2026/,members-sha256:298db216b3f98893e5906d2cd97360793cc65f412aa340735421693f365275e0,2026-09-26T07:00:00+00:00,be9708f144613535da61a84775572cc43ad42c0de772477ade4d03dd8bd35f8a,217024,39 daily files 20260101..20260220
locationid=3409373/year=2025.zip,https://openaq-data-archive.s3.amazonaws.com/records/csv.gz/locationid=3409373/year=2025/,members-sha256:66270141db1b782c3acfe17359f06751116d172fc527576c43eace751555535d,2026-09-26T07:00:03+00:00,ca7a63b6875c8d74b516d076df30ff325852600756d6ad2d81a22cb21ee0c109,1344869,307 daily files 20250219..20251231
locationid=3409389/year=2026.zip,https://openaq-data-archive.s3.amazonaws.com/records/csv.gz/locationid=3409389/year=2026/,members-sha256:dfe6aedbd800afc752e593d0c6bf0565f5e5bec92aacca25df640cca4446823a,2026-09-26T07:00:07+00:00,28d65c5e3b70da09265c43f544ea6de0529145e136cb43db53082aa5af8d4e98,221599,45 daily files 20260101..20260223
locationid=3409374/year=2025.zip,https://openaq-data-archive.s3.amazonaws.com/records/csv.gz/locationid=3409374/year=2025/,members-sha256:441ef80b8c551c79fff8402c7053dff1b8f2aa8fad0e7e16ca1a180e0d8d95e9,2026-09-26T07:00:10+00:00,de514f9f4e3895210087b72b7b95bdef8cf24c7a68e6693dace83ca55fbf1896,1356717,315 daily files 20250219..20251231
locationid=3409387/year=2026.zip,https://openaq-data-archive.s3.amazonaws.com/records/csv.gz/locationid=3409387/year=2026/,members-sha256:f3646400d7b482bfe40549ea68cf1a2cb7aa8501ceb030b126557f849e46a3c1,2026-09-26T07:00:10+00:00,1ee3479f4b89f1883854a29c3343174999648e0cf30adfaf62575bf11d0787b1,437808,81 daily files 20260101..20260331
locationid=3409375/year=2025.zip,https://openaq-data-archive.s3.amazonaws.com/records/csv.gz/locationid=3409375/year=2025/,members-sha256:467acf6f722ba8795734f3efffd36bb4279405abf552fb7fcf315d4af44ce382,2026-09-26T07:00:15+00:00,2b7b5efd94aee73fbbace988a4dde84ba1d96c9fb6e881333b2edbf1d079473c,1187456,311 daily files 20250219..20251231
locationid=3409376/year=2025.zip,https://openaq-data-archive.s3.amazonaws.com/records/csv.gz/locationid=3409376/year=2025/,members-sha256:6b8bd23fcf337149d13b9f664e9b7fe36cb12ceea0ab2f1c379356ad47935b9a,2026-09-26T07:00:17+00:00,c178108fd054989985b24712bbf7bf70f57db726e2d5afc8675494f0b700aa34,982759,301 daily files 20250219..20251231
locationid=3409378/year=2025.zip,https://openaq-data-archive.s3.amazonaws.com/records/csv.gz/locationid=3409378/year=2025/,members-sha256:5dbc16ac7a7de0de628b5b0b5544ca38619576faf2ffa59cc410ca5077e170ba,2026-09-26T07:00:23+00:00,dbd07d043e146f2f2f3940ef812db06830250f71bac9729078c03cbfcef1fdd3,1568698,292 daily files 20250219..20251231
locationid=3409377/year=2025.zip,https://openaq-data-archive.s3.amazonaws.com/records/csv.gz/locationid=3409377/year=2025/,members-sha256:54e345aaaafcd08a10cd34c4d38f6fe1d43ce7b1224ccdbc8ffdb01a07e8a45e,2026-09-26T07:00:24+00:00,7d4522215bf70e0170bdcceced9931e8ed46e57c111ee2a48682be041db4bbdf,1451349,309 daily files 20250219..20251231
locationid=3409379/year=2025.zip,https://openaq-data-archive.s3.amazonaws.com/records/csv.gz/locationid=3409379/year=2025/,members-sha256:2d8441257de45867707c986bb2595413d1ee16546af7f18952434bfc8f465104,2026-09-26T07:00:26+00:00,2a7a06b62fc94a427776582b6d7f886b1b9e31c7c0537c806f693d9c12f360c9,1388454,293 daily files 20250219..20251231
locationid=3409390/year=2026.zip,https://openaq-data-archive.s3.amazonaws.com/records/csv.gz/locationid=3409390/year=2026/,members-sha256:1682598e9fd27cba7770bd4441554259f0be38bd6a39d7f6287234ed738cbd65,2026-09-26T07:00:27+00:00,a8fc2f8a8d27413caf5e0d136006059508d62d1a9e543651090e80b2bcda9f77,382249,81 daily files 20260101..20260331
locationid=3409383/year=2025.zip,https://openaq-data-archive.s3.amazonaws.com/records/csv.gz/locationid=3409383/year=2025/,members-sha256:9116c103cd9d3c904318d50d587360269f9b65b9bcb6892a5c333867a6a5f163,2026-09-26T07:00:28+00:00,48cb8ebd84bf0f9ebf1ae34a3af589d9be175e27bccf1dc6ba4c67d4f67dcb94,493263,212 daily files 20250219..20251231
locationid=3409391/year=2026.zip,https://openaq-data-archive.s3.amazonaws.com/records/csv.gz/locationid=3409391/year=2026/,members-sha256:483a60daa4309a4dffaade134cf9d7529e11886c18c58175cf15e23fd9be3ca2,2026-09-26T07:00:31+00:00,7c04a4a0c5c2302f7bb652b1c3f99b13e90a74e7d8b101c7d353a9fb98490b03,479125,81 daily files 20260101..20260331
locationid=3409392/year=2026.zip,https://openaq-data-archive.s3.amazonaws.com/records/csv.gz/locationid=3409392/year=2026/,members-sha256:d52ae29b7933286626a0fc933146ea3cdfde87d604788695d4c1c8ef739981c0,2026-09-26T07:00:37+00:00,6857f0e5e672ee083f7804c8431260dd887b5744b96e39ca68b3bdb856cea67a,346090,79 daily files 20260101..20260331
locationid=3409393/year=2026.zip,https://openaq-data-archive.s3.amazonaws.com/records/csv.gz/locationid=3409393/year=2026/,members-sha256:e8b1b636f7c68493ffa6d7272e7f41d5f9ef1bf8d28f06b35dd66f9050d18cc0,2026-09-26T07:00:39+00:00,4b2545bce6a7e1a599fb8b7f70dec57afb3f53cc206f4c9e02b7cdd113179d24,356806,73 daily files 20260101..20260331
locationid=3409380/year=2025.zip,https://openaq-data-archive.s3.amazonaws.com/records/csv.gz/locationid=3409380/year=2025/,members-sha256:9eeae0c4c6dd50bb1f74ab8524f5acc4de65d2067fdbba8122861fc85f353dc8,2026-09-26T07:00:40+00:00,d0afbd3779ce4a135886143512e698535c34bf50c3df559586f286ab19a33673,1451960,297 daily files 20250219..20251231
locationid=3409381/year=2025.zip,https://openaq-data-archive.s3.amazonaws.com/records/csv.gz/locationid=3409381/year=2025/,members-sha256:30ac9f55cd51e8cdea3da8a9816179f6e49322f74e956fd094eef95fef987a94,2026-09-26T07:00:45+00:00,7522cafb7113eb934f325824d467bb5c228967fc4ef5459d39739d449055bd67,1339058,294 daily files 20250219..20251231
locationid=3409394/year=2026.zip,https://openaq-data-archive.s3.amazonaws.com/records/csv.gz/locationid=3409394/year=2026/,members-sha256:4d2de62e17f7a3b0f38318237eb92dc81789c43b06dcd51e5eec8335e03c9179,2026-09-26T07:00:47+00:00,4486c0ddb8baaa9f2aeaacc2498121c1fbb0cd3d2b4b51b249578f73d0fa429f,305206,80 daily files 20260101..20260331
locationid=3409395/year=2026.zip,https://openaq-data-archive.s3.amazonaws.com/records/csv.gz/locationid=3409395/year=2026/,members-sha256:cb8d56c5bed4c23da977ea72070114971397361db50d083217ee2da959dc221d,2026-09-26T07:00:55+00:00,15a45e7eb3c658b26519bc33323abaed2a2c33931d260c478deaeeb7da73c340,171687,77 daily files 20260101..20260331
locationid=3409389/year=2025.zip,https://openaq-data-archive.s3.amazonaws.com/records/csv.gz/locationid=3409389/year=2025/,members-sha256:2993795e4f642f7aa8ebc8aa61706079dcdfae44709a10a3bbace6d656a5e258,2026-09-26T07:00:55+00:00,0bb6cea6c519d55dc58de575ba6afcd1336dd1a307c9a3e9ede3e98d954e8a3d,445775,173 daily files 20250219..20251231
locationid=3409382/year=2025.zip,https://openaq-data-archive.s3.amazonaws.com/records/csv.gz/locationid=3409382/year=2025/,members-sha256:cbeef145b3f2b882102f48821efc48f39f2ba32b2e6378641a249af62ab2c155,2026-09-26T07:00:55+00:00,6db39520268dd4a8405330194ec52c38b95b5714bd0a9b7fa5e453e146acf9f6,1551594,307 daily files 20250219..20251231
locationid=3409384/year=2025.zip,https://openaq-data-archive.s3.amazonaws.com/records/csv.gz/locationid=3409384/year=2025/,members-sha256:6414315b80f7c546bffb3dc675dfa9936b35993c46f05dfbc02652fa4d62376f,2026-09-26T07:00:59+00:00,70095d747e0c4f0a3e18dfe6a875f71e0134539c2f336657c97a7a6c04a7bcc7,1325402,290 daily files 20250219..20251231
locationid=3409396/year=2026.zip,https://openaq-data-archive.s3.amazonaws.com/records/csv.gz/locationid=3409396/year=2026/,members-sha256:ed0c40196461e6370ef3ad1e4252cdd5b8a3c3335078c4bfab73771b357d0f40,2026-09-26T07:00:59+00:00,e39a78ef90584f73cb667b596861e20de3f7129bedd254404440337a799a70c8,486950,81 daily files 20260101..20260331
locationid=3409385/year=2025.zip,https://openaq-data-archive.s3.amazonaws.com/records/csv.gz/locationid=3409385/year=2025/,members-sha256:396fa7db0cfe1c03e2c2bb628c371079aa009d1941d6a5d66428481702e4c09f,2026-09-26T07:01:03+00:00,e86d24cbc6518b2c4673bdb2b251ce616aa94c740352bba346993417cb6bfdfc,1399378,288 daily files 20250219..20251231
locationid=3409397/year=2026.zip,https://openaq-data-archive.s3.amazonaws.com/records/csv.gz/locationid=3409397/year=2026/,members-sha256:28c02649cde8cdcb592f2d86eed26f58b72ee5cd161d472dd09ad31a7027aa44,2026-09-26T07:01:04+00:00,904aef5adf4aa149d106226f43ecd7cbe1e0ec2d4c716e8b7e1fe37eafbe14d3,563216,81 daily files 20260101..20260331
locationid=3409392/year=2025.zip,https://openaq-data-archive.s3.amazonaws.com/records/csv.gz/locationid=3409392/year=2025/,members-sha256:839de552a4ac12b3e11d9984103973842a91c78f68f2df0e77382ec6a8cf118d,2026-09-26T07:01:04+00:00,8aceb33bd928c5623f3327fd1ca69b9ce760c27e4962fc70c8ff10e12af41d5f,617117,156 daily files 20250219..20251231
locationid=3409398/year=2026.zip,https://openaq-data-archive.s3.amazonaws.com/records/csv.gz/locationid=3409398/year=2026/,members-sha256:a2c589a04bfe2dd48dd0458dd1ac809aa3e3cec605e34e1e51a97a4d25a5a21e,2026-09-26T07:01:08+00:00,fc1c4a4d8bae19ae9440e26b35dea8be7302d85ec36ab36d9362d3146916345d,428204,76 daily files 20260101..20260331
locationid=3409399/year=2026.zip,https://openaq-data-archive.s3.amazonaws.com/records/csv.gz/locationid=3409399/year=2026/,members-sha256:c775ff30883f9a26149b75827208212067c483462c2b03ed12c1881f384a18fd,2026-09-26T07:01:10+00:00,6f620cd7dcb44a5079c995decb3fb7e61939971655a85b3bc1cefea74c38c129,435749,67 daily files 20260101..20260331
locationid=3409388/year=2025.zip,https://openaq-data-archive.s3.amazonaws.com/records/csv.gz/locationid=3409388/year=2025/,members-sha256:dbfc1a4fba8d3080172c30d007cfecf6ad34ac5e2aa00fe4d6258339a932f65f,2026-09-26T07:01:10+00:00,9a6943ad0ab81ecf757d2499f9adc6fa213a054d57c265ba2c6a1b62f82ee975,1154311,232 daily files 20250219..20251231
locationid=3409386/year=2025.zip,https://openaq-data-archive.s3.amazonaws.com/records/csv.gz/locationid=3409386/year=2025/,members-sha256:6f00355073092d53c33c0a605c90a7de05d5ff88855286ed3bd6b0a1d5bd9882,2026-09-26T07:01:18+00:00,caa6dc0a63bc9a0df19b7ee3594ceb074af73e4834c86d10e1a8f508148152e1,1534203,313 daily files 20250219..20251231
locationid=3409400/year=2026.zip,https://openaq-data-archive.s3.amazonaws.com/records/csv.gz/locationid=3409400/year=2026/,members-sha256:eaf300afc865e4cd59a2c074f9e0d749a6c876a64d86bc63d39cffa401aeb2fa,2026-09-26T07:01:19+00:00,bbaa2a77c238c90bc8b3b35d2b545d13c34724a3e534f4b27b8e9542f578b7f8,434310,81 daily files 20260101..20260331
locationid=3409401/year=2026.zip,https://openaq-data-archive.s3.amazonaws.com/records/csv.gz/locationid=3409401/year=2026/,members-sha256:c698e5b2a86b82ef0a2333c3e1aa34c15a5361cd6fc2ba8278e8610912c9e1aa,2026-09-26T07:01:28+00:00,e9a913d775b9aaef24b024934173f3aee3ebbd2fd2bbac70192f4cff4aa52d1c,443268,81 daily files 20260101..20260331
locationid=3409387/year=2025.zip,https://openaq-data-archive.s3.amazonaws.com/records/csv.gz/locationid=3409387/year=2025/,members-sha256:0d7482d13a13fa5e2562194b5010fd0ef50d038bbec1bb483bb96997dfca97eb,2026-09-26T07:01:29+00:00,b2feb016e179e3bbea9b249e37d4fb45119e3fccbf30c912a739bf3fcc67acad,1436297,308 daily files 20250219..20251231
locationid=3409402/year=2026.zip,https://openaq-data-archive.s3.amazonaws.com/records/csv.gz/locationid=3409402/year=2026/,members-sha256:bab72062452afaf2d2c7aac89ada8568aa673b4e83aedf5ea387d999b9139294,2026-09-26T07:01:31+00:00,f2389e2b71cbc9e258f7d43a6a405174ca2ab35f210ddde438263eacae2106da,437147,81 daily files 20260101..20260331
locationid=3409403/year=2026.zip,https://openaq-data-archive.s3.amazonaws.com/records/csv.gz/locationid=3409403/year=2026/,members-sha256:8efa58b6362010e4801c97fd993d884ab94a28060ddcfe55a97a67634e197db0,2026-09-26T07:01:36+00:00,b965d986fbe2d2c123ac3cbc44787e2bf6dfb0ed407d2d563aacc21a74399559,421805,81 daily files 20260101..20260331
locationid=3409404/year=2026.zip,https://openaq-data-archive.s3.amazonaws.com/records/csv.gz/locationid=3409404/year=2026/,members-sha256:e6ada73d17c1d8aae6fb47d7a2f3c099bb40215e8badd069c7b1480db7ce3517,2026-09-26T07:01:39+00:00,184ef5fa85dce0158a6c319dc00d3054a9e392cbc7871b202d9f0b3f4f66a0ff,427617,81 daily files 20260101..20260331
locationid=3409395/year=2025.zip,https://openaq-data-archive.s3.amazonaws.com/records/csv.gz/locationid=3409395/year=2025/,members-sha256:b600867f319d6df0ebf0f374152b417c3696b25d10722f540446be44949e10fb,2026-09-26T07:01:40+00:00,101f267c506ff85ef37c71679146d6efdcd5030c68597d730bac76c4ed3fd6b6,391141,213 daily files 20250219..20251231
locationid=3409405/year=2026.zip,https://openaq-data-archive.s3.amazonaws.com/records/csv.gz/locationid=3409405/year=2026/,members-sha256:7438b6a5fafb32ee9c4f339d42c1af5e12af08219d53f747a2e74b1b2bfa3734,2026-09-26T07:01:43+00:00,96bb17266605dcc10103e39c5701743b353dd7e708d79d5c74e5525e3737e94e,414492,81 daily files 20260101..20260331
locationid=3409406/year=2026.zip,https://openaq-data-archive.s3.amazonaws.com/records/csv.gz/locationid=3409406/year=2026/,members-sha256:b6641fa45024d005656fa0678a19f8a227872fe6c1aea0c31983a4507fc6d8ee,2026-09-26T07:01:49+00:00,4b34b9f915ad8c25efc1cea256658a5b5d6cf99fbc2baee2a3c80634057619bf,402268,81 daily files 20260101..20260331
locationid=3409390/year=2025.zip,https://openaq-data-archive.s3.amazonaws.com/records/csv.gz/locationid=3409390/year=2025/,members-sha256:13f584e752bc8a4a561b29a33fbb1759d75c21d50d04d2cbdb3ca011470b13a1,2026-09-26T07:01:50+00:00,e7b0565f8964e872d8cb5a8de42e23cb081148628d2af998fbfca231559561ae,1293481,312 daily files 20250219..20251231
locationid=3409393/year=2025.zip,https://openaq-data-archive.s3.amazonaws.com/records/csv.gz/locationid=3409393/year=2025/,members-sha256:f3d6fcf6ccac226d881db0533baed072444db285f65df4e51175749e2c140d0a,2026-09-26T07:01:51+00:00,eb048adb1fed762c09d7284d12bb670d17c95916c71bb54101bef0bb0c89398b,1396134,283 daily files 20250219..20251231
locationid=3409391/year=2025.zip,https://openaq-data-archive.s3.amazonaws.com/records/csv.gz/locationid=3409391/year=2025/,members-sha256:7cca114be6f20349140009fd203c6ab9285dfc67e582bb8d42b92f26d16fa1a3,2026-09-26T07:01:52+00:00,6c2d15e887db8e51bdfd7909ebd69e58dd77cba5ceb2516ae80bebd16ade3557,1421792,314 daily files 20250219..20251231
locationid=3409407/year=2026.zip,https://openaq-data-archive.s3.amazonaws.com/records/csv.gz/locationid=3409407/year=2026/,members-sha256:4a45079bc2e0d05bc4368faa11b618e18514a5ed7fe1bf6034eaa1f81e188bde,2026-09-26T07:01:58+00:00,9e188f9a781b905c0d35f009448037653680e24fbbb4d65c084d106fb5a1bc04,433946,81 daily files 20260101..20260331
locationid=3409408/year=2026.zip,https://openaq-data-archive.s3.amazonaws.com/records/csv.gz/locationid=3409408/year=2026/,members-sha256:0010f044f197e333e71ed34c2bb18f20cd73933a373c032d647703d14ffaf396,2026-09-26T07:02:02+00:00,a0042d5f215718015b9ab039f991c23022fe8099bacc900ec52480dc6d830f3e,305954,74 daily files 20260101..20260331
locationid=3409394/year=2025.zip,https://openaq-data-archive.s3.amazonaws.com/records/csv.gz/locationid=3409394/year=2025/,members-sha256:da575d9e0ad976dd19c79f5ea8deae3ef0a1fec88b148e11044f0beaa9713fa7,2026-09-26T07:02:06+00:00,f096d1890bfab1a7f64af312e7ef09e187770de2914ccadcfbe3bcfd55aaeed6,999916,308 daily files 20250219..20251231
locationid=3409410/year=2026.zip,https://openaq-data-archive.s3.amazonaws.com/records/csv.gz/locationid=3409410/year=2026/,members-sha256:1e29e527af34aa5535bc1af49e5fce513be1baed9f68743dac8765b0ea785aed,2026-09-26T07:02:11+00:00,b27f616b67286dab9fbae981260f5733f76b1730debc7e696d6a0af6800e3498,432686,81 daily files 20260101..20260331
locationid=3409396/year=2025.zip,https://openaq-data-archive.s3.amazonaws.com/records/csv.gz/locationid=3409396/year=2025/,members-sha256:ef27440ddb7fceb86eb7d1a889a936cffb554cbf249ee3c51fb7fee94a94a158,2026-09-26T07:02:13+00:00,fd8b1ba52e3d29096002a0d1e6edaec4c6cb8105f756b38aa7e165bebf1b20bf,1413432,300 daily files 20250219..20251231
locationid=3409411/year=2026.zip,https://openaq-data-archive.s3.amazonaws.com/records/csv.gz/locationid=3409411/year=2026/,members-sha256:f0c0658f27838588dbcb6c4adb3c8a896bb7a210934061856b8a13eaad614cf1,2026-09-26T07:02:16+00:00,c9423162cef8d228b60fa7753c3196ab6f726760a0f88af05655eca4c6093231,340913,80 daily files 20260101..20260331
locationid=3409414/year=2026.zip,https://openaq-data-archive.s3.amazonaws.com/records/csv.gz/locationid=3409414/year=2026/,members-sha256:4ea311f68dd58ede9dfa0e60bdb344c4f648e956b73aca058b4ed521493efeef,2026-09-26T07:02:20+00:00,30fb49a46a33a2bb0231641d7a4df827ae7aa45cfe7f279419a9a485cbd94405,72699,41 daily files 20260120..20260330
locationid=3409398/year=2025.zip,https://openaq-data-archive.s3.amazonaws.com/records/csv.gz/locationid=3409398/year=2025/,members-sha256:49ea80a54128663934ebfe441ffa9e42b54ccd6d7cb8685f57318fbf6cb49acb,2026-09-26T07:02:21+00:00,43b3b88abbef4085a8e7e0cafd8f3236a7a09cf5dd4ccb963894873c980582d3,1250709,294 daily files 20250219..20251231
locationid=3409412/year=2026.zip,https://openaq-data-archive.s3.amazonaws.com/records/csv.gz/locationid=3409412/year=2026/,members-sha256:4f46459aa9e77ca707fb59166cf6aa866adf0f12b66a3b1119b764df3221d209,2026-09-26T07:02:22+00:00,42bd2ed8275dfd894da2a04843d0bdd5e9148df1aaf75b044f10fd797df855e8,448378,81 daily files 20260101..20260331
locationid=3409397/year=2025.zip,https://openaq-data-archive.s3.amazonaws.com/records/csv.gz/locationid=3409397/year=2025/,members-sha256:7a8e2d7904973d4c2f2377d1fd1e47155085053c30d42df81cf004df53caf3ec,2026-09-26T07:02:24+00:00,807fd91991c5903dc12f7eaf61f514f45017187ab8b8c9f89de8df245f0f3c22,1621871,305 daily files 20250219..20251231
locationid=3409399/year=2025.zip,https://openaq-data-archive.s3.amazonaws.com/records/csv.gz/locationid=3409399/year=2025/,members-sha256:7fb13fce55c5da6ff22fe842e7ce3734fd6ec4055ca564bcd3d49208f1baf33d,2026-09-26T07:02:28+00:00,df7a1ee0b0478ac7587290837d1c4cc75f9ce9faff96d0671ae1191ef1f65067,1531967,295 daily files 20250219..20251231
locationid=3409413/year=2026.zip,https://openaq-data-archive.s3.amazonaws.com/records/csv.gz/locationid=3409413/year=2026/,members-sha256:9f2f410a54e32825ee949b5135529a40a999ee26711a0f0d99f976e8ca6216e6,2026-09-26T07:02:29+00:00,160a888ab0a0ede94fdb120d64cb2f5061db3d6f7d892c0e3bff59b88dfba29c,416572,81 daily files 20260101..20260331
locationid=3409400/year=2025.zip,https://openaq-data-archive.s3.amazonaws.com/records/csv.gz/locationid=3409400/year=2025/,members-sha256:5403fd57550d8fc80465baa315be928e248f8be0b5c12fcd797d4ff5b390c211,2026-09-26T07:02:39+00:00,3000abf5033a070725683e91cc2b3f38ebac81001af223486711148ff416ee93,1396027,311 daily files 20250219..20251231
locationid=3409416/year=2026.zip,https://openaq-data-archive.s3.amazonaws.com/records/csv.gz/locationid=3409416/year=2026/,members-sha256:b5ef732360df193d4985501ec637db48bbe2ee6989c269a9d25c29291a935e00,2026-09-26T07:02:41+00:00,0c95e41201dd01dee132b88ccda24f41682110ce5d8c2ca02382443159c5cc48,436165,81 daily files 20260101..20260331
locationid=3409401/year=2025.zip,https://openaq-data-archive.s3.amazonaws.com/records/csv.gz/locationid=3409401/year=2025/,members-sha256:419173063968cf1e58ddfb75df26c3bd6e40ad26ee3b07d2c42a2c788dc344a2,2026-09-26T07:02:49+00:00,b3571334499f42a2579d37d06bd22b966ab9d5ec3e822dfe0b227a767c06c9b3,1450415,313 daily files 20250219..20251231
locationid=3409417/year=2026.zip,https://openaq-data-archive.s3.amazonaws.com/records/csv.gz/locationid=3409417/year=2026/,members-sha256:61d35f664cb04002a0dbf9f1dcdbedc07ec08b7abcb878e6a9ccb20f4232dff7,2026-09-26T07:02:50+00:00,b7085f2ad5decdb0252d995400ebd737ae27bedeeced8b9d42de884a9fdf3438,447200,81 daily files 20260101..20260331
locationid=3409402/year=2025.zip,https://openaq-data-archive.s3.amazonaws.com/records/csv.gz/locationid=3409402/year=2025/,members-sha256:e8707b1189964e2a5668f8d4a2af77ddf758254bfeb691ce7bb22d0428308338,2026-09-26T07:02:52+00:00,21de86f1020d1c33980fad8757e2096e84ca063890ef089979f26b650638e972,1461494,315 daily files 20250219..20251231
locationid=3409403/year=2025.zip,https://openaq-data-archive.s3.amazonaws.com/records/csv.gz/locationid=3409403/year=2025/,members-sha256:de74339e6131da559ede6598e4081669060a7dcf43a9349a61c3c2cfb6631ded,2026-09-26T07:02:52+00:00,85011454b5579b7fe328afb6ab77d1554495a65965499ba9688e2a2e518aa681,1398096,303 daily files 20250219..20251231
locationid=3409418/year=2026.zip,https://openaq-data-archive.s3.amazonaws.com/records/csv.gz/locationid=3409418/year=2026/,members-sha256:3c96bc266d99ddd0ed0dffc4a65bb2f80e86ed4bc27dbe2b14a9c4fdf805967c,2026-09-26T07:02:53+00:00,dfb8086072970e519356f383e42ce5d5b036581becd9848c97a60f203496ccbc,431940,81 daily files 20260101..20260331
locationid=3409419/year=2026.zip,https://openaq-data-archive.s3.amazonaws.com/records/csv.gz/locationid=3409419/year=2026/,members-sha256:a29ffc44366c4daaad71574b397a89c6eea7cc8d95f2bba3b15cb9f9e6397b2b,2026-09-26T07:02:58+00:00,d96d4032ab933a721b91d48bf8a6c846b3d41180da83233defd307cd5c5adaf9,422643,81 daily files 20260101..20260331
locationid=3409405/year=2025.zip,https://openaq-data-archive.s3.amazonaws.com/records/csv.gz/locationid=3409405/year=2025/,members-sha256:a4094fff52a1ee42b2de1872e73a17aeddba813381185fd38ba0bf8a2dda854f,2026-09-26T07:03:01+00:00,50e10682e8fd3c5d94acf5f915d2a8bcabeab344d8b98d72b387d526ac10839c,1344204,309 daily files 20250219..20251231
locationid=3409404/year=2025.zip,https://openaq-data-archive.s3.amazonaws.com/records/csv.gz/locationid=3409404/year=2025/,members-sha256:834e2929f1e1868ffcb998bd32bcdae67757d03ae2387750b0459318fbe4d327,2026-09-26T07:03:02+00:00,92aa00cb5022b6525d01298d6747459c9d1d79326cf32ff3b013d19f0b89b670,1412286,314 daily files 20250219..20251231
locationid=3409420/year=2026.zip,https://openaq-data-archive.s3.amazonaws.com/records/csv.gz/locationid=3409420/year=2026/,members-sha256:2bf5110c5e50df5fb8e50d6d2747c6f596fbd8f8e12be696f42588b00cbb8424,2026-09-26T07:03:06+00:00,3f94242c9098f549a8a7456a74040a85a42a532d86df9a28cb19f97e76807324,386165,80 daily files 20260101..20260331
locationid=3409406/year=2025.zip,https://openaq-data-archive.s3.amazonaws.com/records/csv.gz/locationid=3409406/year=2025/,members-sha256:0b60950191df252574d27e5a17fab23bf0752d9a12acc85e0821d047c057b7d7,2026-09-26T07:03:11+00:00,b2e10564214249303758b84c07f9b8d142fadac04b3a1dcb052ca0770ca1b9d6,1411816,314 daily files 20250219..20251231
locationid=3409408/year=2025.zip,https://openaq-data-archive.s3.amazonaws.com/records/csv.gz/locationid=3409408/year=2025/,members-sha256:a9b7161813499f8bd397bda94bb5fdb0a9b653a59e0bafdddea785a463dbfbd3,2026-09-26T07:03:14+00:00,304b5101e8de67b7fb088306007e76b3f468b1a55621c392434b8019f2b5cf0f,1366342,276 daily files 20250219..20251231
locationid=3409421/year=2026.zip,https://openaq-data-archive.s3.amazonaws.com/records/csv.gz/locationid=3409421/year=2026/,members-sha256:aa3f95bef06ac2d2835bfc5cacacfe6b9978af79e1d62edfdb5f95d672103b01,2026-09-26T07:03:15+00:00,61b1c520359e9c24177db9b88cda4ec81429988eb077c2e624748d198fda1c57,438784,81 daily files 20260101..20260331
locationid=3409407/year=2025.zip,https://openaq-data-archive.s3.amazonaws.com/records/csv.gz/locationid=3409407/year=2025/,members-sha256:19cd53283bb5715007dcc0d641f186863945ebef4e3f0885800394e226ec73aa,2026-09-26T07:03:20+00:00,734eb5623ae46df5b551869df68db10d967853b0aec48d7f020706595a1130e3,1428990,315 daily files 20250219..20251231
locationid=3409422/year=2026.zip,https://openaq-data-archive.s3.amazonaws.com/records/csv.gz/locationid=3409422/year=2026/,members-sha256:87e4a938c65e6c00d72e470267b5c055d5052643231ec143d3dd27bd271a69fb,2026-09-26T07:03:21+00:00,ce054631080f8d620020c30c7f190358e44c3166ae83e306a4d6c9fb5cbbe348,442362,81 daily files 20260101..20260331
locationid=3409423/year=2026.zip,https://openaq-data-archive.s3.amazonaws.com/records/csv.gz/locationid=3409423/year=2026/,members-sha256:31b764a15ee8e9a562ab61ba309b4613c5dc83570e7bb96def47b32969010722,2026-09-26T07:03:27+00:00,55296c570e42d440340171dcd0ec8d832f1d01f3c71e7fb04618cc7b019d1993,425120,81 daily files 20260101..20260331
locationid=3409424/year=2026.zip,https://openaq-data-archive.s3.amazonaws.com/records/csv.gz/locationid=3409424/year=2026/,members-sha256:ddd5e8dfc9ff9c03c54d9fe7c1e72bad66c0a02376b6ab3d63b5603d39c188f3,2026-09-26T07:03:33+00:00,15cee3e284c57feaa6b7988deaf3258898f418fda36f9cb8c983eba974af2eeb,409160,80 daily files 20260101..20260331
locationid=3409410/year=2025.zip,https://openaq-data-archive.s3.amazonaws.com/records/csv.gz/locationid=3409410/year=2025/,members-sha256:7ee5fc8f3afc82d4feb5c3edf977762ebd9f69c91571ed506bc70794555fbb7a,2026-09-26T07:03:34+00:00,b14034adc23c8b0ab5cd4c8015109a1a0ec202ae5c6aa117610423004170a95a,1420222,315 daily files 20250219..20251231
locationid=3409425/year=2026.zip,https://openaq-data-archive.s3.amazonaws.com/records/csv.gz/locationid=3409425/year=2026/,members-sha256:c0d2f369b766e66ad69fc20533c2b43198376ef56f0a39f8d1bc6b15a10d8b75,2026-09-26T07:03:37+00:00,9cf3f14b41b2fade989823fe3a5436a5ed1e44b30e5327f04de063f42e557351,425023,81 daily files 20260101..20260331
locationid=3409414/year=2025.zip,https://openaq-data-archive.s3.amazonaws.com/records/csv.gz/locationid=3409414/year=2025/,members-sha256:1f7caa4abff8a7ce7f63d8907627ace13760db23b9e9142639376d8751ffdb73,2026-09-26T07:03:39+00:00,c9854cf8fb9acb45cdece24aa129d642f749390fd65f475559f47952d532f523,652880,265 daily files 20250219..20251230
locationid=3409411/year=2025.zip,https://openaq-data-archive.s3.amazonaws.com/records/csv.gz/locationid=3409411/year=2025/,members-sha256:4c3bfa9403ab5238d7cb3b1c3cd8569cae4866fa31aed3b1dc54234089495dba,2026-09-26T07:03:39+00:00,4abf7950e84f7075340d9075b5c4e4448fef225e1a70e61d24737edf2787aa24,1140644,311 daily files 20250219..20251231
locationid=3409426/year=2026.zip,https://openaq-data-archive.s3.amazonaws.com/records/csv.gz/locationid=3409426/year=2026/,members-sha256:b2d97123999bc4f0b5dfed2283f4d3105fe35d18aaa4b115baa3c4b3ccc4cc76,2026-09-26T07:03:43+00:00,f460d658ca067820bef4f981b6a1ef05f7265e4a87b8999a5e0c87f2095e6a91,432584,80 daily files 20260101..20260331
locationid=3409412/year=2025.zip,https://openaq-data-archive.s3.amazonaws.com/records/csv.gz/locationid=3409412/year=2025/,members-sha256:497e699ecab48b554c14bee3bfb751ab5f94d4a97a9af296bd14d191cdc7c986,2026-09-26T07:03:46+00:00,e4b89516c82799a85c8aee486635bb17fcd3dfc2463c71c22c86c9e95813920c,1447419,315 daily files 20250219..20251231
locationid=3409413/year=2025.zip,https://openaq-data-archive.s3.amazonaws.com/records/csv.gz/locationid=3409413/year=2025/,members-sha256:5983ff46e828767ef8bef16c7bb77277a76fb67d5cd5b8bf84dc4cebfc5275b0,2026-09-26T07:03:48+00:00,2cd361b5e9b3ada2134840b325d49771120e8e723ee37a667596908bd0dbf098,1335360,310 daily files 20250219..20251231
locationid=3409427/year=2026.zip,https://openaq-data-archive.s3.amazonaws.com/records/csv.gz/locationid=3409427/year=2026/,members-sha256:815d693ec57fbc751365dd9d77128c631772d01b6be391bf09b76f639bd67226,2026-09-26T07:03:50+00:00,72c9e81e0cf9f16bb1b2cba5d49a6f876007350fbe4a2435e19c09b02ededfc4,440616,81 daily files 20260101..20260331
locationid=3409428/year=2026.zip,https://openaq-data-archive.s3.amazonaws.com/records/csv.gz/locationid=3409428/year=2026/,members-sha256:7add21bfa9215ca1bd65957fdc6ff38825c5d713fae8d41bb7bc8ed8096c280c,2026-09-26T07:03:57+00:00,0f927241d3b3473e270244b584a92d26b9a73f003fb09eeb8083d43ac45064f1,423058,81 daily files 20260101..20260331
locationid=3409416/year=2025.zip,https://openaq-data-archive.s3.amazonaws.com/records/csv.gz/locationid=3409416/year=2025/,members-sha256:890435120db4c5616b17ac6468d1401ef084191132c1a3dd815be73c9c883482,2026-09-26T07:04:05+00:00,0b6a0d57833efbdc5797cc35d60a149c1d1762bec961bff60c74328efc01c92e,1401376,313 daily files 20250219..20251231
locationid=3409429/year=2026.zip,https://openaq-data-archive.s3.amazonaws.com/records/csv.gz/locationid=3409429/year=2026/,members-sha256:4d7deb0906a8e7fe48f9f1107c164ccee82625a5c2a3876557a1d3733f76a3a8,2026-09-26T07:04:06+00:00,17aa19776f001eed31796c5a19323341170595463e747190960e20e5f8c2faad,446343,81 daily files 20260101..20260331
locationid=3409430/year=2026.zip,https://openaq-data-archive.s3.amazonaws.com/records/csv.gz/locationid=3409430/year=2026/,members-sha256:8545c30746e156f06fdc31c95eb0a7a7ef16046cfec919181207fc421c3bdfb0,2026-09-26T07:04:10+00:00,9f320c93baf523c19c5a85900682b08a93ebc0bcaab134e5279ee7f0eb663974,457488,81 daily files 20260101..20260331
locationid=3409417/year=2025.zip,https://openaq-data-archive.s3.amazonaws.com/records/csv.gz/locationid=3409417/year=2025/,members-sha256:44c3fdc6cae9f99b0887535fb60d04aa3bec1be0ad0794b2dbf007b6e571e3ff,2026-09-26T07:04:14+00:00,1ce54b8b1a2bdf3ba6c9e2ba055d81c792ccf0253bc602da2523affe417b2047,1453220,315 daily files 20250219..20251231
locationid=3409431/year=2026.zip,https://openaq-data-archive.s3.amazonaws.com/records/csv.gz/locationid=3409431/year=2026/,members-sha256:e69c2d4105e3dbb840de3a4776bba33253e021267f5ac6c923fd6ea08b2780f0,2026-09-26T07:04:14+00:00,f18c36d181a46114aaad43d1e23c762960dc1410661c52bb415bcc1629fdee26,434618,81 daily files 20260101..20260331
locationid=3409432/year=2026.zip,https://openaq-data-archive.s3.amazonaws.com/records/csv.gz/locationid=3409432/year=2026/,members-sha256:858b2a2c50c0c08ee4fe635a7eddb8222126c79d6cb52541675109439a5d0000,2026-09-26T07:04:18+00:00,bced0cf643efb26b0011451c5a5b423d098b188ed6d654770b4d277638ec1109,388922,81 daily files 20260101..20260331
locationid=3409418/year=2025.zip,https://openaq-data-archive.s3.amazonaws.com/records/csv.gz/locationid=3409418/year=2025/,members-sha256:a2fd24959dd4710ba826d9dbe224b7a308a75aa4a933d1b8f95eb5d1a0847257,2026-09-26T07:04:18+00:00,248a17ca878f15f388d850fe334fed8b867f91f2f07630006549a315b00eb4d8,1458407,314 daily files 20250219..20251231
locationid=3409419/year=2025.zip,https://openaq-data-archive.s3.amazonaws.com/records/csv.gz/locationid=3409419/year=2025/,members-sha256:8f080c5eb9094f46e2df31b24010711d07db7e7a84c8ebf6697213568dc8548c,2026-09-26T07:04:22+00:00,6e9c16ba1b720ea1ed8630809a1b2fa106d2c3073fc937818461ae0ac4842097,1442091,315 daily files 20250219..20251231
locationid=3409420/year=2025.zip,https://openaq-data-archive.s3.amazonaws.com/records/csv.gz/locationid=3409420/year=2025/,members-sha256:05f1efec81e2b4edf9f64492415af10643953deac3e79887e1831231f617e7ce,2026-09-26T07:04:23+00:00,5830dd455de7547217e46bac390f9cde4209b7ce5b57b0295cd1ad2b3f468f45,1288865,311 daily files 20250219..20251231
locationid=3409433/year=2026.zip,https://openaq-data-archive.s3.amazonaws.com/records/csv.gz/locationid=3409433/year=2026/,members-sha256:6db9c66e809550abe168e34b9088db24dc5b8da42c9be9f974ebe3a7c3ce602d,2026-09-26T07:04:24+00:00,8fa6bd767b64b6ecc1d163dfd8c2da4aa11d3f983b2ac8fde8b73e7104bbe103,421769,81 daily files 20260101..20260331
locationid=3409435/year=2026.zip,https://openaq-data-archive.s3.amazonaws.com/records/csv.gz/locationid=3409435/year=2026/,members-sha256:54d51e9a723cd29699a4fd691397eb2ebd0bc44fa69074844fe4c54fc32c55d1,2026-09-26T07:04:33+00:00,442c33c0a1336632212b6ae3b2a86bfe9c0fc7a3e840661de160d84e5da46c5a,431010,79 daily files 20260101..20260331
locationid=3409421/year=2025.zip,https://openaq-data-archive.s3.amazonaws.com/records/csv.gz/locationid=3409421/year=2025/,members-sha256:de20a574e4047e66371107e6924d5b9ce65f2353836e852e428031e19e8db54a,2026-09-26T07:04:39+00:00,665e76fa1f91bd55dec6698ee5878eb269ecd0c70d96f2f03a8528320ef2a6a1,1412347,315 daily files 20250219..20251231
locationid=3409436/year=2026.zip,https://openaq-data-archive.s3.amazonaws.com/records/csv.gz/locationid=3409436/year=2026/,members-sha256:51185a87ee31369eae0c82a398d6aa3a167a27294edba7b66edbc07ab832f247,2026-09-26T07:04:43+00:00,c1afc397a6cbd856e4e17576dd80c58c1502064eec83383d3d83b36666c6d904,455137,79 daily files 20260101..20260331
locationid=3409439/year=2026.zip,https://openaq-data-archive.s3.amazonaws.com/records/csv.gz/locationid=3409439/year=2026/,members-sha256:4d19b2fc48091314e0070aa72488401c941fe99f07b4cc7f4122b41fb76e4e01,2026-09-26T07:04:44+00:00,62ec337de1ec1b8958080f24d614283c9cb83cc404df4953e7a9f94633d2da97,134367,73 daily files 20260101..20260330
locationid=3409423/year=2025.zip,https://openaq-data-archive.s3.amazonaws.com/records/csv.gz/locationid=3409423/year=2025/,members-sha256:9a9f53a41e032245026f4e3187e8c0ab0b54988b72a65d40c1f926c1999d1b0a,2026-09-26T07:04:47+00:00,4647e7e7725721158f9856568c8d4b31e299e44581b3a36f72d42b6d5b00779b,1384884,315 daily files 20250219..20251231
locationid=3409422/year=2025.zip,https://openaq-data-archive.s3.amazonaws.com/records/csv.gz/locationid=3409422/year=2025/,members-sha256:3831c21b86e7511d287dba4f9f0d3f26a1ee3b65c01c0151ce9afad7d9922e4f,2026-09-26T07:04:49+00:00,67e879ffbdb713d012afc72fc337f175c20671153222800419212749b7685db3,1473791,315 daily files 20250219..20251231
locationid=3409440/year=2026.zip,https://openaq-data-archive.s3.amazonaws.com/records/csv.gz/locationid=3409440/year=2026/,members-sha256:89cadd0c3d813a22fcc6b94ffd688c44b1ed7607273c6273f330c6eeb0683440,2026-09-26T07:04:53+00:00,0a7dabf211eefd64edc5080ca953c32255f2c4bdf9211b119d93263785b65cd0,419128,81 daily files 20260101..20260331
locationid=3409424/year=2025.zip,https://openaq-data-archive.s3.amazonaws.com/records/csv.gz/locationid=3409424/year=2025/,members-sha256:249364a2265f1e178f11d90bfabb283a13832d357824952f44270508a1c68d98,2026-09-26T07:04:55+00:00,c013886b0eb6109278a5aeb53f23ecd0a9361877a3aa92eb1059ba8b0527a53f,1474803,315 daily files 20250219..20251231
locationid=3409441/year=2026.zip,https://openaq-data-archive.s3.amazonaws.com/records/csv.gz/locationid=3409441/year=2026/,members-sha256:7af97609a403c03c3bf0e86bd50ea8b1ecf658db33f1c374015800483f576408,2026-09-26T07:04:56+00:00,a0342de59e455bb3b3de05abab3ec198e65502529840ae0306fe9ab1b24bb122,247304,78 daily files 20260101..20260331
locationid=3409425/year=2025.zip,https://openaq-data-archive.s3.amazonaws.com/records/csv.gz/locationid=3409425/year=2025/,members-sha256:aba350ed2fcd6f4319f9f9849c65f1dae3ec96c0f467e65959a28b8fba67f2e3,2026-09-26T07:04:59+00:00,e9f9b7c54cd2225dbdb081eeca43c36aba23cb25c23c251767a7c7cc0c8fa865,1437758,314 daily files 20250219..20251231
locationid=3409426/year=2025.zip,https://openaq-data-archive.s3.amazonaws.com/records/csv.gz/locationid=3409426/year=2025/,members-sha256:9f4a28476e451eacb7f702da254ba04a1d92eb778b970b1ba839cf58e04604ec,2026-09-26T07:05:04+00:00,410d6dc8e9dea98860fb0764eb8cee7da633e9d131a95f1dcc9913fbd546473e,1405491,315 daily files 20250219..20251231
locationid=3409442/year=2026.zip,https://openaq-data-archive.s3.amazonaws.com/records/csv.gz/locationid=3409442/year=2026/,members-sha256:350f744713f95e25378eff59ce7be0b0d2b56839b1558157ee9600156f6cca38,2026-09-26T07:05:04+00:00,7ec9d1e375a2c85cfb16559148b35372470d0951c2a2565b883b25cee079c825,440552,81 daily files 20260101..20260331
locationid=3409427/year=2025.zip,https://openaq-data-archive.s3.amazonaws.com/records/csv.gz/locationid=3409427/year=2025/,members-sha256:d322d256e16a95db3fed897cde6543c1faa42123ca188d582c2b1d6bb6b9363b,2026-09-26T07:05:12+00:00,d032864f1534925622733bde3d29a1573a47f930d2d653ef65a5b2c4cee12e0e,1460888,315 daily files 20250219..20251231
locationid=3409443/year=2026.zip,https://openaq-data-archive.s3.amazonaws.com/records/csv.gz/locationid=3409443/year=2026/,members-sha256:f2bbc2a45f915af623fe009bfeb4da4906e637cb412db57f8e84ff1fcaad3355,2026-09-26T07:05:13+00:00,797dc4784a457490b18c4553ce840969a9e519385d03255d437fec020fa4ce05,441782,81 daily files 20260101..20260331
locationid=3409444/year=2026.zip,https://openaq-data-archive.s3.amazonaws.com/records/csv.gz/locationid=3409444/year=2026/,members-sha256:b67e4344714ad541ed0732061fcc64266b136658a273ea6c8d6fa0cf11394dd2,2026-09-26T07:05:18+00:00,c5fc5880b6f279128efd6f93239e4b7f30a087310fa873a839cfbf112e6da406,432883,81 daily files 20260101..20260331
locationid=3409428/year=2025.zip,https://openaq-data-archive.s3.amazonaws.com/records/csv.gz/locationid=3409428/year=2025/,members-sha256:62fbb7d70217bdcfd373c706c5d048e3bf2d446f21184964265e99bd20507e64,2026-09-26T07:05:18+00:00,b02d6d952c83f36afc39ba82c001dd6bb64233c21f3a31395b5b9e111d7372a5,1422437,315 daily files 20250219..20251231
locationid=3409445/year=2026.zip,https://openaq-data-archive.s3.amazonaws.com/records/csv.gz/locationid=3409445/year=2026/,members-sha256:a3a59fb3cbf6a99b3fb29e295c4b4ed2e2f3723267e30962fe63f9fe17499b5a,2026-09-26T07:05:24+00:00,23a3787692eb25a64efab91569b287317fa71bf11896493306f0d0a0e8635c74,431930,81 daily files 20260101..20260331
locationid=3409429/year=2025.zip,https://openaq-data-archive.s3.amazonaws.com/records/csv.gz/locationid=3409429/year=2025/,members-sha256:b1e35afcd1e3dce453b9c41b1cc66bb4594c10a7afc485c5613f4e6f1ce1b396,2026-09-26T07:05:26+00:00,ae3e34f13de45c1387f4a402b9010c1e2ef96d475d4c9b998a24eefafd0e222d,1454609,315 daily files 20250219..20251231
locationid=3409446/year=2026.zip,https://openaq-data-archive.s3.amazonaws.com/records/csv.gz/locationid=3409446/year=2026/,members-sha256:b03e96096665495f9f1f67850da7dff387da1b9688dd06d4f8e312aa594ae6e0,2026-09-26T07:05:28+00:00,8d95b936215a789c4f13dc4cd3e3073d15a41eec71d6ad442d1c42620d0344ed,502168,81 daily files 20260101..20260331
locationid=3409430/year=2025.zip,https://openaq-data-archive.s3.amazonaws.com/records/csv.gz/locationid=3409430/year=2025/,members-sha256:ccdb4a2095fccda839cf0d192a85b4d38d55ea224d4545012fb40487472a479f,2026-09-26T07:05:29+00:00,c90b65562b5613620236503c39bd99eba9088056ea94b93019d6eaeadb727fdd,1444314,313 daily files 20250219..20251231
locationid=3409431/year=2025.zip,https://openaq-data-archive.s3.amazonaws.com/records/csv.gz/locationid=3409431/year=2025/,members-sha256:debc84762511f44603b99859d8905b713006e20e6ae2d3c9f6ae6eb5c473ec5b,2026-09-26T07:05:35+00:00,64543588684e6e54d67493db9a01a6f8f017033055813a805d691b2d9b1a3607,1442750,315 daily files 20250219..20251231
locationid=3409447/year=2026.zip,https://openaq-data-archive.s3.amazonaws.com/records/csv.gz/locationid=3409447/year=2026/,members-sha256:d6265bcf3e51d19ace0475b8dea8a1dc5a5fd387f25a19b0fcdb6f058de8adb6,2026-09-26T07:05:35+00:00,449c7bd41565ca93c67cb20a8924233fd914df4f2d1b28861583f4051f1ee305,435798,81 daily files 20260101..20260331
locationid=3409432/year=2025.zip,https://openaq-data-archive.s3.amazonaws.com/records/csv.gz/locationid=3409432/year=2025/,members-sha256:62f13296aac722c484d49b1b553f543763de7154640a14f8cc4c020d04cca38e,2026-09-26T07:05:38+00:00,110b6d0350e62ebb473970145e6a9bba1729ce09992e1d7ef263fa3864cbdb0b,1430429,313 daily files 20250219..20251231
locationid=3409448/year=2026.zip,https://openaq-data-archive.s3.amazonaws.com/records/csv.gz/locationid=3409448/year=2026/,members-sha256:d797ffa45624cf1fc6659350ae98d08a445558f8ed428e441da3a1dca9a1c0c3,2026-09-26T07:05:43+00:00,272e89ebc57c7fc37a8f6e2e45175818b9b3382d7f0227c84d8b642082cf8be8,505816,81 daily files 20260101..20260331
locationid=3409433/year=2025.zip,https://openaq-data-archive.s3.amazonaws.com/records/csv.gz/locationid=3409433/year=2025/,members-sha256:945b74416ee5a5b7e2ccd71b16525902ca7bae2476b1e1c5bdc83637ffc826aa,2026-09-26T07:05:45+00:00,d32ee37bb9eebfd27dcdff99fc1e68f83c60bd216dfea563528f67e0749d184c,1432642,315 daily files 20250219..20251231
locationid=3409449/year=2026.zip,https://openaq-data-archive.s3.amazonaws.com/records/csv.gz/locationid=3409449/year=2026/,members-sha256:1715980625fd3ade27d9ecf3671e89cd31b53cca2c984767e292e01367ff99dd,2026-09-26T07:05:49+00:00,e9ea1a49f3b3aeb237a070554b806c18ddd23da7140c03bdb1887f8d485f29c1,508418,81 daily files 20260101..20260331
locationid=3409435/year=2025.zip,https://openaq-data-archive.s3.amazonaws.com/records/csv.gz/locationid=3409435/year=2025/,members-sha256:956676132ef1fb576ada72e4fd4f4a859d0e67b161c936df7b9c8a862d58c8a3,2026-09-26T07:05:53+00:00,3c26bb3f536ce0672cbe84852ebd6766f7a58ca8b5198ba38bad4a357b51b9ce,1619139,311 daily files 20250219..20251231
locationid=3409450/year=2026.zip,https://openaq-data-archive.s3.amazonaws.com/records/csv.gz/locationid=3409450/year=2026/,members-sha256:4dc380afd1f3466a32de1641b5e20d27d0412953eac3634c30e534c1b379bf0e,2026-09-26T07:05:55+00:00,1ec9c0326d3560b4ce1645f06f2c24be700f9a02a46266ac9a46e3cf7fd1ecd4,424941,81 daily files 20260101..20260331
locationid=3409439/year=2025.zip,https://openaq-data-archive.s3.amazonaws.com/records/csv.gz/locationid=3409439/year=2025/,members-sha256:60fbfee8e5f107b75e7727834f4b96fbcd311b9f403c767e05144f65a4725c2b,2026-09-26T07:05:58+00:00,a0362ca72d8e3d9b9c4dd147f3457a819ad69654adf99dd079a48abeab9790d3,870206,283 daily files 20250219..20251231
locationid=3409451/year=2026.zip,https://openaq-data-archive.s3.amazonaws.com/records/csv.gz/locationid=3409451/year=2026/,members-sha256:eb5df70525cc994e3d70d859d9a267293c79d3cc9d320c34808b085a884ca93e,2026-09-26T07:06:00+00:00,ef871cef97b46750706b2783dc9aaa67003369ff9044796e5fe9099a7d2875c2,278548,81 daily files 20260101..20260331
locationid=3409436/year=2025.zip,https://openaq-data-archive.s3.amazonaws.com/records/csv.gz/locationid=3409436/year=2025/,members-sha256:c3ef94115a10958fe5fc2a8d98e96cee92929c7d8c9489010ccf92663440f3ae,2026-09-26T07:06:03+00:00,98087d3b8244931c421532a8828b9d6db8557105c86a77fdf372557f910c7831,1621761,313 daily files 20250219..20251231
locationid=3409452/year=2026.zip,https://openaq-data-archive.s3.amazonaws.com/records/csv.gz/locationid=3409452/year=2026/,members-sha256:8bfd39e96c304f0e6a4bbd3977cc04ae261e31e33a38191d7e7ed87f474bca17,2026-09-26T07:06:05+00:00,2c8a8a93251d1bf10444af0f04151c338b41eb46fd2eb3f5f8d8b899f18c623c,498104,81 daily files 20260101..20260331
locationid=3409453/year=2026.zip,https://openaq-data-archive.s3.amazonaws.com/records/csv.gz/locationid=3409453/year=2026/,members-sha256:ac8ab8c315eaa66bf97d7de2a91c5ec181c1d5e05b1eb330e91dfa2f35623187,2026-09-26T07:06:11+00:00,193611f45c63f7a5a4efe71fa9b4004537724fc43d38d786f2a3d63be340f119,503270,81 daily files 20260101..20260331
locationid=3409440/year=2025.zip,https://openaq-data-archive.s3.amazonaws.com/records/csv.gz/locationid=3409440/year=2025/,members-sha256:831eca1e69bbd6f7a4d747ac888981be13ae42fbc1570c0f95df682fa58b1e9f,2026-09-26T07:06:12+00:00,b871bead4851174b43a70dcafb3f113cc05f6a1a4c2e0fc3ce5af11fcf87840c,1341533,310 daily files 20250219..20251231
locationid=3409441/year=2025.zip,https://openaq-data-archive.s3.amazonaws.com/records/csv.gz/locationid=3409441/year=2025/,members-sha256:ca444bd5613c379ac1b6e1fb7a5d4eeaff43edfc6fa8c148a8d57362545a3517,2026-09-26T07:06:14+00:00,14687a19b5c4db0cff580e44251af53879ae1a1f7cd4fd6cd71ec706f86467b7,1524523,307 daily files 20250219..20251231
locationid=3409454/year=2026.zip,https://openaq-data-archive.s3.amazonaws.com/records/csv.gz/locationid=3409454/year=2026/,members-sha256:8427c808448b06dc13bb4c567f8fc5e200cbf8045f2ab79618cfb0e73e54ca6b,2026-09-26T07:06:18+00:00,b2ef0eab27cb010dc044e93455e7426fe67a1d0a1b2061504ab79ce2b55f82e7,189363,81 daily files 20260101..20260331
locationid=3409442/year=2025.zip,https://openaq-data-archive.s3.amazonaws.com/records/csv.gz/locationid=3409442/year=2025/,members-sha256:348d3f0c052709158152833862ffe2ea3f2fee7cd396699f2a95aa57ba8ba0a1,2026-09-26T07:06:25+00:00,e966599b2d496c0c6ea5d8bc9703e6fe3f83fde6ac9a0706067b747d63276bf3,1442945,315 daily files 20250219..20251231
locationid=3409455/year=2026.zip,https://openaq-data-archive.s3.amazonaws.com/records/csv.gz/locationid=3409455/year=2026/,members-sha256:11e3c3057997644cd0dceffec3e13a5897f286da90b4e3cc166835921409f35e,2026-09-26T07:06:26+00:00,41ef9073f7d61cbe1ea71d947e3aff2069cc64680a47cefe303228ce241e4a14,529073,81 daily files 20260101..20260331
locationid=3409456/year=2026.zip,https://openaq-data-archive.s3.amazonaws.com/records/csv.gz/locationid=3409456/year=2026/,members-sha256:1fba42ab065b10acc2adfa57cb8e5b59ae0906d6508cb56f9ae07081202ca73a,2026-09-26T07:06:30+00:00,a1febdde9c86402b202c240e5a5690d7c258021725fba021ca0648551fe330a2,544173,81 daily files 20260101..20260331
locationid=3409457/year=2026.zip,https://openaq-data-archive.s3.amazonaws.com/records/csv.gz/locationid=3409457/year=2026/,members-sha256:26ab82f25ea23b8461ec0d6a4bb2bbbae381e30e4812062d517c31af9580464a,2026-09-26T07:06:34+00:00,0e6b37841a852decad2d81cd24cee4c2c017c6801cbadd8c0fc0d17cabd85441,218225,80 daily files 20260101..20260331
locationid=3409443/year=2025.zip,https://openaq-data-archive.s3.amazonaws.com/records/csv.gz/locationid=3409443/year=2025/,members-sha256:f06840c6d8a3c1d698f16223d7f49b02d00116fe2cbb5fcbfe2dd5b865f6d30f,2026-09-26T07:06:36+00:00,bc60a16e1e9e6f706f2f2a3f8b8807c662a1d708664b89fd88b22982b5ac2a69,1398937,314 daily files 20250219..20251231
locationid=3409444/year=2025.zip,https://openaq-data-archive.s3.amazonaws.com/records/csv.gz/locationid=3409444/year=2025/,members-sha256:f02cb111ffa8cf1ad7f5bf51b408b1f1c664756b5027f61cb8fe96802ebdef22,2026-09-26T07:06:36+00:00,a97f9c59c073819fec17d2e5fb5e25cc575e4f5a88f641a2f2590ce6f74b52bb,1447774,315 daily files 20250219..20251231
locationid=3409445/year=2025.zip,https://openaq-data-archive.s3.amazonaws.com/records/csv.gz/locationid=3409445/year=2025/,members-sha256:884a2cadfcb6f301b478a835143bb9bfa557986574a23441ac6e877f08fa930f,2026-09-26T07:06:42+00:00,003d19eb519f6b972c61b32ba272c3ba668cf41c093ecf7e905ce7f6cf64211a,1404190,312 daily files 20250219..20251231
locationid=3409458/year=2026.zip,https://openaq-data-archive.s3.amazonaws.com/records/csv.gz/locationid=3409458/year=2026/,members-sha256:9a69d33fc8f460a1fdbcba87fe04ad32af7849fd59c6dd8e5ecfd52f9c57ea27,2026-09-26T07:06:42+00:00,7269046ce318522e3afa968a1631950ed1097c983d1aebe609591dc71385c2d5,513282,81 daily files 20260101..20260331
locationid=3409446/year=2025.zip,https://openaq-data-archive.s3.amazonaws.com/records/csv.gz/locationid=3409446/year=2025/,members-sha256:adf9f74aba33cf97cb5b8bdb081150e517036552426fb3ac70e471d161c835a4,2026-09-26T07:06:46+00:00,baaeb1cabce0d58675257bfc59b01e883dca02d8b9a555a7b7dda7ab05238c7c,1581745,308 daily files 20250219..20251231
locationid=3409459/year=2026.zip,https://openaq-data-archive.s3.amazonaws.com/records/csv.gz/locationid=3409459/year=2026/,members-sha256:37e336afaec24bcf1de01ebe9fb628c8fabcb4e99ab4a713e35670ced29e98f8,2026-09-26T07:06:47+00:00,550220c7b419f497333d2637cee61782c98b9269c96badfe51373e6907da4034,511872,81 daily files 20260101..20260331
locationid=3409460/year=2026.zip,https://openaq-data-archive.s3.amazonaws.com/records/csv.gz/locationid=3409460/year=2026/,members-sha256:33abaedd925684038688280b60be466b8b47d5552fb8e5b95da29fa7d4d383da,2026-09-26T07:06:53+00:00,fa633b47736dde901e2f0a6e07393e2ed55a8a8b40f4ff5b02b7e39fae396f0b,482989,74 daily files 20260101..20260331
locationid=3409447/year=2025.zip,https://openaq-data-archive.s3.amazonaws.com/records/csv.gz/locationid=3409447/year=2025/,members-sha256:006e5f2258faa0eefa82ef096eb37d27a272235f60c2f14a1ea666ea5cbfcae9,2026-09-26T07:06:53+00:00,8f28b360b072e4c041c3e78a221312d8998cfc645f972674b49ae4afba700746,1409733,314 daily files 20250219..20251231
locationid=3409448/year=2025.zip,https://openaq-data-archive.s3.amazonaws.com/records/csv.gz/locationid=3409448/year=2025/,members-sha256:9920df730cdaf8f0e41e34075c7c940a22cf81aa7a341888a2a34a4767b22903,2026-09-26T07:07:02+00:00,df2a48663c020e0bb8eb5994f42666a13ad76b92bc9fa31d494c7fd7131424d7,1657203,314 daily files 20250219..20251231
locationid=3409461/year=2026.zip,https://openaq-data-archive.s3.amazonaws.com/records/csv.gz/locationid=3409461/year=2026/,members-sha256:d976865015889b8684f553eec2355269a073cf9d597287cd2ed87f907f642630,2026-09-26T07:07:03+00:00,193a1a883e861e982d34c5191336a285ffd19a3f838c2dcdc12a0ed3319b4ab2,505276,80 daily files 20260102..20260331
locationid=3409462/year=2026.zip,https://openaq-data-archive.s3.amazonaws.com/records/csv.gz/locationid=3409462/year=2026/,members-sha256:14cda114dd074ea9d49e95b765bb87e03e79e5739aa81cea93a99a09fbbdad5b,2026-09-26T07:07:08+00:00,10a8cf838bbd30667d38702f823d54f69eefd34abf4ec67b7b92e1bde8be927b,522149,81 daily files 20260101..20260331
locationid=3409449/year=2025.zip,https://openaq-data-archive.s3.amazonaws.com/records/csv.gz/locationid=3409449/year=2025/,members-sha256:01d48dde9f03b1c0c93571013dc6b56b8801ed69d23699c0a005f87f48518633,2026-09-26T07:07:10+00:00,6503d44870d5b1e8c2103071c7a5f5e7605a9b3b722919c9f4c44caac0dbf747,1677776,311 daily files 20250220..20251231
locationid=3409464/year=2026.zip,https://openaq-data-archive.s3.amazonaws.com/records/csv.gz/locationid=3409464/year=2026/,members-sha256:1f9f9a28c75fe75eee00516de1e0f08f702bfe8fb3016e304898d6baca4f1f58,2026-09-26T07:07:13+00:00,6f41215534e61620413e04174595f8ecabfe199f8db517000d1fb679dfb00ed6,550082,81 daily files 20260101..20260331
locationid=3409450/year=2025.zip,https://openaq-data-archive.s3.amazonaws.com/records/csv.gz/locationid=3409450/year=2025/,members-sha256:8d9f2627f1a1b24e7de0f880142ce3864bd16d06105478f349c0f17c8f741874,2026-09-26T07:07:14+00:00,5cb05db59ede84ffe0fcf889d33effbbbb69896c623b0d34aa823a90163d3b10,1457437,315 daily files 20250219..20251231
locationid=3409465/year=2026.zip,https://openaq-data-archive.s3.amazonaws.com/records/csv.gz/locationid=3409465/year=2026/,members-sha256:3c3dbc65ef00c5f5e431fc810ed434a32f114dc71256017b9836f90f20191fe5,2026-09-26T07:07:17+00:00,6d26c370cd4508f83e24ed0453463ea21688be8628d806a728c8071c02ec3a78,531765,81 daily files 20260101..20260331
locationid=3409451/year=2025.zip,https://openaq-data-archive.s3.amazonaws.com/records/csv.gz/locationid=3409451/year=2025/,members-sha256:2bf8cb04ed365c534f72e4bb7190f06ed63fb948abc6549fdf92a7ff5b729489,2026-09-26T07:07:19+00:00,bc7f1a7cb9be3241a9a0e48bc43b48d0a40d95d1fda7d9249d7cedadd6edc4ab,693525,312 daily files 20250219..20251231
locationid=3409466/year=2026.zip,https://openaq-data-archive.s3.amazonaws.com/records/csv.gz/locationid=3409466/year=2026/,members-sha256:6cffc223d4976976e3a0d2c83e91fe9c80a486f3564945423c7c0bdbea9fef58,2026-09-26T07:07:24+00:00,6ae49722416ef4241259c71b78defe7012c42ea65395746a4d0174d46d16da72,488399,81 daily files 20260101..20260331
locationid=3409452/year=2025.zip,https://openaq-data-archive.s3.amazonaws.com/records/csv.gz/locationid=3409452/year=2025/,members-sha256:f06d0be1baaced583767cdbcca7ab8b4ab96b8c4ddf4b1d1a08df760bbd16f48,2026-09-26T07:07:24+00:00,55915d0e76521759eab5391c3739371fed6a322a8d462c5c1cb7ebd3ed1fb6bd,1600489,312 daily files 20250219..20251231
locationid=3409453/year=2025.zip,https://openaq-data-archive.s3.amazonaws.com/records/csv.gz/locationid=3409453/year=2025/,members-sha256:eea18564096a2e1c51f165e5c83db3e5e6755ade1bf2ed0c0d4a301854571630,2026-09-26T07:07:28+00:00,b0b1b199d3c867d9e1c69023474ea67994b804a620649a1ff193856e6752184c,1602489,308 daily files 20250219..20251231
locationid=3409467/year=2026.zip,https://openaq-data-archive.s3.amazonaws.com/records/csv.gz/locationid=3409467/year=2026/,members-sha256:d715aade0245db0f0203e7de772c42fc2a7aa5aa3116b37fcad9a9d72857c6d3,2026-09-26T07:07:33+00:00,4bac332336f16aecf84691aa7d28216ef744e8e6d3a4c286d6fe93094ec16405,422666,81 daily files 20260101..20260331
locationid=3409454/year=2025.zip,https://openaq-data-archive.s3.amazonaws.com/records/csv.gz/locationid=3409454/year=2025/,members-sha256:ae8ba3d68bc231b5589e75982756d67fcbc110ed82a5f8c78fe6ca16f3aac8ce,2026-09-26T07:07:34+00:00,c13763b217e89cd2992289fe3ad22c8a1fb862b013c415fd78157ede5bd51c89,1071093,298 daily files 20250219..20251231
locationid=3409468/year=2026.zip,https://openaq-data-archive.s3.amazonaws.com/records/csv.gz/locationid=3409468/year=2026/,members-sha256:29bc7765df1f6c1fb8675b056012ae61779a10d133f40ab0fc260272f5f3e547,2026-09-26T07:07:40+00:00,4fee450fc2fd45083bbd03444fc0d4f067f184f5b034677b0589e7b30e660046,530529,81 daily files 20260101..20260331
locationid=3409469/year=2026.zip,https://openaq-data-archive.s3.amazonaws.com/records/csv.gz/locationid=3409469/year=2026/,members-sha256:4f6fe084067cf2fa4cd7e5bd869af9056117c4bb044961128db2e9ed9c7f4058,2026-09-26T07:07:45+00:00,76b18cb90776ac3e79512e0259dc3d141dcd41dbe64bb09c578689f19a7da540,536965,81 daily files 20260101..20260331
locationid=3409455/year=2025.zip,https://openaq-data-archive.s3.amazonaws.com/records/csv.gz/locationid=3409455/year=2025/,members-sha256:bd58a0ff110b1ff11314bacbb3d1285087681ba7c3bd715d821cdf581ca2eb72,2026-09-26T07:07:46+00:00,ae16f30ffe5702e2bd39510320fc9b99c3717a29738f24161adde89d7f705113,1638991,311 daily files 20250219..20251231
locationid=3409470/year=2026.zip,https://openaq-data-archive.s3.amazonaws.com/records/csv.gz/locationid=3409470/year=2026/,members-sha256:9d400c57970f1f012bf49dbfa4831fef31d5fdaa2b95454ab6b231c27552e70b,2026-09-26T07:07:50+00:00,e7d18fe33fdf8f4a852a2c313e2cb3733a66be9d9e491ecd2786a54f15ed046a,521049,81 daily files 20260101..20260331
locationid=3409457/year=2025.zip,https://openaq-data-archive.s3.amazonaws.com/records/csv.gz/locationid=3409457/year=2025/,members-sha256:ccdcd09b8840c2de28c4cdf889d52803f1bd54aaa8e1f52ec6929728fa536a5c,2026-09-26T07:07:51+00:00,3e81ecc7e120e0930e2a18915b4463a9d0112650e8c2bde0760eb549c9d61dad,426443,310 daily files 20250219..20251231
locationid=3409456/year=2025.zip,https://openaq-data-archive.s3.amazonaws.com/records/csv.gz/locationid=3409456/year=2025/,members-sha256:04ec8454c7fec45571adf4e62527be52c1715a1f59ad0b4d32b1518ddd444330,2026-09-26T07:07:51+00:00,281277bbbfa332514be2ebb30deaa2830039ce27d8904f959efedfb2a3e8dcba,1727630,315 daily files 20250219..20251231
locationid=3409471/year=2026.zip,https://openaq-data-archive.s3.amazonaws.com/records/csv.gz/locationid=3409471/year=2026/,members-sha256:521128f64ceeeefffff80c68a6704c82520c6c6d285c4056f21c9ac137d490b5,2026-09-26T07:07:55+00:00,3ee7b594e94dc7e1e1369030f6f280d85bd91565ff826a219aba7c4fdc486327,290730,81 daily files 20260101..20260331
locationid=3409472/year=2026.zip,https://openaq-data-archive.s3.amazonaws.com/records/csv.gz/locationid=3409472/year=2026/,members-sha256:fd6c9f7114d9bd0950c1f7f8ff92edc80bba7ed06b37d4ecf8862719f49e8cd0,2026-09-26T07:08:00+00:00,b69a11951a9c6c1f3e85dd3c18113cba8521b4195c4e7aa442bd709a95c8910e,516325,81 daily files 20260101..20260331
locationid=3409458/year=2025.zip,https://openaq-data-archive.s3.amazonaws.com/records/csv.gz/locationid=3409458/year=2025/,members-sha256:a2eb561b29997023eafc8cfb837845d063b26f25545ddc9748b4b67f93eeee51,2026-09-26T07:08:04+00:00,461a5f40d9c36e0dbaeb262a9cb371b090841c8c78ad1e72768e23821044568b,1682898,315 daily files 20250219..20251231
locationid=3409473/year=2026.zip,https://openaq-data-archive.s3.amazonaws.com/records/csv.gz/locationid=3409473/year=2026/,members-sha256:77a3f65ee74a8d08be3dbeb3d853771be5ad52f4489e4b612e01fd3c7d297626,2026-09-26T07:08:07+00:00,2c7f90f057223a818e7e7eef315133b4fa7d2c5bd17b0af14e8ed0e6729281be,505555,81 daily files 20260101..20260331
locationid=3409459/year=2025.zip,https://openaq-data-archive.s3.amazonaws.com/records/csv.gz/locationid=3409459/year=2025/,members-sha256:af372e47b9fcf1df0f949c407264bc96b8ce1d437c1cf0d2d788719cc817ef04,2026-09-26T07:08:08+00:00,1facff02044d9a93b14f958b4adbe2b3f98858809933c9b4c9604498708bba0a,1563521,315 daily files 20250219..20251231
locationid=3409466/year=2025.zip,https://openaq-data-archive.s3.amazonaws.com/records/csv.gz/locationid=3409466/year=2025/,members-sha256:682b32180e68906fd2ae839cdef2cffded46f876f70d75ef6b0e39731a99c773,2026-09-26T07:08:11+00:00,b7e93295eff47de787ffa531760d0a246c7e10c130e4d949170d29208700e4ca,1150869,220 daily files 20250219..20251231
locationid=3409474/year=2026.zip,https://openaq-data-archive.s3.amazonaws.com/records/csv.gz/locationid=3409474/year=2026/,members-sha256:d4b0722d013d4dae55a8aac7b728609a10fa2e38709c21192e4f20c9e6dedebb,2026-09-26T07:08:16+00:00,1f1d900b3da7205e04f7c67ad1edde1211341652f785faef39df8e556f3f6ad4,219500,80 daily files 20260101..20260331
locationid=3409461/year=2025.zip,https://openaq-data-archive.s3.amazonaws.com/records/csv.gz/locationid=3409461/year=2025/,members-sha256:f77517f6ef8b0b8297ca63dcee55730b7d1446ce323fb80d06fc9b2a2dececd7,2026-09-26T07:08:17+00:00,d235da402d6ba2c08b18126051a70da56e3b552e1d15b3fb85a36008b0ed4224,1611550,305 daily files 20250219..20251227
locationid=3409460/year=2025.zip,https://openaq-data-archive.s3.amazonaws.com/records/csv.gz/locationid=3409460/year=2025/,members-sha256:e98049e2b486f826ed70a3fff6c1ae19639cae8c6c01b2996eb6d4a35e092ab3,2026-09-26T07:08:18+00:00,884ee2bf8f24df15aa96b43982ec9d21d9be375543ad413108d742f80282608d,1645474,307 daily files 20250219..20251231
locationid=3409475/year=2026.zip,https://openaq-data-archive.s3.amazonaws.com/records/csv.gz/locationid=3409475/year=2026/,members-sha256:321db31308452fa312b9072135c708b43d46a91a382a80bceba1f9e0a925aaef,2026-09-26T07:08:21+00:00,8932262c147a50706104729167a538f72581b8af20dd0d752e62ae35ce60e705,531671,81 daily files 20260101..20260331
locationid=3409476/year=2026.zip,https://openaq-data-archive.s3.amazonaws.com/records/csv.gz/locationid=3409476/year=2026/,members-sha256:36c7afd5eb5c79e5247833911a19127595c491b340486e39c6dee9d28ccac76a,2026-09-26T07:08:25+00:00,1fcaa060ad78f2cd74416b299935967a5bfa0bb02925f699b673e9d0a57f07f3,518975,81 daily files 20260101..20260331
locationid=3409462/year=2025.zip,https://openaq-data-archive.s3.amazonaws.com/records/csv.gz/locationid=3409462/year=2025/,members-sha256:54f4b587afcf7c64dd3741450102054b6bdde9452d4709aaa17fbb866cf20996,2026-09-26T07:08:26+00:00,42cead4e9afa1faccbc94daa267e1d40cdb4880eef80c8ae534cbe35926290b3,1663266,313 daily files 20250219..20251231
locationid=3409477/year=2026.zip,https://openaq-data-archive.s3.amazonaws.com/records/csv.gz/locationid=3409477/year=2026/,members-sha256:769b8c2e0e7cb038991749bc93f38bd1bfd1add7f97d407abb1c44c9cd632c28,2026-09-26T07:08:32+00:00,d82f401f60acf4302f5d1308bb64d1ee23cad7e7b0fc3c81e4f87c3b9e73971e,503269,80 daily files 20260101..20260331
locationid=3409464/year=2025.zip,https://openaq-data-archive.s3.amazonaws.com/records/csv.gz/locationid=3409464/year=2025/,members-sha256:4270e37eba6011fcea3b79fa4f2a3520b15e62462871d67d2c87d55f610169f7,2026-09-26T07:08:35+00:00,1106ce73d30f032154e9798199d4fcafb0eea9bbbc3f39a35d76cfe230d65501,1758052,315 daily files 20250219..20251231
locationid=3409465/year=2025.zip,https://openaq-data-archive.s3.amazonaws.com/records/csv.gz/locationid=3409465/year=2025/,members-sha256:484657f3d7262429fff4f9709be05eafe6b4b6e716157746d0757e8572fc91cb,2026-09-26T07:08:38+00:00,003ef37b60c20fddc2eac9edab3d771d6c4c9dc5fcf933e0cc6df25abfda5778,1706063,315 daily files 20250219..20251231
locationid=3409478/year=2026.zip,https://openaq-data-archive.s3.amazonaws.com/records/csv.gz/locationid=3409478/year=2026/,members-sha256:5d7b05166e4a7d317256e0c997baa600e6e86a4b2cde6d56d98c6e8a1171b823,2026-09-26T07:08:39+00:00,e951984ddfb8fbd7f3712d69c79d14013de38369c0bded3ef23a0f75820940d2,484776,80 daily files 20260101..20260331
locationid=3409479/year=2026.zip,https://openaq-data-archive.s3.amazonaws.com/records/csv.gz/locationid=3409479/year=2026/,members-sha256:b328ae28fad9a2868ebbfabd8430b8ab29805f3302fae40f5823929d7810db67,2026-09-26T07:08:44+00:00,feae69f72236486c5f05100c1ffccac5bdade7429ec85109c3aff95f7a48f219,495244,81 daily files 20260101..20260331
locationid=3409480/year=2026.zip,https://openaq-data-archive.s3.amazonaws.com/records/csv.gz/locationid=3409480/year=2026/,members-sha256:809c65831d9f9add9bf1c18e0febd6405948b6eb6160782d6ce5c64a0ab73d05,2026-09-26T07:08:49+00:00,64e5811fec14b1961771c2866d4effdb49aeeea0cf5280c476a00cc519fa8668,473076,81 daily files 20260101..20260331
locationid=3409467/year=2025.zip,https://openaq-data-archive.s3.amazonaws.com/records/csv.gz/locationid=3409467/year=2025/,members-sha256:2b1d83b40d7ecb5a21a393844b8f957039804363ef1dd806b9e90df6c1cf7d76,2026-09-26T07:08:53+00:00,350d8d9cfcba3399b481887fe20211d43237cdd0af2ed8aaa3f04e1d44938d5d,1419243,313 daily files 20250219..20251231
locationid=3409481/year=2026.zip,https://openaq-data-archive.s3.amazonaws.com/records/csv.gz/locationid=3409481/year=2026/,members-sha256:419afb57a6d16848aa3fb9c0b80505b3499e0fd40df4c8d2590f3c1b5a8e1572,2026-09-26T07:08:54+00:00,2b2f094c74600ca95fc4017f8041a42bb4fb83b2255ee43a41ac7bb6f5176882,486385,81 daily files 20260101..20260331
locationid=3409468/year=2025.zip,https://openaq-data-archive.s3.amazonaws.com/records/csv.gz/locationid=3409468/year=2025/,members-sha256:a372b128c3cc49efa602eded17c31f41b458b5c8f8446d8b6b83a502d0fd61dd,2026-09-26T07:08:58+00:00,0233d0e2def73a0ed4c246e5b76cd04fd5a89a333184b3fcaada927f452342a6,1744849,310 daily files 20250219..20251231
locationid=3409482/year=2026.zip,https://openaq-data-archive.s3.amazonaws.com/records/csv.gz/locationid=3409482/year=2026/,members-sha256:a477db5baa075c6c87be8ec36ea8274b2f21973af10c500a039eca01c8c0f683,2026-09-26T07:08:58+00:00,39c1c1d13180c2db15b1048176826d28a7f6bdfff0ea1a369889dcf001c355f5,467898,79 daily files 20260101..20260331
locationid=3409469/year=2025.zip,https://openaq-data-archive.s3.amazonaws.com/records/csv.gz/locationid=3409469/year=2025/,members-sha256:d78afba09b844dbe5fde3f3f7d7610bf08bf5bb2f9473f4a29c62c8fb5d63a1f,2026-09-26T07:09:04+00:00,65cc1a3904e9fa64e4dec438f9e78cfa7bc3bd4076e09479b65eb71304576f30,1735876,312 daily files 20250219..20251231
locationid=3409483/year=2026.zip,https://openaq-data-archive.s3.amazonaws.com/records/csv.gz/locationid=3409483/year=2026/,members-sha256:cbb1a67f7596c6d9e187833e4b9adbb4c676261dd1f3f3174034aff1a24618e1,2026-09-26T07:09:07+00:00,79d9e1e5fe01294c5a1bb00e96b0d6e38da15ac9b66a733413336fd20776f0ec,484962,78 daily files 20260101..20260331
locationid=3409470/year=2025.zip,https://openaq-data-archive.s3.amazonaws.com/records/csv.gz/locationid=3409470/year=2025/,members-sha256:bccccfec2e4616825b00c71bf5368a56147cc8c27994ed17ff65bbeff5200d42,2026-09-26T07:09:08+00:00,12c04656048825335ba9ed1e28d810129ded54a6ff30cc5f8ea23d12006919b0,1669152,314 daily files 20250219..20251231
locationid=3409484/year=2026.zip,https://openaq-data-archive.s3.amazonaws.com/records/csv.gz/locationid=3409484/year=2026/,members-sha256:055967eb34149396204b83bc16330a899445a12d7e7d21162a99417a7191cf8b,2026-09-26T07:09:14+00:00,7e32505bf3fb0751188701e6da133b1a73898f49b270a00f4ff75bac99056adc,487432,81 daily files 20260101..20260331
locationid=3409471/year=2025.zip,https://openaq-data-archive.s3.amazonaws.com/records/csv.gz/locationid=3409471/year=2025/,members-sha256:10cbedcc2e211dc1623bd0819b9fdda9d12626a015c183eb193705035dcbe84e,2026-09-26T07:09:15+00:00,38e0eea2943bc11065464e36d32b2276230112851d78b2baf7f729d86fe35b53,770923,315 daily files 20250219..20251231
locationid=3409472/year=2025.zip,https://openaq-data-archive.s3.amazonaws.com/records/csv.gz/locationid=3409472/year=2025/,members-sha256:6ec00b7e027667c79ccf4c9172487f6e5070e98fbf0d0a46526a0f95351db646,2026-09-26T07:09:19+00:00,4a0a375c4beeb90058b50aa5785a84e45cb72b5e53bd4c02a739f743383801f6,1713080,312 daily files 20250219..20251231
locationid=3409485/year=2026.zip,https://openaq-data-archive.s3.amazonaws.com/records/csv.gz/locationid=3409485/year=2026/,members-sha256:22331f2df62bd6ac04fe96b82f773978016e10cfd9089d233a3dc09e2b2b9b91,2026-09-26T07:09:21+00:00,ac348e935e6406e7c9d9a08abb628e0b788199d05b5f4c0aab04a4b667f54d49,515389,81 daily files 20260101..20260331
locationid=3409473/year=2025.zip,https://openaq-data-archive.s3.amazonaws.com/records/csv.gz/locationid=3409473/year=2025/,members-sha256:ba06b69ac2f62af73914a22a51c31e06d0a49458a6c96f800bf79309948ef495,2026-09-26T07:09:22+00:00,af70acaac7039ae14595a7c35bae7ee343a4a0df105b1162be2f34f4666bae28,1505807,300 daily files 20250219..20251231
locationid=3409486/year=2026.zip,https://openaq-data-archive.s3.amazonaws.com/records/csv.gz/locationid=3409486/year=2026/,members-sha256:bf2ada2bc1ab9ae634484b685f78d9c5f7fac217a1e512657f7b2fe4121c0b20,2026-09-26T07:09:27+00:00,892bbdc92ec77cc52ec98c39c261ace9ad2dfe26f6606fa197103fa6ba2836a9,502364,81 daily files 20260101..20260331
locationid=3409488/year=2026.zip,https://openaq-data-archive.s3.amazonaws.com/records/csv.gz/locationid=3409488/year=2026/,members-sha256:e5e7dd30f67c982c28696f12a12523fd7d4873207af6598d2942e40f69a3c525,2026-09-26T07:09:32+00:00,62a40f3298a9c1c69a365d0e338f75fe18929616e9ac06cd213e20a6e3f92521,413944,81 daily files 20260101..20260331
locationid=3409489/year=2026.zip,https://openaq-data-archive.s3.amazonaws.com/records/csv.gz/locationid=3409489/year=2026/,members-sha256:18baa3e15a9561870ce544027b31b74a157a768ab6a9ae861a1f705842824362,2026-09-26T07:09:38+00:00,29a52df7d8340275bd385a22ca0ae5f3954906bde0f430039889f42e3215a10f,387224,80 daily files 20260101..20260331
locationid=3409474/year=2025.zip,https://openaq-data-archive.s3.amazonaws.com/records/csv.gz/locationid=3409474/year=2025/,members-sha256:4cdd9015f27e1831856a7d1eba4d9ac1c409caac7304080088328776862d71c9,2026-09-26T07:09:39+00:00,3aae83a6ae75ad95c2cbd90096795d6c5545a2a5270b303050ee1820a2563ed0,753976,315 daily files 20250219..20251231
locationid=3409475/year=2025.zip,https://openaq-data-archive.s3.amazonaws.com/records/csv.gz/locationid=3409475/year=2025/,members-sha256:044f05743fd14175a9863ca30693c02372d5c40ea1e6c66019eac2977f405fb7,2026-09-26T07:09:44+00:00,0407150026898cadc40ae20cbed304c8f1d865c141915a82c0d9138e92cbdebe,1672597,313 daily files 20250219..20251231
locationid=3409492/year=2026.zip,https://openaq-data-archive.s3.amazonaws.com/records/csv.gz/locationid=3409492/year=2026/,members-sha256:92b95cead6918e213f40e0e05d163f24480c7ae95f7a60d700e78d83cb967dfa,2026-09-26T07:09:46+00:00,25626affe6f1c80cc9aa5b1b342ce239b3935bd051ded2d1d86fc8c3075e0daa,386392,81 daily files 20260101..20260331
locationid=3409476/year=2025.zip,https://openaq-data-archive.s3.amazonaws.com/records/csv.gz/locationid=3409476/year=2025/,members-sha256:8698e66f7c8a694a3d75bc6422991850a5c69e2ac592566558b39ea17917989d,2026-09-26T07:09:49+00:00,84e3bb6856415f288258ccbd922ca0ae8cbd640f6397e11b4b3a10b1ce1ece88,1686019,313 daily files 20250219..20251231
locationid=3409493/year=2026.zip,https://openaq-data-archive.s3.amazonaws.com/records/csv.gz/locationid=3409493/year=2026/,members-sha256:8cdf38c3d6c26c10356ad73dab747e25b83a498c180649b104580e5308b34258,2026-09-26T07:09:51+00:00,ab65a25d80d49f56c151a2e37b384bbe8378a1a974d0a3b726920acf88f98069,124506,81 daily files 20260101..20260331
locationid=3409477/year=2025.zip,https://openaq-data-archive.s3.amazonaws.com/records/csv.gz/locationid=3409477/year=2025/,members-sha256:edb9030fbb1460188dd0dcdf27a19c44bbb55a6459d95efc21096d1c5224b849,2026-09-26T07:09:53+00:00,9f112f12b3b2649b21ed04c0d2fc52307b44d966c0964a749bcd4abd80f7f514,1661659,307 daily files 20250219..20251231
locationid=3409478/year=2025.zip,https://openaq-data-archive.s3.amazonaws.com/records/csv.gz/locationid=3409478/year=2025/,members-sha256:2c4ddef35b309b45696b45fac776645d753b70814ae75fb8d92b1a5b5cf99052,2026-09-26T07:09:54+00:00,b68655782306cf25b92b9280876d70932e1e7945d394200aec977340ddd7154d,1529826,299 daily files 20250219..20251231
locationid=3409494/year=2026.zip,https://openaq-data-archive.s3.amazonaws.com/records/csv.gz/locationid=3409494/year=2026/,members-sha256:0fb5576af70daeb6b608676a527e405ae78f416a06f166f0350c86cf0a7c2c75,2026-09-26T07:09:57+00:00,36fb6ca21cec755e837426cd2ee56b47ddf20cb8b12f173973d7ef4a98e57f89,435621,81 daily files 20260101..20260331
locationid=3409497/year=2026.zip,https://openaq-data-archive.s3.amazonaws.com/records/csv.gz/locationid=3409497/year=2026/,members-sha256:47e257f8f3cb3d46311ad5a0c9a952eb13ac9d5bc7393951d94901c233c8aaae,2026-09-26T07:10:03+00:00,460bc017439c26e3486e9054cd82358846332efc353a9b66af8fe7077d1149b6,34653,50 daily files 20260101..20260331
locationid=3409479/year=2025.zip,https://openaq-data-archive.s3.amazonaws.com/records/csv.gz/locationid=3409479/year=2025/,members-sha256:a59abf90eb854ccf3a23643df89b2440d540ceeba2b26955370b6f68eab8fcc3,2026-09-26T07:10:05+00:00,86e112b39831bc6b6aff5771ba8dabd7b8bf35009aadb7e96fe823067c897c3f,1668081,314 daily files 20250219..20251231
locationid=3409495/year=2026.zip,https://openaq-data-archive.s3.amazonaws.com/records/csv.gz/locationid=3409495/year=2026/,members-sha256:9aa38e404ac7ef93d7f5837af0921cb6f62476f014cdb577d8a324727106a184,2026-09-26T07:10:06+00:00,0bd0bf06bf2f3876b5f3d641e790833ad350118a88c999d68d1a24342e83f429,445834,81 daily files 20260101..20260331
locationid=3409480/year=2025.zip,https://openaq-data-archive.s3.amazonaws.com/records/csv.gz/locationid=3409480/year=2025/,members-sha256:16650d2d1fd6dc834d73ee3fe5a17b19c75fbfc002ac72c1e92e7d169803af7e,2026-09-26T07:10:09+00:00,d4d8009a704e1dbd3c5bb5441415a13c77ee0e617c83fb4ff67947bd480d3020,1572108,314 daily files 20250219..20251231
locationid=3409481/year=2025.zip,https://openaq-data-archive.s3.amazonaws.com/records/csv.gz/locationid=3409481/year=2025/,members-sha256:55c4eab74e97019689342b6faafd28963ca9e3b92fb675c5a32e1149c5a6cc5c,2026-09-26T07:10:16+00:00,fa94cc6857ad91a8e67dfcc632b9d7f80462d3e88f295d5b526b6f3aef5f95ee,1556442,313 daily files 20250219..20251231
locationid=3409498/year=2026.zip,https://openaq-data-archive.s3.amazonaws.com/records/csv.gz/locationid=3409498/year=2026/,members-sha256:3e66d82aabb8d9adfd5c8dbf34d9ba0770053108f90eb19d95162abd19c318a6,2026-09-26T07:10:19+00:00,d8647eb4a3ce1de03a53e282c282cbafb1225d69ad92e1be1e620ab4953e94de,500789,80 daily files 20260102..20260331
locationid=3409482/year=2025.zip,https://openaq-data-archive.s3.amazonaws.com/records/csv.gz/locationid=3409482/year=2025/,members-sha256:98a33fd91e44b49a0597fbaddeaf2f9a079c8906e7d0a87e8a6ca42943389168,2026-09-26T07:10:20+00:00,97a2d1dc9dced59cecd6638c767de6ad7a0a3246a92f683043d9cb0a134c44f8,1622699,310 daily files 20250219..20251231
locationid=3409499/year=2026.zip,https://openaq-data-archive.s3.amazonaws.com/records/csv.gz/locationid=3409499/year=2026/,members-sha256:f3399be8ec81fa20155f48a65c084c061274914252ebc16f4d09440a27f97a9b,2026-09-26T07:10:22+00:00,5d38065288cac88a577990ccd0ca9e1b478ce83da87a16461ae4869d0351b40c,462530,77 daily files 20260102..20260331
locationid=3409483/year=2025.zip,https://openaq-data-archive.s3.amazonaws.com/records/csv.gz/locationid=3409483/year=2025/,members-sha256:d015d973f348c724f16168ca9f91c3fac32aaa83c75bc468a3a19fc9e8c5ac62,2026-09-26T07:10:27+00:00,650d2620952ab89f1896fc54fb5e8862a45ba355b99aaa7216d5a6e9fa3972ff,1629651,311 daily files 20250219..20251231
locationid=3409501/year=2026.zip,https://openaq-data-archive.s3.amazonaws.com/records/csv.gz/locationid=3409501/year=2026/,members-sha256:7a975df1df6c063899c5414d1e085ca12457f0f22990e3bdd6a7acf45d7c77ec,2026-09-26T07:10:27+00:00,d9f3e70ebee54f052ab9895396095f91e9e77da93d498e9ea574e78454d4206f,489615,81 daily files 20260101..20260331
locationid=3409484/year=2025.zip,https://openaq-data-archive.s3.amazonaws.com/records/csv.gz/locationid=3409484/year=2025/,members-sha256:65a9f9ffbde07e53b616e2b04e3ea20f728064e77857ecf7a17f6bf3fc62ca7b,2026-09-26T07:10:34+00:00,110cb9f11fa533bbe617cc41c91ae6916469d4988dadc0d575e3d98a9e333246,1666358,315 daily files 20250219..20251231
locationid=3409503/year=2026.zip,https://openaq-data-archive.s3.amazonaws.com/records/csv.gz/locationid=3409503/year=2026/,members-sha256:38159c1b4895179fd6cbf3dde4dbf56ae31db0c0fe9e60602a234e0fa7d17017,2026-09-26T07:10:35+00:00,f6e9bfc87faa978ac1329b98919903c82a9bf2761f555be31c9bc18d71b9a58c,449197,81 daily files 20260101..20260331
locationid=3409504/year=2026.zip,https://openaq-data-archive.s3.amazonaws.com/records/csv.gz/locationid=3409504/year=2026/,members-sha256:0abb49343bdda2d640afcbb80acd4b5e0e5550cab365c8a4f5910548a1f92cf5,2026-09-26T07:10:39+00:00,89691414f3bbf2ef610e3be7aeea5dbe415951fcd5a16f7078afe219abc85f99,426480,77 daily files 20260101..20260331
locationid=3409485/year=2025.zip,https://openaq-data-archive.s3.amazonaws.com/records/csv.gz/locationid=3409485/year=2025/,members-sha256:e204ad1e66517fb09bdb1d98404a3e59469f08ad9d41e285c3752c069180c9b5,2026-09-26T07:10:44+00:00,43960afdcd9480b21b14d6a5672dae4505d3ffbe1f5a1b51094cd2fc990b9d08,1631782,312 daily files 20250219..20251231
locationid=3409505/year=2026.zip,https://openaq-data-archive.s3.amazonaws.com/records/csv.gz/locationid=3409505/year=2026/,members-sha256:0f5001605bddc150b6e7d1ced0bccd69a8b2e04c9ca165ded1b80041c472c79a,2026-09-26T07:10:49+00:00,aa99c50c1c4aca049e64c287ee407ffa80cd5d82329611ed1f2e1ee4eec41d44,437673,81 daily files 20260101..20260331
locationid=3409488/year=2025.zip,https://openaq-data-archive.s3.amazonaws.com/records/csv.gz/locationid=3409488/year=2025/,members-sha256:41b58ac0bc8cd89010891c90ea434f5ba7726bfbdd226e7db67541ca3db2bc58,2026-09-26T07:10:50+00:00,1b8f79aa08d4aa947deab2ffc5f21a8c6d5127b93a0bcfb71d8c2d419fe9733a,1340597,301 daily files 20250219..20251231
locationid=3409486/year=2025.zip,https://openaq-data-archive.s3.amazonaws.com/records/csv.gz/locationid=3409486/year=2025/,members-sha256:35358cea84d0c489d3292022028db18e80b129d39d850ee9474953d3df89e65f,2026-09-26T07:10:51+00:00,871ea1510a37a4c0c9e8f3888f655d72169595969ded7e5e0a4249347146bc56,1602313,315 daily files 20250219..20251231
locationid=3409489/year=2025.zip,https://openaq-data-archive.s3.amazonaws.com/records/csv.gz/locationid=3409489/year=2025/,members-sha256:e6744c7e2d11249cdf4b87f2991942adb478a96e5f9ecb0a1fb671fad4b502ac,2026-09-26T07:10:53+00:00,8e91ed0e9fe292bf2eab2212e2d3adfb73f16a73a637ebf4c9d3239d38a4708e,1218034,292 daily files 20250219..20251231
locationid=3409506/year=2026.zip,https://openaq-data-archive.s3.amazonaws.com/records/csv.gz/locationid=3409506/year=2026/,members-sha256:0e0595ca141326413b4d2333d2d5007db34bdbb01ebd135b77e9d6bb7707e0de,2026-09-26T07:10:54+00:00,b233d3a9a0ce9fffe5f3854c96dd0a69e2d8898668d919bdd21935f2d624dfd7,440048,81 daily files 20260101..20260331
locationid=3409507/year=2026.zip,https://openaq-data-archive.s3.amazonaws.com/records/csv.gz/locationid=3409507/year=2026/,members-sha256:247ce646efd366a0f55a615c2784c4817e0ca70048d9f9dbc95cc0372f3f06c3,2026-09-26T07:10:57+00:00,9a94bdb0d74418affd07916d944393590761750ef6705a44988cd0ae7eeb34fb,389745,77 daily files 20260101..20260331
locationid=3409492/year=2025.zip,https://openaq-data-archive.s3.amazonaws.com/records/csv.gz/locationid=3409492/year=2025/,members-sha256:ff60d250120b0e13d03b2471d44920f2d83e345363f6960e671f2ef53d5b94fc,2026-09-26T07:11:04+00:00,df46fd9fa857e319228bc6b7ae62204d24d182d059d3ce80908f67720df1f304,1383442,306 daily files 20250219..20251231
locationid=3409497/year=2025.zip,https://openaq-data-archive.s3.amazonaws.com/records/csv.gz/locationid=3409497/year=2025/,members-sha256:effaa2e40d75824ccf6d597f8c4c22856e2031f40486484017807e3c82a487f9,2026-09-26T07:11:05+00:00,825dcad8db3658b06f83013d41c7f7c8c994ac8cbc620b76b6d9061c76944bbb,191204,226 daily files 20250219..20251231
locationid=3409508/year=2026.zip,https://openaq-data-archive.s3.amazonaws.com/records/csv.gz/locationid=3409508/year=2026/,members-sha256:f2a7f611558904004a78aae67f5abe51a332af52690001f0a7822d47cf40d1fe,2026-09-26T07:11:07+00:00,97649411be49497787d4d0c070b9b8899592ed28df2561952d7d31a43fb0971c,441098,81 daily files 20260101..20260331
locationid=3409493/year=2025.zip,https://openaq-data-archive.s3.amazonaws.com/records/csv.gz/locationid=3409493/year=2025/,members-sha256:09e06ca17ddd2a5decb25cdf653337e2f78002b756ddc5f3e98c361e567171dd,2026-09-26T07:11:09+00:00,fc594d5ea3b3f2bb2582518b0e431cb07646d4f1ee120909d6fe7283650c2466,1445267,308 daily files 20250219..20251231
locationid=3409509/year=2026.zip,https://openaq-data-archive.s3.amazonaws.com/records/csv.gz/locationid=3409509/year=2026/,members-sha256:b7e9d32cb48e170dcca455724902ebbeca68ed2b26ac121d51262df757e5314d,2026-09-26T07:11:11+00:00,809da4a1ebcd2ad305e21c9247a4aa1f72f694aaaab6a5c63299fc80f44b6a9c,536934,81 daily files 20260101..20260331
locationid=3409510/year=2026.zip,https://openaq-data-archive.s3.amazonaws.com/records/csv.gz/locationid=3409510/year=2026/,members-sha256:d5df34e820ddfd6fcc90c40bc4c4cc4350b5993a605c7d638da977bfbffc55ff,2026-09-26T07:11:21+00:00,d030724f5d4e11eb513486b881259463c525f4dd650666ec6383992bb75d5c43,433409,81 daily files 20260101..20260331
locationid=3409494/year=2025.zip,https://openaq-data-archive.s3.amazonaws.com/records/csv.gz/locationid=3409494/year=2025/,members-sha256:fcd19ee2ea0b5f4da4c87fc0ddd642dbf923d758b3a81b9b7944ea6627814c91,2026-09-26T07:11:21+00:00,5e5efa18d46aa8b2ca432de6b8318cb326695393acf3a78a6269bec0629fa99c,1421691,315 daily files 20250219..20251231
locationid=3409495/year=2025.zip,https://openaq-data-archive.s3.amazonaws.com/records/csv.gz/locationid=3409495/year=2025/,members-sha256:0e17186c0f6020413f858c55d69c335d10a225275adeab8add753b50b4c74153,2026-09-26T07:11:23+00:00,65127461ff31fa11e1eebee09628f7dd5d75849fce55d86d21e004754909c8d3,1464360,315 daily files 20250219..20251231
locationid=3409511/year=2026.zip,https://openaq-data-archive.s3.amazonaws.com/records/csv.gz/locationid=3409511/year=2026/,members-sha256:4fcdc93420afa006ef7f116d61050b0e19d7087488f01f47159ba5c146f09852,2026-09-26T07:11:25+00:00,4be797cea7ef038c9afbe31b5873dc1faa49ca15d8de9907002212ec3be29b36,491714,80 daily files 20260101..20260331
locationid=3409498/year=2025.zip,https://openaq-data-archive.s3.amazonaws.com/records/csv.gz/locationid=3409498/year=2025/,members-sha256:d8f4f663f0d66586fbb093cb8fd03c8445d14e552b560f5e400b3ded600df034,2026-09-26T07:11:28+00:00,748d3608c1e150d61e702312a7ee40cc2fc06883b07d6eb70cfc26ce994e31d9,1388455,275 daily files 20250219..20251226
locationid=3409512/year=2026.zip,https://openaq-data-archive.s3.amazonaws.com/records/csv.gz/locationid=3409512/year=2026/,members-sha256:8cd7503a4bce3d9b53374082a679e81daf6872d40fc4c551de3e05257e7560f0,2026-09-26T07:11:28+00:00,c667ee948ea0a1691daffae4cb4c4aef74f330984bb65da0e7fc83781d6ebb2b,259008,78 daily files 20260101..20260331
locationid=3409513/year=2026.zip,https://openaq-data-archive.s3.amazonaws.com/records/csv.gz/locationid=3409513/year=2026/,members-sha256:3a974fc1d126a5af0d46b1658ee4c3ff842d4f2140b39c41dc6992dfbf46ed4c,2026-09-26T07:11:35+00:00,e37875c5b28edf0b73a0d8c164b2309de89fb87303a94510a2357973e48dbefd,289827,78 daily files 20260101..20260331
locationid=3409499/year=2025.zip,https://openaq-data-archive.s3.amazonaws.com/records/csv.gz/locationid=3409499/year=2025/,members-sha256:2115d0cc70e0253d6416a5a982e677ea25fc5e723a939dbff0e21fdc3602bbee,2026-09-26T07:11:37+00:00,2a8620cb8651f2fb1e205d3dbc901a430323e7011874a25511d608e5f1779d2f,1412850,289 daily files 20250219..20251227
locationid=3409501/year=2025.zip,https://openaq-data-archive.s3.amazonaws.com/records/csv.gz/locationid=3409501/year=2025/,members-sha256:d1a3c2f9f637adf6f4a57c87abd111214e18f305f99e8aa6790e1a98b9e7be90,2026-09-26T07:11:41+00:00,1f765bc6fa9927019e39f51256354a7c75add0a1d38fafb20e1038c3591d765e,1361882,291 daily files 20250219..20251231
locationid=3409516/year=2026.zip,https://openaq-data-archive.s3.amazonaws.com/records/csv.gz/locationid=3409516/year=2026/,members-sha256:c41c9403556acf4b6eb9ffa9ec41a08ee7c30ae939e343f6d83b191e74c689e8,2026-09-26T07:11:41+00:00,52806e710f192ade5662aaaccc8c8162a7528bffb3fa8ef4aefb06ad38342e02,89003,43 daily files 20260102..20260331
locationid=3409514/year=2026.zip,https://openaq-data-archive.s3.amazonaws.com/records/csv.gz/locationid=3409514/year=2026/,members-sha256:6894fb54447a679d9c01d970921ba4bc87a1824eb396ac69baca0cebbcb0e8f3,2026-09-26T07:11:41+00:00,d8805e44ecc43f678952a52290f9ea314a081800072d9921b0f68316721dbe54,528371,81 daily files 20260101..20260331
locationid=3409517/year=2025.zip,https://openaq-data-archive.s3.amazonaws.com/records/csv.gz/locationid=3409517/year=2025/,members-sha256:8830a00db95f10d4046ea3635522723a19ce2214ed1e594195e3c40dfa4eaf6e,2026-09-26T07:11:43+00:00,9a94dd586483e5258d5093dcb32ff14220e1c8a7f3d9f0863ce79471b9d83480,154371,38 daily files 20250219..20251211
locationid=3409515/year=2026.zip,https://openaq-data-archive.s3.amazonaws.com/records/csv.gz/locationid=3409515/year=2026/,members-sha256:44682b55000538b8e55e20cec595aa991bc9c1ba20a5b00bffb7f03036f37611,2026-09-26T07:11:46+00:00,e95b344bc1f13667b833899d723ba3610696840c3036fb3c5baa7508840ef582,407184,81 daily files 20260101..20260331
locationid=3409503/year=2025.zip,https://openaq-data-archive.s3.amazonaws.com/records/csv.gz/locationid=3409503/year=2025/,members-sha256:7c0673b05aee5d98555b541c74f276cb5d274fdda8a49ff1cac825ea3cceb759,2026-09-26T07:11:56+00:00,64bc487b1d0d7f9232eb514b7f7eb185c6f77d853587fdf71e2fdc6f85f7c1d9,1444643,314 daily files 20250219..20251231
locationid=3409504/year=2025.zip,https://openaq-data-archive.s3.amazonaws.com/records/csv.gz/locationid=3409504/year=2025/,members-sha256:0fe5949bfb0ad4a7e42dc1ab58859e161423481d45bcd9c4132d0f991ca481e2,2026-09-26T07:12:02+00:00,d970747c13d4e7c3180b75c1f13b23cf340e517aa05efba5d367f8ce31aad52d,1475376,314 daily files 20250219..20251231
locationid=3409518/year=2026.zip,https://openaq-data-archive.s3.amazonaws.com/records/csv.gz/locationid=3409518/year=2026/,members-sha256:20fccca74695b7be121dcdf697f5162c18822454dce7df017869cc547bdeb8cc,2026-09-26T07:12:03+00:00,fe64940e8c04a2df1cc98555a2ce222c1e037d276cdaf0250a9fe3f22092159b,345045,81 daily files 20260101..20260331
locationid=3409519/year=2026.zip,https://openaq-data-archive.s3.amazonaws.com/records/csv.gz/locationid=3409519/year=2026/,members-sha256:62c3b208f045df980e30ada7b3d2789a9054b48813f14238d6d9d4eae284d9a4,2026-09-26T07:12:08+00:00,030cd6e6407a16e20cfabdf8cb6112d9915193f34ad6f51150c0ba4c6721e2f5,452455,81 daily files 20260101..20260331
locationid=3409520/year=2026.zip,https://openaq-data-archive.s3.amazonaws.com/records/csv.gz/locationid=3409520/year=2026/,members-sha256:2ded1daa9020ad8c822edbdec2030e8571f2760a2c407bce01f5daa218de7f2e,2026-09-26T07:12:12+00:00,5dbd9de73b1e506e2b83d286f96c0b9d30b2a56af1706442666fff5c53cd130e,552072,81 daily files 20260101..20260331
locationid=3409505/year=2025.zip,https://openaq-data-archive.s3.amazonaws.com/records/csv.gz/locationid=3409505/year=2025/,members-sha256:62e144680c9b926f4bed8e10066ede5e95d954b4a36f1047c958c14f7c4081f6,2026-09-26T07:12:12+00:00,1e658932136f4a39d3220bc3f6330e8c5df782b98e0f3c1ccd91c0fdf848ba6b,1445860,313 daily files 20250219..20251231
locationid=3409506/year=2025.zip,https://openaq-data-archive.s3.amazonaws.com/records/csv.gz/locationid=3409506/year=2025/,members-sha256:a5e854a9a25dcb1fbaa257dd40cd460789209b60e76f5a507bbcad42d183b107,2026-09-26T07:12:14+00:00,872fb4ca6e9ad40550c62fda0ae063a6e55393160bf419e8baf2e427b165cc13,1409929,311 daily files 20250219..20251231
locationid=3409521/year=2026.zip,https://openaq-data-archive.s3.amazonaws.com/records/csv.gz/locationid=3409521/year=2026/,members-sha256:695ff95224377afacc0332772daaf2ba72177f44e950ef55bd250795e9df0956,2026-09-26T07:12:17+00:00,5c5ca69098510d1314451c7d79f2c5ae965be758379afd3bf60721f56a92ec9f,564038,81 daily files 20260101..20260331
locationid=3409507/year=2025.zip,https://openaq-data-archive.s3.amazonaws.com/records/csv.gz/locationid=3409507/year=2025/,members-sha256:f7b71b6ed716aa540b3b1ec89213db662508529ddb15b5ec7827118eb71d1564,2026-09-26T07:12:20+00:00,1d9a1424d502a08d6eb0249b6df3f6e4b73ae3153fc46f5269582c342ec3e2a3,1400703,312 daily files 20250219..20251231
locationid=3409522/year=2026.zip,https://openaq-data-archive.s3.amazonaws.com/records/csv.gz/locationid=3409522/year=2026/,members-sha256:4e9ed7042287fb383647142c1c4ff491535b055edd013b0d92ef9dde90c9b09f,2026-09-26T07:12:21+00:00,17dab4ad0c1dc8434307b89de106675cf64a01e6560d18aeb222d79e8affc3a1,558076,81 daily files 20260101..20260331
locationid=3409508/year=2025.zip,https://openaq-data-archive.s3.amazonaws.com/records/csv.gz/locationid=3409508/year=2025/,members-sha256:92dfac1a0b8af0171fda76fd19d30403241753d263eee97f8d8b3a4bb4757ce3,2026-09-26T07:12:27+00:00,cd7495556f30db2cf911d629536da992c68557b01e0d93ad7518970c6941e533,1400188,313 daily files 20250219..20251231
locationid=3409523/year=2026.zip,https://openaq-data-archive.s3.amazonaws.com/records/csv.gz/locationid=3409523/year=2026/,members-sha256:21420cfef094cfae996f3449d057c93ec1c2c6dbbbc04d0abf9fec9bd70bf8f8,2026-09-26T07:12:30+00:00,9bb2db30ef9cde94c467a5e130406a98b81e95a71b30cdd7043f9baf532ca40d,356050,75 daily files 20260101..20260331
locationid=3409509/year=2025.zip,https://openaq-data-archive.s3.amazonaws.com/records/csv.gz/locationid=3409509/year=2025/,members-sha256:bd64ed585108b73b2d12d0663bc63a7d281a79db626a1f7948c0cfc6b7787c8a,2026-09-26T07:12:37+00:00,c099d6f8b73c859c27afc79d6b5b733265710ff763b40f477c085dff27ba99be,1822160,313 daily files 20250219..20251231
locationid=3409510/year=2025.zip,https://openaq-data-archive.s3.amazonaws.com/records/csv.gz/locationid=3409510/year=2025/,members-sha256:b5a3547858cdc4beb24821a29cf8057968aa552d7b7c92da0f1d145a572d639b,2026-09-26T07:12:40+00:00,3a47f0110018e4b9a6f0681192b76779f561f9927b5f3156c77503bd44413053,1535718,303 daily files 20250219..20251231
locationid=3410003/year=2026.zip,https://openaq-data-archive.s3.amazonaws.com/records/csv.gz/locationid=3410003/year=2026/,members-sha256:ce98a5a5418ef664e1bb750d05a45e415a6e0a1abb9fad5f3ead8d7b6934bba0,2026-09-26T07:12:40+00:00,331c0e315aba87ffb28f2e60ef042013a98630d548c86507288a9c27db798228,31540,16 daily files 20260106..20260326
locationid=3409525/year=2026.zip,https://openaq-data-archive.s3.amazonaws.com/records/csv.gz/locationid=3409525/year=2026/,members-sha256:f39b6c73343ed480af343397b86c09d6198bd5c84f96540e52324d4b00d1778d,2026-09-26T07:12:41+00:00,47b54fe3d5414e4e55f4c603a178454c0cac8ada488c35682c71b9eea68547b9,565451,81 daily files 20260101..20260331
locationid=3409513/year=2025.zip,https://openaq-data-archive.s3.amazonaws.com/records/csv.gz/locationid=3409513/year=2025/,members-sha256:4c82edf1fc661043967859ec74aa268ed3d9df9122098c4e97a1d3ec5597e812,2026-09-26T07:12:43+00:00,ff1600310a1573e2b167b6d2cea2efd4477b80d2ebf89a5b134a14c42c9ae233,881678,278 daily files 20250219..20251231
locationid=3409511/year=2025.zip,https://openaq-data-archive.s3.amazonaws.com/records/csv.gz/locationid=3409511/year=2025/,members-sha256:a55ef73e02a99d1e50b7eff440f3ffc56ff8e87506abec671e8ed94ab23ca0e1,2026-09-26T07:12:44+00:00,3dc182b6021f165a312730137ce807ddbc863fc6e02b0860f1db8f6fce041653,1602602,306 daily files 20250219..20251231
locationid=3409512/year=2025.zip,https://openaq-data-archive.s3.amazonaws.com/records/csv.gz/locationid=3409512/year=2025/,members-sha256:4cf81319ec538db5bb698548db6e3623fb133ebf65ef959aedc8b2b38fbd1237,2026-09-26T07:12:44+00:00,2b4ab604848ffe0017b52ef5c60a346dd13b6b8bf732b000fbdf866a394ff151,1326615,304 daily files 20250219..20251231
locationid=3409526/year=2026.zip,https://openaq-data-archive.s3.amazonaws.com/records/csv.gz/locationid=3409526/year=2026/,members-sha256:779709112567b5300e091fca18ac146c4f8bb7102335af6816560dbbfed5d2a2,2026-09-26T07:12:45+00:00,1f2def483cd1d3e5cb810e33c6ce0d8648425e9a53e5ac882552f5cfdb674d37,479423,81 daily files 20260101..20260331
locationid=3409527/year=2026.zip,https://openaq-data-archive.s3.amazonaws.com/records/csv.gz/locationid=3409527/year=2026/,members-sha256:b30c02242b28455f01d05722c2f1f98b5c9e5a78937c91fa24a377e0217233db,2026-09-26T07:12:50+00:00,88b62f73b4f4ebf0c4d3b1735519fed98efe06508a49bba0ff2af5e20dce1ca1,411114,80 daily files 20260101..20260331
locationid=3409528/year=2026.zip,https://openaq-data-archive.s3.amazonaws.com/records/csv.gz/locationid=3409528/year=2026/,members-sha256:3cee97136d67cdbd215dc64e94ed2afdfb31400f794db8e197d0ad80964b55ac,2026-09-26T07:12:54+00:00,ffb53e0bce81f0b8f59000544be2f5e8f5153958ff7c937e6910b97284123643,299075,79 daily files 20260101..20260331
locationid=3409514/year=2025.zip,https://openaq-data-archive.s3.amazonaws.com/records/csv.gz/locationid=3409514/year=2025/,members-sha256:dc44c712ae6f56bb95aadfbde2bfbb642765c6be45d8a8731b5efa943d244dc4,2026-09-26T07:12:56+00:00,42be34b34449ef665b5b9006eec793d3dec8f9eefa71c77fee6ee1d9855956db,1617238,302 daily files 20250219..20251231
locationid=3409515/year=2025.zip,https://openaq-data-archive.s3.amazonaws.com/records/csv.gz/locationid=3409515/year=2025/,members-sha256:97db20eccf608017694d8319c8f0b9dbd82bd0d1f74888da9407c946989f09ec,2026-09-26T07:13:06+00:00,6b021d35e95eb17f0d44c479498f555721c78eb2d41cf8509d9147aa66555158,1344563,314 daily files 20250219..20251231
locationid=3410004/year=2026.zip,https://openaq-data-archive.s3.amazonaws.com/records/csv.gz/locationid=3410004/year=2026/,members-sha256:a91b4981ad6aee3888bd2b5a5e246cd23f3eb175d28f0573effc9f0528e88ac2,2026-09-26T07:13:10+00:00,7a85f310a5cdc1b2d1746258492cccf73596187cba78b50c6e9d647b67051f35,520122,81 daily files 20260101..20260331
locationid=3409516/year=2025.zip,https://openaq-data-archive.s3.amazonaws.com/records/csv.gz/locationid=3409516/year=2025/,members-sha256:d55b2edccf21379a29f18a5e2a91b93948a479627d119bda34e88915f54a1336,2026-09-26T07:13:11+00:00,783f6d85c417db81eb8226957bcdac618782f1f119a556494ce696b1c8f47585,509462,293 daily files 20250219..20251215
locationid=3410005/year=2026.zip,https://openaq-data-archive.s3.amazonaws.com/records/csv.gz/locationid=3410005/year=2026/,members-sha256:827795069a158c67f5046c8ee1c5e0740e6efb999269438cdc1fc459461549cc,2026-09-26T07:13:12+00:00,ff1d90bdba906675d6098075b8dc68b0152b4ad42304bf5637c2d622acc14a37,413738,74 daily files 20260105..20260331
locationid=3409518/year=2025.zip,https://openaq-data-archive.s3.amazonaws.com/records/csv.gz/locationid=3409518/year=2025/,members-sha256:0be0324c266103ae2074c3e881bc16e3cb7f1f28cebf48e31d894713506fedd8,2026-09-26T07:13:22+00:00,66aab92419746ee2bc111b91686ccf27723e74df7f90396c8042dc29c6fb1624,1370600,309 daily files 20250219..20251231
locationid=3409519/year=2025.zip,https://openaq-data-archive.s3.amazonaws.com/records/csv.gz/locationid=3409519/year=2025/,members-sha256:1eef532d4eb8f24d2545c5a7b1e9294c3e2bbd7925560ce3fceb54b4cb2217a1,2026-09-26T07:13:29+00:00,96aea891d1d06de14831f820972f56a53881d5f58c505ed85f4e5487136780e8,1464372,313 daily files 20250219..20251231
locationid=3409520/year=2025.zip,https://openaq-data-archive.s3.amazonaws.com/records/csv.gz/locationid=3409520/year=2025/,members-sha256:f2e4a2cc14b7a90c0909a32532f91b4e1e60d9ebe37a9048f5e56ee4bc4d5765,2026-09-26T07:13:33+00:00,cd790c49d8d455ad5cf13719c56b0e82603eeb2219c5f53f2df20bf255702e69,1801885,312 daily files 20250219..20251231
locationid=3410003/year=2025.zip,https://openaq-data-archive.s3.amazonaws.com/records/csv.gz/locationid=3410003/year=2025/,members-sha256:2e64b2a8b2abae028cedfb72b6eefa1e5641dab415f03b229b8b01a025d1b443,2026-09-26T07:13:34+00:00,48050271440af4e79d27c5e45aaa5563b702a9b3d1584e9b268656ce417c7a60,739679,180 daily files 20250219..20251229
locationid=3409521/year=2025.zip,https://openaq-data-archive.s3.amazonaws.com/records/csv.gz/locationid=3409521/year=2025/,members-sha256:41fed3cb44d5de48e4f595e9ba91fa4468e06ce769412887e7d2f68a48bd26fd,2026-09-26T07:13:36+00:00,b499b265a9785b57bf9a27087fa2163b67ee8fc01564050a610d3c35c45deed3,1867902,315 daily files 20250219..20251231
locationid=3409522/year=2025.zip,https://openaq-data-archive.s3.amazonaws.com/records/csv.gz/locationid=3409522/year=2025/,members-sha256:1b4934ffd4ad225f3c2b5a31a93c153cdbd6da357193dd9ce3e99305ff26121c,2026-09-26T07:13:45+00:00,95fa807c3e135dc55d61b4808d48ed0f50054795b0660e46c098140f72d352bb,1834167,314 daily files 20250219..20251231
locationid=3410005/year=2025.zip,https://openaq-data-archive.s3.amazonaws.com/records/csv.gz/locationid=3410005/year=2025/,members-sha256:526711a55dc105bf7ecdb4b12bab3c91cd28a6cf19cdbd46c89443aff63273c1,2026-09-26T07:13:48+00:00,ec728534ebc5f4e4bdecf5b9e6892ec5ba9b1bb0e8db492e16478095a4005c5f,696580,175 daily files 20250219..20251231
locationid=3409523/year=2025.zip,https://openaq-data-archive.s3.amazonaws.com/records/csv.gz/locationid=3409523/year=2025/,members-sha256:e15c503cd4013e5816c559c9f70bf151a7a3c44cc6e39233cede4bf98bd967c1,2026-09-26T07:13:54+00:00,1e8d1a92db9cc61ad3126828eb1435f8b49c33c89f45dbeff8a6a9c2964876c7,1372282,312 daily files 20250219..20251231
locationid=3409525/year=2025.zip,https://openaq-data-archive.s3.amazonaws.com/records/csv.gz/locationid=3409525/year=2025/,members-sha256:7e2896533b898e0c2579aa437fa42a8065f875745957251b7131abf1faf44c61,2026-09-26T07:14:00+00:00,c6d3ef126d0344c5bb258313512bfa39b77ded8bb67201e6f3da30fda9fc44cc,1838749,308 daily files 20250219..20251231
locationid=3409526/year=2025.zip,https://openaq-data-archive.s3.amazonaws.com/records/csv.gz/locationid=3409526/year=2025/,members-sha256:e06ddee5d50e95e6ee830ed9f4dd6144e53b6c90fb5d2abcd2f7b3ac91b48a84,2026-09-26T07:14:02+00:00,ad22d4101c13247b78e49caafe9cbef7585c943c67f165946bade30c269fd4b4,1468605,308 daily files 20250219..20251231
locationid=3409527/year=2025.zip,https://openaq-data-archive.s3.amazonaws.com/records/csv.gz/locationid=3409527/year=2025/,members-sha256:b6a5709556ea9b1a461c4b333e40065bb5338ec88ba3a84dfb0997704b1cd026,2026-09-26T07:14:05+00:00,11c73fcf02991686475196257a036405593361c59dd0d1b1e6ee85a4ce0f756f,1292227,301 daily files 20250219..20251231
locationid=3409528/year=2025.zip,https://openaq-data-archive.s3.amazonaws.com/records/csv.gz/locationid=3409528/year=2025/,members-sha256:e2f5f4e08a30a035299a95b91201dafbb1da3895fecb7e8e4a261c589452d94e,2026-09-26T07:14:15+00:00,eaa8311869cc52f7fd7515240a52ca65b52b5c407022bdda2b95858918c6a757,1065921,306 daily files 20250219..20251231
locationid=3410004/year=2025.zip,https://openaq-data-archive.s3.amazonaws.com/records/csv.gz/locationid=3410004/year=2025/,members-sha256:21b015698dc02a3a29a343578457012d4d1c1eefd9fac43aafbafaefb5e95cb9,2026-09-26T07:14:31+00:00,7f7e534c3039cc31aad775789c4a9d6cd0bfa895ea071b19804f26804da8991e,1610589,301 daily files 20250219..20251231
