file,url,remote_id,downloaded_utc,sha256,bytes,notes
V5GL06/GWRPM25/Annual/Asia/V5GL06.HybridPM25.Asia.200801-200812.nc,https://satpmdata.s3.amazonaws.com/V5GL06/GWRPM25/Annual/Asia/V5GL06.HybridPM25.Asia.200801-200812.nc,bd905fca5a32c4aa54f9cdfd0411074f-3,2026-09-26T04:44:00+00:00,3c4bb075d4ae3243fcc70d3929dc7c741b78bff1a58e381de06369fd7665be4d,17981365,primary annual 0.01; s3 last_modified 2026-09-22T20:35:16.000Z
V5GL06/GWRPM25/Annual/Asia/V5GL06.HybridPM25.Asia.200701-200712.nc,https://satpmdata.s3.amazonaws.com/V5GL06/GWRPM25/Annual/Asia/V5GL06.HybridPM25.Asia.200701-200712.nc,c9840ec853c730478f9789b471061150-3,2026-09-26T04:44:00+00:00,a364f1dbe820960b28d4da192196e43a933c07f795ea32847cd1af629851f2ac,17860081,primary annual 0.01; s3 last_modified 2026-09-22T20:35:16.000Z
V5GL06/GWRPM25/Annual/Asia/V5GL06.HybridPM25.Asia.200601-200612.nc,https://satpmdata.s3.amazonaws.com/V5GL06/GWRPM25/Annual/Asia/V5GL06.HybridPM25.Asia.200601-200612.nc,82236b91aeb6919311bcd64a27799563-3,2026-09-26T04:44:01+00:00,833d6a170217e9658ace92bd280e45e5b1cb4559e32f1b1f4427481d5f412b42,17674516,primary annual 0.01; s3 last_modified 2026-09-22T20:35:16.000Z
V5GL06/GWRPM25/Annual/Asia/V5GL06.HybridPM25.Asia.200501-200512.nc,https://satpmdata.s3.amazonaws.com/V5GL06/GWRPM25/Annual/Asia/V5GL06.HybridPM25.Asia.200501-200512.nc,70c44431904dc0e698a49f7664cd50a8-2,2026-09-26T04:44:09+00:00,d90443734fd1f1a0a3021cbd14de9491fdedb71b6d632a53e7b1635e742775a3,16435813,primary annual 0.01; s3 last_modified 2026-09-22T20:35:15.000Z
V5GL06/GWRPM25/Annual/Asia/V5GL06.HybridPM25.Asia.200901-200912.nc,https://satpmdata.s3.amazonaws.com/V5GL06/GWRPM25/Annual/Asia/V5GL06.HybridPM25.Asia.200901-200912.nc,deada0b8b4f067128a7e830dead6dbdd-3,2026-09-26T04:44:15+00:00,d434214fefae515b7018cf8424e0c3ede63f0aedb3ef8e5ebc116c5d4b0ebaac,18134642,primary annual 0.01; s3 last_modified 2026-09-22T20:35:16.000Z
V5GL06/GWRPM25/Annual/Asia/V5GL06.HybridPM25.Asia.201001-201012.nc,https://satpmdata.s3.amazonaws.com/V5GL06/GWRPM25/Annual/Asia/V5GL06.HybridPM25.Asia.201001-201012.nc,979fd5f4f4d44a2ace9ac8dcf89195f5-3,2026-09-26T04:44:21+00:00,a10a98065a6c13497047c5e15c79a5ce359438422f0fa9849e6f19ced479c2a4,18038179,primary annual 0.01; s3 last_modified 2026-09-22T20:35:16.000Z
V5GL06/GWRPM25/Annual/Asia/V5GL06.HybridPM25.Asia.201101-201112.nc,https://satpmdata.s3.amazonaws.com/V5GL06/GWRPM25/Annual/Asia/V5GL06.HybridPM25.Asia.201101-201112.nc,3a8fd551107d25a2a95697e9a3f84f75-3,2026-09-26T04:44:39+00:00,358d8b161717b4891271a181e63ab9dcb1c73d4d617f8f1f9db568210d9ccc99,18172011,primary annual 0.01; s3 last_modified 2026-09-22T20:35:16.000Z
V5GL06/GWRPM25/Annual/Asia/V5GL06.HybridPM25.Asia.201301-201312.nc,https://satpmdata.s3.amazonaws.com/V5GL06/GWRPM25/Annual/Asia/V5GL06.HybridPM25.Asia.201301-201312.nc,0d31a726aba59ece8cf1e41bced93884-3,2026-09-26T04:44:44+00:00,a8af75446c52e392207413b50ef6cb29151401aa391048c87d3a256713ad977a,18091369,primary annual 0.01; s3 last_modified 2026-09-22T20:35:17.000Z
V5GL06/GWRPM25/Annual/Asia/V5GL06.HybridPM25.Asia.201201-201212.nc,https://satpmdata.s3.amazonaws.com/V5GL06/GWRPM25/Annual/Asia/V5GL06.HybridPM25.Asia.201201-201212.nc,f89f8ab68e964361b2f9f686803ac793-3,2026-09-26T04:44:45+00:00,935d3148c32f547c8aa693867d8851f72b0db1f142240d9c6aa052cd94194e8c,18351991,primary annual 0.01; s3 last_modified 2026-09-22T20:35:17.000Z
V5GL06/GWRPM25/Annual/Asia/V5GL06.HybridPM25.Asia.201401-201412.nc,https://satpmdata.s3.amazonaws.com/V5GL06/GWRPM25/Annual/Asia/V5GL06.HybridPM25.Asia.201401-201412.nc,aa9ce80f6f714bd098b48ddecb7fb6cc-3,2026-09-26T04:44:51+00:00,d6fad45cf43f1166030f6050ab4f3a19a4eb98b95e08bb086c6304667a712dc0,18937312,primary annual 0.01; s3 last_modified 2026-09-22T20:35:17.000Z
V5GL06/GWRPM25/Annual/Asia/V5GL06.HybridPM25.Asia.201801-201812.nc,https://satpmdata.s3.amazonaws.com/V5GL06/GWRPM25/Annual/Asia/V5GL06.HybridPM25.Asia.201801-201812.nc,4d95e8e51385cea20c704093a62a9584-3,2026-09-26T04:45:09+00:00,4983c898b140a192ca9c9cc45509b0ab28ccb58b7c0d8eab68164be21789c8e5,19519126,primary annual 0.01; s3 last_modified 2026-09-22T20:35:17.000Z
V5GL06/GWRPM25/Annual/Asia/V5GL06.HybridPM25.Asia.201701-201712.nc,https://satpmdata.s3.amazonaws.com/V5GL06/GWRPM25/Annual/Asia/V5GL06.HybridPM25.Asia.201701-201712.nc,9b0fa74a416c77c879d580dc44b7b2a2-3,2026-09-26T04:45:42+00:00,895add14fbc43e2733785455a44518c44eab37f541a10df49efe7540eca49d56,19797621,primary annual 0.01; s3 last_modified 2026-09-22T20:35:17.000Z
V5GL06/GWRPM25/Annual/Asia/V5GL06.HybridPM25.Asia.201501-201512.nc,https://satpmdata.s3.amazonaws.com/V5GL06/GWRPM25/Annual/Asia/V5GL06.HybridPM25.Asia.201501-201512.nc,c9b6b7b0cb32f03d2590db7959a1fd4a-3,2026-09-26T04:45:42+00:00,73fccde12ae8f6c6d74f20a46a957864c27e474484d2e686bf650b89c3857824,19150974,primary annual 0.01; s3 last_modified 2026-09-22T20:35:17.000Z
V5GL06/GWRPM25/Annual/Asia/V5GL06.HybridPM25.Asia.201601-201612.nc,https://satpmdata.s3.amazonaws.com/V5GL06/GWRPM25/Annual/Asia/V5GL06.HybridPM25.Asia.201601-201612.nc,10ba21cfdbd47baf120e46fa5defc9a2-3,2026-09-26T04:46:09+00:00,2b87fe073aca547fe3855dd95235715efdf7457ff7142e92da9a1a6e9bc1678a,19624177,primary annual 0.01; s3 last_modified 2026-09-22T20:35:17.000Z
V5GL06/GWRPM25/Annual/Asia/V5GL06.HybridPM25.Asia.201901-201912.nc,https://satpmdata.s3.amazonaws.com/V5GL06/GWRPM25/Annual/Asia/V5GL06.HybridPM25.Asia.201901-201912.nc,9f05f589d9606067c560e69ee3f99289-3,2026-09-26T04:46:27+00:00,d51ec08d26dc9d25e65496edadd86e273b8a38a63830373d2d831840bb2de6b1,19470787,primary annual 0.01; s3 last_modified 2026-09-22T20:35:18.000Z
V5GL06/GWRPM25/Annual/Asia/V5GL06.HybridPM25.Asia.202101-202112.nc,https://satpmdata.s3.amazonaws.com/V5GL06/GWRPM25/Annual/Asia/V5GL06.HybridPM25.Asia.202101-202112.nc,fc431ea6e3818a7d5fcfcdecb8e8454d-3,2026-09-26T04:46:41+00:00,232d78706c4f060e106a194e7f40396a2681d5110c63089d913c8eb29f54a2e6,19086720,primary annual 0.01; s3 last_modified 2026-09-22T20:35:18.000Z
V5GL06/GWRPM25/Annual/Asia/V5GL06.HybridPM25.Asia.202001-202012.nc,https://satpmdata.s3.amazonaws.com/V5GL06/GWRPM25/Annual/Asia/V5GL06.HybridPM25.Asia.202001-202012.nc,c5169a9de0a69c3cd29f8e10b594f937-3,2026-09-26T04:46:44+00:00,296b1aa349f6cd952db419c1d3b631b93d41ac3014d04f6a5fbe0185a637873b,19538669,primary annual 0.01; s3 last_modified 2026-09-22T20:35:18.000Z
V5GL06/GWRPM25Uncertainty/Annual/Asia/V5GL06.HybridPM25E.Asia.200501-200512.nc,https://satpmdata.s3.amazonaws.com/V5GL06/GWRPM25Uncertainty/Annual/Asia/V5GL06.HybridPM25E.Asia.200501-200512.nc,88e33a77bf633dfae57f228e926e1b64-2,2026-09-26T04:47:12+00:00,3061b5156ca7229c937673fc23894af22eecf2e6ec2c03188b2185bcd9481b96,9141938,primary annual uncertainty 0.01; s3 last_modified 2026-09-22T20:42:49.000Z
V5GL06/GWRPM25/Annual/Asia/V5GL06.HybridPM25.Asia.202201-202212.nc,https://satpmdata.s3.amazonaws.com/V5GL06/GWRPM25/Annual/Asia/V5GL06.HybridPM25.Asia.202201-202212.nc,0ab77f29394dba5e897c4a021c66b108-3,2026-09-26T04:47:20+00:00,01862b35fe1ee41c48ea25ed47f9454d4db6fd3c1e4982da86147bc67a9ac75e,19189108,primary annual 0.01; s3 last_modified 2026-09-22T20:35:18.000Z
V5GL06/GWRPM25/Annual/Asia/V5GL06.HybridPM25.Asia.202301-202312.nc,https://satpmdata.s3.amazonaws.com/V5GL06/GWRPM25/Annual/Asia/V5GL06.HybridPM25.Asia.202301-202312.nc,41d135c38eae040ecf817ec0b5da7c32-3,2026-09-26T04:47:23+00:00,30ecbd992b893c56b160d0e9d092ab5311172ba7f1ef56812f6b7dfc7d09aa22,19167360,primary annual 0.01; s3 last_modified 2026-09-22T20:35:18.000Z
V5GL06/GWRPM25/Annual/Asia/V5GL06.HybridPM25.Asia.202401-202412.nc,https://satpmdata.s3.amazonaws.com/V5GL06/GWRPM25/Annual/Asia/V5GL06.HybridPM25.Asia.202401-202412.nc,1be138c70ef0595634378eedd61f6469-3,2026-09-26T04:47:36+00:00,2b07ad074adeb3e4c25eef4a141f3dafea1a805c2fb52c522ddda26dbd3d95bc,18861830,primary annual 0.01; s3 last_modified 2026-09-22T20:35:18.000Z
V5GL06/GWRPM25Uncertainty/Annual/Asia/V5GL06.HybridPM25E.Asia.200701-200712.nc,https://satpmdata.s3.amazonaws.com/V5GL06/GWRPM25Uncertainty/Annual/Asia/V5GL06.HybridPM25E.Asia.200701-200712.nc,c5058047d3d1390c4c7125811a5a22fc-2,2026-09-26T04:47:59+00:00,c2ca24dec2e5cf5a381a13b92c9fcbd6472d93e9db13227ab554750e085a8f16,9483937,primary annual uncertainty 0.01; s3 last_modified 2026-09-22T20:42:49.000Z
V5GL06/GWRPM25Uncertainty/Annual/Asia/V5GL06.HybridPM25E.Asia.200901-200912.nc,https://satpmdata.s3.amazonaws.com/V5GL06/GWRPM25Uncertainty/Annual/Asia/V5GL06.HybridPM25E.Asia.200901-200912.nc,5c6f74b9a936dcb1ec4819b32538d05e-2,2026-09-26T04:47:59+00:00,ed70d926fb3c49972081a4e27540e512361f8c172f6f842fab587b0540784fed,9779849,primary annual uncertainty 0.01; s3 last_modified 2026-09-22T20:42:50.000Z
V5GL06/GWRPM25Uncertainty/Annual/Asia/V5GL06.HybridPM25E.Asia.200601-200612.nc,https://satpmdata.s3.amazonaws.com/V5GL06/GWRPM25Uncertainty/Annual/Asia/V5GL06.HybridPM25E.Asia.200601-200612.nc,e9f4e7ae96a7ea73b6d561efe97cd460-2,2026-09-26T04:48:05+00:00,c66f46332c61a54ffed7a097873275d19bc146edc1c8c50b38db7a835ec45ec1,9914015,primary annual uncertainty 0.01; s3 last_modified 2026-09-22T20:42:49.000Z
V5GL06/GWRPM25Uncertainty/Annual/Asia/V5GL06.HybridPM25E.Asia.200801-200812.nc,https://satpmdata.s3.amazonaws.com/V5GL06/GWRPM25Uncertainty/Annual/Asia/V5GL06.HybridPM25E.Asia.200801-200812.nc,4bd0786458cf2da2c464acf4afd8276b-2,2026-09-26T04:48:08+00:00,ea3c03c6caad6aa8cbb496422e1f1d91f91000b26aa76d345b8cdf7c3b08684b,9502968,primary annual uncertainty 0.01; s3 last_modified 2026-09-22T20:42:50.000Z
V5GL06/GWRPM25Uncertainty/Annual/Asia/V5GL06.HybridPM25E.Asia.201101-201112.nc,https://satpmdata.s3.amazonaws.com/V5GL06/GWRPM25Uncertainty/Annual/Asia/V5GL06.HybridPM25E.Asia.201101-201112.nc,196aaa1c3b3bde413eaad8f7f029803e-2,2026-09-26T04:48:27+00:00,4a0bd4ab8a37367bfbf942cd057cc8da910329d7598fdacfd9bdfa22e26193d6,9846383,primary annual uncertainty 0.01; s3 last_modified 2026-09-22T20:42:50.000Z
V5GL06/GWRPM25Uncertainty/Annual/Asia/V5GL06.HybridPM25E.Asia.201001-201012.nc,https://satpmdata.s3.amazonaws.com/V5GL06/GWRPM25Uncertainty/Annual/Asia/V5GL06.HybridPM25E.Asia.201001-201012.nc,a15d236513c429d35fef10a7d875efb5-2,2026-09-26T04:48:34+00:00,2fb214d26fcc21a4ea2534b0a47f4a38c1a75c7597bbc2722ad5738c3db7e0df,9503203,primary annual uncertainty 0.01; s3 last_modified 2026-09-22T20:42:50.000Z
V5GL06/GWRPM25Uncertainty/Annual/Asia/V5GL06.HybridPM25E.Asia.201301-201312.nc,https://satpmdata.s3.amazonaws.com/V5GL06/GWRPM25Uncertainty/Annual/Asia/V5GL06.HybridPM25E.Asia.201301-201312.nc,db080a84bf004e41256ede3a0e22b8e8-2,2026-09-26T04:48:43+00:00,5894c77d5bf475bdc05d705013a39223567cea29049426cb8a3e78c14ebec5a6,8996994,primary annual uncertainty 0.01; s3 last_modified 2026-09-22T20:42:50.000Z
V5GL06/GWRPM25Uncertainty/Annual/Asia/V5GL06.HybridPM25E.Asia.201201-201212.nc,https://satpmdata.s3.amazonaws.com/V5GL06/GWRPM25Uncertainty/Annual/Asia/V5GL06.HybridPM25E.Asia.201201-201212.nc,e3f4c7b6103a34b153db1a2e39dbe2c8-2,2026-09-26T04:48:46+00:00,d1a80f31e223dbbfc27218f8ddd6b42229145208b1826f6b2e2e68c284cf772d,9407147,primary annual uncertainty 0.01; s3 last_modified 2026-09-22T20:42:50.000Z
V5GL06/GWRPM25Uncertainty/Annual/Asia/V5GL06.HybridPM25E.Asia.201401-201412.nc,https://satpmdata.s3.amazonaws.com/V5GL06/GWRPM25Uncertainty/Annual/Asia/V5GL06.HybridPM25E.Asia.201401-201412.nc,f088f4e7d26a46a64534767f93e91711-2,2026-09-26T04:48:58+00:00,eb02f0a8f4dc8daf275229c5f1e5f982a62aee2a9769e17fa4657ea7136ff511,9612641,primary annual uncertainty 0.01; s3 last_modified 2026-09-22T20:42:50.000Z
V5GL06/GWRPM25Uncertainty/Annual/Asia/V5GL06.HybridPM25E.Asia.201501-201512.nc,https://satpmdata.s3.amazonaws.com/V5GL06/GWRPM25Uncertainty/Annual/Asia/V5GL06.HybridPM25E.Asia.201501-201512.nc,088fffad0c65f8dc6884a2078a20d6db-2,2026-09-26T04:49:03+00:00,57709753af818e41a17490d3a286e564529f2f20924619cd00ad59146b2af0a8,9829648,primary annual uncertainty 0.01; s3 last_modified 2026-09-22T20:42:50.000Z
V5GL06/GWRPM25Uncertainty/Annual/Asia/V5GL06.HybridPM25E.Asia.201601-201612.nc,https://satpmdata.s3.amazonaws.com/V5GL06/GWRPM25Uncertainty/Annual/Asia/V5GL06.HybridPM25E.Asia.201601-201612.nc,c67cad087c9fb1c4f6e03514c94d1597-2,2026-09-26T04:49:16+00:00,931d06f401953040c97733195ff81cc0050c8a1025b94bfaee5dfd2ae3811339,9685311,primary annual uncertainty 0.01; s3 last_modified 2026-09-22T20:42:50.000Z
V5GL06/GWRPM25Uncertainty/Annual/Asia/V5GL06.HybridPM25E.Asia.201701-201712.nc,https://satpmdata.s3.amazonaws.com/V5GL06/GWRPM25Uncertainty/Annual/Asia/V5GL06.HybridPM25E.Asia.201701-201712.nc,a82188b486c8b37ff4d2eb6f0f93efe2-2,2026-09-26T04:49:18+00:00,b6032a23d1c2a7089aad730197365135e12a852471431d90a1cd65c2f6ddde8c,9606468,primary annual uncertainty 0.01; s3 last_modified 2026-09-22T20:42:51.000Z
V5GL06/GWRPM25Uncertainty/Annual/Asia/V5GL06.HybridPM25E.Asia.201801-201812.nc,https://satpmdata.s3.amazonaws.com/V5GL06/GWRPM25Uncertainty/Annual/Asia/V5GL06.HybridPM25E.Asia.201801-201812.nc,7e261a973a9615b223d105cc4aa888e7-2,2026-09-26T04:49:23+00:00,891f3d03d8bb5cc2b2b98697a8b4cd46f9c4fa33cad944399d4c31c556c19450,9402104,primary annual uncertainty 0.01; s3 last_modified 2026-09-22T20:42:51.000Z
V5GL06/GWRPM25Uncertainty/Annual/Asia/V5GL06.HybridPM25E.Asia.201901-201912.nc,https://satpmdata.s3.amazonaws.com/V5GL06/GWRPM25Uncertainty/Annual/Asia/V5GL06.HybridPM25E.Asia.201901-201912.nc,9c77d4b447e27aa6e4e5644836f76409-2,2026-09-26T04:49:35+00:00,0112895cc42464a23aa196b6cfefcb5b1d6889accb3cee20368c26c71e32517b,9227006,primary annual uncertainty 0.01; s3 last_modified 2026-09-22T20:42:51.000Z
V5GL06/GWRPM25Uncertainty/Annual/Asia/V5GL06.HybridPM25E.Asia.202201-202212.nc,https://satpmdata.s3.amazonaws.com/V5GL06/GWRPM25Uncertainty/Annual/Asia/V5GL06.HybridPM25E.Asia.202201-202212.nc,a53d70523cc2c0080acbbba5d7c242ff-2,2026-09-26T04:49:44+00:00,8cbead91cc82a0384808b414904166ab2a34e1e739af49c22f4b403ae6a0c444,9124023,primary annual uncertainty 0.01; s3 last_modified 2026-09-22T20:42:51.000Z
V5GL06/GWRPM25Uncertainty/Annual/Asia/V5GL06.HybridPM25E.Asia.202001-202012.nc,https://satpmdata.s3.amazonaws.com/V5GL06/GWRPM25Uncertainty/Annual/Asia/V5GL06.HybridPM25E.Asia.202001-202012.nc,24ccfce2cb55eb9f99a3e46c3f9dcf2e-2,2026-09-26T04:50:17+00:00,d3c457149a380017b2dbad44278b013e75b848975ea2eed3fa5fdb816bbfc0bc,8959683,primary annual uncertainty 0.01; s3 last_modified 2026-09-22T20:42:51.000Z
V5GL06/GWRPM25Uncertainty/Annual/Asia/V5GL06.HybridPM25E.Asia.202301-202312.nc,https://satpmdata.s3.amazonaws.com/V5GL06/GWRPM25Uncertainty/Annual/Asia/V5GL06.HybridPM25E.Asia.202301-202312.nc,3e7bd8d329b32fc747fbbadf23cf8257-2,2026-09-26T04:50:21+00:00,0e75e5bce7d6c47852a821fe35f72ecdf501c91823cefffad6d53492234594dd,9333413,primary annual uncertainty 0.01; s3 last_modified 2026-09-22T20:42:51.000Z
V5GL06/GWRPM25Uncertainty/Annual/Asia/V5GL06.HybridPM25E.Asia.202401-202412.nc,https://satpmdata.s3.amazonaws.com/V5GL06/GWRPM25Uncertainty/Annual/Asia/V5GL06.HybridPM25E.Asia.202401-202412.nc,0abd1860d224df423ef6c7e301f34a89-2,2026-09-26T04:50:24+00:00,ee79d651ca691a5a26cd522db3a9ee23ec50d30b47f96aea6357a9230c3f481f,9220279,primary annual uncertainty 0.01; s3 last_modified 2026-09-22T20:42:51.000Z
V5GL06/GWRPM25c0p05/Monthly/Asia/V5GL06.HybridPM25c_0p05.Asia.200501-200501.nc,https://satpmdata.s3.amazonaws.com/V5GL06/GWRPM25c0p05/Monthly/Asia/V5GL06.HybridPM25c_0p05.Asia.200501-200501.nc,cb9705b5a268802434964ca0f9ba353e,2026-09-26T04:50:25+00:00,f0134742a2ee262177a301e7b154e441fa5cf698f99e0ccb1d92d60c92aed8f3,1192664,primary monthly 0.05; s3 last_modified 2026-09-22T20:46:43.000Z
V5GL06/GWRPM25c0p05/Monthly/Asia/V5GL06.HybridPM25c_0p05.Asia.200502-200502.nc,https://satpmdata.s3.amazonaws.com/V5GL06/GWRPM25c0p05/Monthly/Asia/V5GL06.HybridPM25c_0p05.Asia.200502-200502.nc,ef0dee14b204d5741e8011c8f6342877,2026-09-26T04:50:30+00:00,394e32854279efc3a231b0789277a6a1c681b3c585a60ab99f225e0dde1090b0,1188511,primary monthly 0.05; s3 last_modified 2026-09-22T20:46:43.000Z
V5GL06/GWRPM25Uncertainty/Annual/Asia/V5GL06.HybridPM25E.Asia.202101-202112.nc,https://satpmdata.s3.amazonaws.com/V5GL06/GWRPM25Uncertainty/Annual/Asia/V5GL06.HybridPM25E.Asia.202101-202112.nc,a56ba710a7758fb164d2aefc25aaa4bb-2,2026-09-26T04:50:33+00:00,d60ed793a8bc53b5c6baeeeb2c1de19d5a19af38c6c160277054b828541708e4,8918535,primary annual uncertainty 0.01; s3 last_modified 2026-09-22T20:42:51.000Z
V5GL06/GWRPM25c0p05/Monthly/Asia/V5GL06.HybridPM25c_0p05.Asia.200503-200503.nc,https://satpmdata.s3.amazonaws.com/V5GL06/GWRPM25c0p05/Monthly/Asia/V5GL06.HybridPM25c_0p05.Asia.200503-200503.nc,59e0545e79104b290c8e44c15e77db8f,2026-09-26T04:50:34+00:00,3c4b7456396cd190d8283cefc81cd8cb49ef5a9c8c29efeabf205e3124be3b32,1166864,primary monthly 0.05; s3 last_modified 2026-09-22T20:46:43.000Z
V5GL06/GWRPM25c0p05/Monthly/Asia/V5GL06.HybridPM25c_0p05.Asia.200504-200504.nc,https://satpmdata.s3.amazonaws.com/V5GL06/GWRPM25c0p05/Monthly/Asia/V5GL06.HybridPM25c_0p05.Asia.200504-200504.nc,86de6878ef7a5b3e1167b1f8870f72f6,2026-09-26T04:50:39+00:00,edfbd4060f69e936d00933ce7b95df7f3be68f27c923554eb565b4c5c16d45cb,1123727,primary monthly 0.05; s3 last_modified 2026-09-22T20:46:43.000Z
V5GL06/GWRPM25c0p05/Monthly/Asia/V5GL06.HybridPM25c_0p05.Asia.200505-200505.nc,https://satpmdata.s3.amazonaws.com/V5GL06/GWRPM25c0p05/Monthly/Asia/V5GL06.HybridPM25c_0p05.Asia.200505-200505.nc,1f5f03af44a2f5f32205ddc8f6bbbe22,2026-09-26T04:50:40+00:00,49eeca18b362bf229b958c95af0dab579b7cc36000e99a131072ff942fceb3df,1085079,primary monthly 0.05; s3 last_modified 2026-09-22T20:46:43.000Z
V5GL06/GWRPM25c0p05/Monthly/Asia/V5GL06.HybridPM25c_0p05.Asia.200506-200506.nc,https://satpmdata.s3.amazonaws.com/V5GL06/GWRPM25c0p05/Monthly/Asia/V5GL06.HybridPM25c_0p05.Asia.200506-200506.nc,d563be809f8de12d6ce61975e50d6994,2026-09-26T04:50:41+00:00,508e1f10794572c6a723ff72bed1a65c411b16e669831eb6991c58a630dc4c63,1042527,primary monthly 0.05; s3 last_modified 2026-09-22T20:46:43.000Z
V5GL06/GWRPM25c0p05/Monthly/Asia/V5GL06.HybridPM25c_0p05.Asia.200507-200507.nc,https://satpmdata.s3.amazonaws.com/V5GL06/GWRPM25c0p05/Monthly/Asia/V5GL06.HybridPM25c_0p05.Asia.200507-200507.nc,ade2ebe6e160cb8eb9967fb31bdc2532,2026-09-26T04:50:42+00:00,734bdd20987a0e2e9b56c4ffaac05013755bdace5aa811b16a2d26ba961bcf24,980742,primary monthly 0.05; s3 last_modified 2026-09-22T20:46:43.000Z
V5GL06/GWRPM25c0p05/Monthly/Asia/V5GL06.HybridPM25c_0p05.Asia.200508-200508.nc,https://satpmdata.s3.amazonaws.com/V5GL06/GWRPM25c0p05/Monthly/Asia/V5GL06.HybridPM25c_0p05.Asia.200508-200508.nc,7658a0ec7091b21509cd8e5e29a81a2c,2026-09-26T04:50:44+00:00,c3f5b5eef6cd560398b71ddaa897ba463316f2d60b904f0561f35c42b086d094,979229,primary monthly 0.05; s3 last_modified 2026-09-22T20:46:43.000Z
V5GL06/GWRPM25c0p05/Monthly/Asia/V5GL06.HybridPM25c_0p05.Asia.200509-200509.nc,https://satpmdata.s3.amazonaws.com/V5GL06/GWRPM25c0p05/Monthly/Asia/V5GL06.HybridPM25c_0p05.Asia.200509-200509.nc,d13ad722a93105f7c8bce2a9863179a7,2026-09-26T04:50:48+00:00,d20953d2c7708a56aebba11a206a25bbcb49531fa74caaa4537242132a767699,1072160,primary monthly 0.05; s3 last_modified 2026-09-22T20:46:43.000Z
V5GL06/GWRPM25c0p05/Monthly/Asia/V5GL06.HybridPM25c_0p05.Asia.200510-200510.nc,https://satpmdata.s3.amazonaws.com/V5GL06/GWRPM25c0p05/Monthly/Asia/V5GL06.HybridPM25c_0p05.Asia.200510-200510.nc,45f7e6244c52bffad6772977ab8cb684,2026-09-26T04:50:49+00:00,da63740feba87bbbab887d3cb24aed16ccd525c6a1b3ade004bece019e8f4297,1158652,primary monthly 0.05; s3 last_modified 2026-09-22T20:46:43.000Z
V5GL06/GWRPM25c0p05/Monthly/Asia/V5GL06.HybridPM25c_0p05.Asia.200511-200511.nc,https://satpmdata.s3.amazonaws.com/V5GL06/GWRPM25c0p05/Monthly/Asia/V5GL06.HybridPM25c_0p05.Asia.200511-200511.nc,425848ab5cf4be8d19cf6ea65033f5ca,2026-09-26T04:50:49+00:00,4ba2dfc796a6368f12caf3d136d0321f02f8661ab66b5479fec57aff667aa6e4,1191353,primary monthly 0.05; s3 last_modified 2026-09-22T20:46:43.000Z
V5GL06/GWRPM25c0p05/Monthly/Asia/V5GL06.HybridPM25c_0p05.Asia.200602-200602.nc,https://satpmdata.s3.amazonaws.com/V5GL06/GWRPM25c0p05/Monthly/Asia/V5GL06.HybridPM25c_0p05.Asia.200602-200602.nc,1e8b4cfecce2c540002bd6ae8d28a184,2026-09-26T04:50:55+00:00,a5b77fd2f4ae12e9d231c6db550dac587e6a1c10089ae22ce1d32b74b32601b6,1212121,primary monthly 0.05; s3 last_modified 2026-09-22T20:46:43.000Z
V5GL06/GWRPM25c0p05/Monthly/Asia/V5GL06.HybridPM25c_0p05.Asia.200603-200603.nc,https://satpmdata.s3.amazonaws.com/V5GL06/GWRPM25c0p05/Monthly/Asia/V5GL06.HybridPM25c_0p05.Asia.200603-200603.nc,10ad619b2743379097017019c1d1014e,2026-09-26T04:50:57+00:00,41a3334377e6725faec74c8f8677452d9f83faeab49aaec3c3dd18b12854e102,1211301,primary monthly 0.05; s3 last_modified 2026-09-22T20:46:43.000Z
V5GL06/GWRPM25c0p05/Monthly/Asia/V5GL06.HybridPM25c_0p05.Asia.200601-200601.nc,https://satpmdata.s3.amazonaws.com/V5GL06/GWRPM25c0p05/Monthly/Asia/V5GL06.HybridPM25c_0p05.Asia.200601-200601.nc,7aa6cc916ee77cd842e688fd472036b1,2026-09-26T04:50:57+00:00,5ab95b0b641a35d59fb2367884bd25905f53604b774a45e0d73b66b093869fd1,1242717,primary monthly 0.05; s3 last_modified 2026-09-22T20:46:43.000Z
V5GL06/GWRPM25c0p05/Monthly/Asia/V5GL06.HybridPM25c_0p05.Asia.200512-200512.nc,https://satpmdata.s3.amazonaws.com/V5GL06/GWRPM25c0p05/Monthly/Asia/V5GL06.HybridPM25c_0p05.Asia.200512-200512.nc,4ceb819ecddfdb604e2a5c6cc1ebf62f,2026-09-26T04:50:58+00:00,0dbdd131779e60cb3357b38e2cc140ff0ab7f02faeec1389ee1df7c37e21b6cd,1213846,primary monthly 0.05; s3 last_modified 2026-09-22T20:46:43.000Z
V5GL06/GWRPM25c0p05/Monthly/Asia/V5GL06.HybridPM25c_0p05.Asia.200605-200605.nc,https://satpmdata.s3.amazonaws.com/V5GL06/GWRPM25c0p05/Monthly/Asia/V5GL06.HybridPM25c_0p05.Asia.200605-200605.nc,402b9df9f452a689d46b945af858a6c2,2026-09-26T04:51:05+00:00,3fe785ad9a18c88d329d60174953799fca6dda0e28951052026df29973080ffd,1137231,primary monthly 0.05; s3 last_modified 2026-09-22T20:46:43.000Z
V5GL06/GWRPM25c0p05/Monthly/Asia/V5GL06.HybridPM25c_0p05.Asia.200604-200604.nc,https://satpmdata.s3.amazonaws.com/V5GL06/GWRPM25c0p05/Monthly/Asia/V5GL06.HybridPM25c_0p05.Asia.200604-200604.nc,6399eb27015d5b29163c2642a8363236,2026-09-26T04:51:06+00:00,5e3739ff454e5114843605e1a34ab982e00859e8f9f0a84435468fbb9e97aef2,1164211,primary monthly 0.05; s3 last_modified 2026-09-22T20:46:43.000Z
V5GL06/GWRPM25c0p05/Monthly/Asia/V5GL06.HybridPM25c_0p05.Asia.200606-200606.nc,https://satpmdata.s3.amazonaws.com/V5GL06/GWRPM25c0p05/Monthly/Asia/V5GL06.HybridPM25c_0p05.Asia.200606-200606.nc,7313ceca343a53e24476aa8f75ac1eab,2026-09-26T04:51:06+00:00,aced46bffddca908bc177800748ea7753acffe771cf57a19ec6929179b303c13,1042480,primary monthly 0.05; s3 last_modified 2026-09-22T20:46:43.000Z
V5GL06/GWRPM25c0p05/Monthly/Asia/V5GL06.HybridPM25c_0p05.Asia.200607-200607.nc,https://satpmdata.s3.amazonaws.com/V5GL06/GWRPM25c0p05/Monthly/Asia/V5GL06.HybridPM25c_0p05.Asia.200607-200607.nc,a7e5c651b1690af3708dd71ce1c88eaf,2026-09-26T04:51:07+00:00,d9b596e28a24994bb4c9d0b08db712610a37aabad9b176b097712860793ad4ba,1022783,primary monthly 0.05; s3 last_modified 2026-09-22T20:46:43.000Z
V5GL06/GWRPM25c0p05/Monthly/Asia/V5GL06.HybridPM25c_0p05.Asia.200609-200609.nc,https://satpmdata.s3.amazonaws.com/V5GL06/GWRPM25c0p05/Monthly/Asia/V5GL06.HybridPM25c_0p05.Asia.200609-200609.nc,c85c9f1ca9b2641404947751a36610b0,2026-09-26T04:51:15+00:00,9adf1d7953f7b3cdfa57d9ffa4e5d120b92fd54e033efbea08eef643d326655e,1137144,primary monthly 0.05; s3 last_modified 2026-09-22T20:46:43.000Z
V5GL06/GWRPM25c0p05/Monthly/Asia/V5GL06.HybridPM25c_0p05.Asia.200611-200611.nc,https://satpmdata.s3.amazonaws.com/V5GL06/GWRPM25c0p05/Monthly/Asia/V5GL06.HybridPM25c_0p05.Asia.200611-200611.nc,c6c30e886d4fd6bc05c2997ab9f0650c,2026-09-26T04:51:16+00:00,4f3269c2ab074c646782efd9e8a74871b2dddc63148292a5c14aa6fbeeabfe0b,1240018,primary monthly 0.05; s3 last_modified 2026-09-22T20:46:43.000Z
V5GL06/GWRPM25c0p05/Monthly/Asia/V5GL06.HybridPM25c_0p05.Asia.200608-200608.nc,https://satpmdata.s3.amazonaws.com/V5GL06/GWRPM25c0p05/Monthly/Asia/V5GL06.HybridPM25c_0p05.Asia.200608-200608.nc,99da632517f980aaa94121c3fc336519,2026-09-26T04:51:16+00:00,880fc305d2c724d18caef2764712a6def95a8939829497d4774eff7b06a1c58d,1049078,primary monthly 0.05; s3 last_modified 2026-09-22T20:46:43.000Z
V5GL06/GWRPM25c0p05/Monthly/Asia/V5GL06.HybridPM25c_0p05.Asia.200610-200610.nc,https://satpmdata.s3.amazonaws.com/V5GL06/GWRPM25c0p05/Monthly/Asia/V5GL06.HybridPM25c_0p05.Asia.200610-200610.nc,f0e372eacd3162f8155380177430394c,2026-09-26T04:51:19+00:00,47de44e91b95a5197c5d4f3cde10c08320a91d511f3636349895ee03253fb4bd,1200246,primary monthly 0.05; s3 last_modified 2026-09-22T20:46:43.000Z
V5GL06/GWRPM25c0p05/Monthly/Asia/V5GL06.HybridPM25c_0p05.Asia.200612-200612.nc,https://satpmdata.s3.amazonaws.com/V5GL06/GWRPM25c0p05/Monthly/Asia/V5GL06.HybridPM25c_0p05.Asia.200612-200612.nc,decdac63761eee66bf9d22aa008cea7f,2026-09-26T04:51:25+00:00,816484cd8abea5a2fec09bbe4ee715304d6895c0d056826a18c6cc8f475a6439,1244396,primary monthly 0.05; s3 last_modified 2026-09-22T20:46:43.000Z
V5GL06/GWRPM25c0p05/Monthly/Asia/V5GL06.HybridPM25c_0p05.Asia.200701-200701.nc,https://satpmdata.s3.amazonaws.com/V5GL06/GWRPM25c0p05/Monthly/Asia/V5GL06.HybridPM25c_0p05.Asia.200701-200701.nc,fffe50b469e3a463b527f3d52bad8ab7,2026-09-26T04:51:27+00:00,98136f3ba9f92c45ea15e4ddc4776f64b1e11b1dc9b3154a733cf4b5b1b4fa5c,1251410,primary monthly 0.05; s3 last_modified 2026-09-22T20:46:43.000Z
V5GL06/GWRPM25c0p05/Monthly/Asia/V5GL06.HybridPM25c_0p05.Asia.200702-200702.nc,https://satpmdata.s3.amazonaws.com/V5GL06/GWRPM25c0p05/Monthly/Asia/V5GL06.HybridPM25c_0p05.Asia.200702-200702.nc,b8657b44df33d6e03970d3b937c6cb0d,2026-09-26T04:51:29+00:00,602ef3ef9cc3a813ea6e4bf5bc897e41e994b4fbc86ca545830563d3addef098,1202107,primary monthly 0.05; s3 last_modified 2026-09-22T20:46:43.000Z
V5GL06/GWRPM25c0p05/Monthly/Asia/V5GL06.HybridPM25c_0p05.Asia.200704-200704.nc,https://satpmdata.s3.amazonaws.com/V5GL06/GWRPM25c0p05/Monthly/Asia/V5GL06.HybridPM25c_0p05.Asia.200704-200704.nc,fabc466af18429f735f1aa72257e3233,2026-09-26T04:51:31+00:00,3a7acc657a2d91783501bbe4f708d24ec263cc8bc620c259cb81b1b1c3b005f8,1178805,primary monthly 0.05; s3 last_modified 2026-09-22T20:46:43.000Z
V5GL06/GWRPM25c0p05/Monthly/Asia/V5GL06.HybridPM25c_0p05.Asia.200703-200703.nc,https://satpmdata.s3.amazonaws.com/V5GL06/GWRPM25c0p05/Monthly/Asia/V5GL06.HybridPM25c_0p05.Asia.200703-200703.nc,04c34d15071e18311d27c0226512f737,2026-09-26T04:51:31+00:00,0b0137138f90d0b89ae78ca81e7b70af228659ae8d50d18ddab2ade5fd171fea,1200201,primary monthly 0.05; s3 last_modified 2026-09-22T20:46:43.000Z
V5GL06/GWRPM25c0p05/Monthly/Asia/V5GL06.HybridPM25c_0p05.Asia.200705-200705.nc,https://satpmdata.s3.amazonaws.com/V5GL06/GWRPM25c0p05/Monthly/Asia/V5GL06.HybridPM25c_0p05.Asia.200705-200705.nc,306ffaf13771aab6265ff722c06bfdbe,2026-09-26T04:51:33+00:00,03c907d5d2d78e041ec589dec7de93e4abbd48407fc8f31cb3967cf793d66cc7,1148366,primary monthly 0.05; s3 last_modified 2026-09-22T20:46:43.000Z
V5GL06/GWRPM25c0p05/Monthly/Asia/V5GL06.HybridPM25c_0p05.Asia.200706-200706.nc,https://satpmdata.s3.amazonaws.com/V5GL06/GWRPM25c0p05/Monthly/Asia/V5GL06.HybridPM25c_0p05.Asia.200706-200706.nc,6c5a5d1ad6205d080d899afb198fc364,2026-09-26T04:51:35+00:00,13129bc5b283165172802866c58e321a6125071188165f95b29879291e87bb7b,1082365,primary monthly 0.05; s3 last_modified 2026-09-22T20:46:43.000Z
V5GL06/GWRPM25c0p05/Monthly/Asia/V5GL06.HybridPM25c_0p05.Asia.200708-200708.nc,https://satpmdata.s3.amazonaws.com/V5GL06/GWRPM25c0p05/Monthly/Asia/V5GL06.HybridPM25c_0p05.Asia.200708-200708.nc,01fe7a66b80a7ec1f0fec0806350c799,2026-09-26T04:51:37+00:00,c64f6ff61db26a3b631505b4dea1528069e664dcf49287bcacc50bc45cdd18f5,1020609,primary monthly 0.05; s3 last_modified 2026-09-22T20:46:43.000Z
V5GL06/GWRPM25c0p05/Monthly/Asia/V5GL06.HybridPM25c_0p05.Asia.200707-200707.nc,https://satpmdata.s3.amazonaws.com/V5GL06/GWRPM25c0p05/Monthly/Asia/V5GL06.HybridPM25c_0p05.Asia.200707-200707.nc,91d3b841c89c4b63cf28bfd61dc0eba3,2026-09-26T04:51:38+00:00,e3e616c3caa924546fcec22d260ccde07f0c3250bc09d0b4d49594bc3554b348,1028958,primary monthly 0.05; s3 last_modified 2026-09-22T20:46:43.000Z
V5GL06/GWRPM25c0p05/Monthly/Asia/V5GL06.HybridPM25c_0p05.Asia.200709-200709.nc,https://satpmdata.s3.amazonaws.com/V5GL06/GWRPM25c0p05/Monthly/Asia/V5GL06.HybridPM25c_0p05.Asia.200709-200709.nc,c1c1e52684e22aaaebdac86d5e223cbc,2026-09-26T04:51:40+00:00,a3c38cec48bd5dc4fbf21fc9d6e7111af96535dcf87146a7d7ade6324aad747c,1101489,primary monthly 0.05; s3 last_modified 2026-09-22T20:46:43.000Z
V5GL06/GWRPM25c0p05/Monthly/Asia/V5GL06.HybridPM25c_0p05.Asia.200710-200710.nc,https://satpmdata.s3.amazonaws.com/V5GL06/GWRPM25c0p05/Monthly/Asia/V5GL06.HybridPM25c_0p05.Asia.200710-200710.nc,1e27c25d3273bf1cb765c025d7113794,2026-09-26T04:51:44+00:00,6a73851dbe3848ca53c3c941ea232a854382a41d74604c5c965b2986ccf98892,1188019,primary monthly 0.05; s3 last_modified 2026-09-22T20:46:43.000Z
V5GL06/GWRPM25c0p05/Monthly/Asia/V5GL06.HybridPM25c_0p05.Asia.200711-200711.nc,https://satpmdata.s3.amazonaws.com/V5GL06/GWRPM25c0p05/Monthly/Asia/V5GL06.HybridPM25c_0p05.Asia.200711-200711.nc,dccce3f23d4b67629db5cb2265cced37,2026-09-26T04:51:48+00:00,255f37c1adee13c4a132dbb6208f8e0e79aafa6ee29b8b77666d0c7f8077114b,1218114,primary monthly 0.05; s3 last_modified 2026-09-22T20:46:43.000Z
V5GL06/GWRPM25c0p05/Monthly/Asia/V5GL06.HybridPM25c_0p05.Asia.200712-200712.nc,https://satpmdata.s3.amazonaws.com/V5GL06/GWRPM25c0p05/Monthly/Asia/V5GL06.HybridPM25c_0p05.Asia.200712-200712.nc,72feb7e3327e5e65b30e21c56f67b8bd,2026-09-26T04:51:49+00:00,f63cdffb84923cba563cb3d79fc4a2e13100f52ef274610d63ac9338a916a66b,1272693,primary monthly 0.05; s3 last_modified 2026-09-22T20:46:43.000Z
V5GL06/GWRPM25c0p05/Monthly/Asia/V5GL06.HybridPM25c_0p05.Asia.200801-200801.nc,https://satpmdata.s3.amazonaws.com/V5GL06/GWRPM25c0p05/Monthly/Asia/V5GL06.HybridPM25c_0p05.Asia.200801-200801.nc,1ee74ba19dbd605b9e4df8a0c6e4d4ab,2026-09-26T04:51:50+00:00,91dd731cfe81b62249819156bd656072d42601beeb7b74c5bc04ac56bc0715dd,1285135,primary monthly 0.05; s3 last_modified 2026-09-22T20:46:43.000Z
V5GL06/GWRPM25c0p05/Monthly/Asia/V5GL06.HybridPM25c_0p05.Asia.200803-200803.nc,https://satpmdata.s3.amazonaws.com/V5GL06/GWRPM25c0p05/Monthly/Asia/V5GL06.HybridPM25c_0p05.Asia.200803-200803.nc,156ae115cf64251c47ca22dc7ffad35d,2026-09-26T04:51:53+00:00,4e877afa246fbd2ec6ab9782ffcf7987c2fc8bac75e773bb76ba38626448ded5,1181598,primary monthly 0.05; s3 last_modified 2026-09-22T20:46:43.000Z
V5GL06/GWRPM25c0p05/Monthly/Asia/V5GL06.HybridPM25c_0p05.Asia.200802-200802.nc,https://satpmdata.s3.amazonaws.com/V5GL06/GWRPM25c0p05/Monthly/Asia/V5GL06.HybridPM25c_0p05.Asia.200802-200802.nc,21ad2e3a80ee2a427cc1e469389c4dfd,2026-09-26T04:51:57+00:00,2e98917946034c2c3ec2b016564a3ce26ea08fb15817e1eaca9f6278788f46c6,1210743,primary monthly 0.05; s3 last_modified 2026-09-22T20:46:43.000Z
V5GL06/GWRPM25c0p05/Monthly/Asia/V5GL06.HybridPM25c_0p05.Asia.200805-200805.nc,https://satpmdata.s3.amazonaws.com/V5GL06/GWRPM25c0p05/Monthly/Asia/V5GL06.HybridPM25c_0p05.Asia.200805-200805.nc,ea2dcdec8b536d5f2144627762e3fc76,2026-09-26T04:52:00+00:00,41c7689374840cdb5145e94baf9a1f9009016df0419831061dceefe3f77fbaad,1150351,primary monthly 0.05; s3 last_modified 2026-09-22T20:46:44.000Z
V5GL06/GWRPM25c0p05/Monthly/Asia/V5GL06.HybridPM25c_0p05.Asia.200804-200804.nc,https://satpmdata.s3.amazonaws.com/V5GL06/GWRPM25c0p05/Monthly/Asia/V5GL06.HybridPM25c_0p05.Asia.200804-200804.nc,328c643bb6cb12dafa55d90e36384544,2026-09-26T04:52:01+00:00,b1162703c226b0d09fae6d0bff3930b91b10ad3c847c670507e788b6d92559a3,1203371,primary monthly 0.05; s3 last_modified 2026-09-22T20:46:43.000Z
V5GL06/GWRPM25c0p05/Monthly/Asia/V5GL06.HybridPM25c_0p05.Asia.200806-200806.nc,https://satpmdata.s3.amazonaws.com/V5GL06/GWRPM25c0p05/Monthly/Asia/V5GL06.HybridPM25c_0p05.Asia.200806-200806.nc,488a4f73da2b0159adfb310f13971319,2026-09-26T04:52:02+00:00,ac1ae6e26813ea8a5ca9e7053dc1d0e2c6ae5c1d3536a5b8747cc709a079fe5a,1091774,primary monthly 0.05; s3 last_modified 2026-09-22T20:46:44.000Z
V5GL06/GWRPM25c0p05/Monthly/Asia/V5GL06.HybridPM25c_0p05.Asia.200807-200807.nc,https://satpmdata.s3.amazonaws.com/V5GL06/GWRPM25c0p05/Monthly/Asia/V5GL06.HybridPM25c_0p05.Asia.200807-200807.nc,66b569e1380445f1616b39855e710285,2026-09-26T04:52:05+00:00,807ad3d4b1b6fc146d9bc7183593fcfd4f89c3d2ce299035ebf672c90bbbd5e3,1044311,primary monthly 0.05; s3 last_modified 2026-09-22T20:46:44.000Z
V5GL06/GWRPM25c0p05/Monthly/Asia/V5GL06.HybridPM25c_0p05.Asia.200808-200808.nc,https://satpmdata.s3.amazonaws.com/V5GL06/GWRPM25c0p05/Monthly/Asia/V5GL06.HybridPM25c_0p05.Asia.200808-200808.nc,ce2e671173207099ec30348e84b4ecb6,2026-09-26T04:52:06+00:00,c8c00016e4704ed70fce8b3094a15e94d4a529bc46ced2fada4c05c3a2319ca8,1051802,primary monthly 0.05; s3 last_modified 2026-09-22T20:46:44.000Z
V5GL06/GWRPM25c0p05/Monthly/Asia/V5GL06.HybridPM25c_0p05.Asia.200809-200809.nc,https://satpmdata.s3.amazonaws.com/V5GL06/GWRPM25c0p05/Monthly/Asia/V5GL06.HybridPM25c_0p05.Asia.200809-200809.nc,340e566f406cf715b953cd2c60d32773,2026-09-26T04:52:08+00:00,25b61c71899a8f8577917a80892dd8691acc2e211282fa9142b6280a0d96df95,1089765,primary monthly 0.05; s3 last_modified 2026-09-22T20:46:44.000Z
V5GL06/GWRPM25c0p05/Monthly/Asia/V5GL06.HybridPM25c_0p05.Asia.200810-200810.nc,https://satpmdata.s3.amazonaws.com/V5GL06/GWRPM25c0p05/Monthly/Asia/V5GL06.HybridPM25c_0p05.Asia.200810-200810.nc,0eda4e0e9c051dbb5b1e72c8b49b6d87,2026-09-26T04:52:08+00:00,d176c14296d43a52e96ba1462940e9c7a6aae3f75ccc5e0870ea7549bd284867,1182931,primary monthly 0.05; s3 last_modified 2026-09-22T20:46:44.000Z
V5GL06/GWRPM25c0p05/Monthly/Asia/V5GL06.HybridPM25c_0p05.Asia.200812-200812.nc,https://satpmdata.s3.amazonaws.com/V5GL06/GWRPM25c0p05/Monthly/Asia/V5GL06.HybridPM25c_0p05.Asia.200812-200812.nc,e19b82ebe3c9cb81236ab9b6d96a2758,2026-09-26T04:52:12+00:00,ae1c21b9966b4c1623feb8bec56d1d09151c7d47ed76721b3cbdf407d7c102ed,1252320,primary monthly 0.05; s3 last_modified 2026-09-22T20:46:44.000Z
V5GL06/GWRPM25c0p05/Monthly/Asia/V5GL06.HybridPM25c_0p05.Asia.200811-200811.nc,https://satpmdata.s3.amazonaws.com/V5GL06/GWRPM25c0p05/Monthly/Asia/V5GL06.HybridPM25c_0p05.Asia.200811-200811.nc,3b6e1bf63d5d9542a91fdaddbe5c4dcb,2026-09-26T04:52:14+00:00,d2c99b294c708c2b2fb7f139caaba2cffae31203fc9b25c9b4239185e3f12699,1255126,primary monthly 0.05; s3 last_modified 2026-09-22T20:46:44.000Z
V5GL06/GWRPM25c0p05/Monthly/Asia/V5GL06.HybridPM25c_0p05.Asia.200902-200902.nc,https://satpmdata.s3.amazonaws.com/V5GL06/GWRPM25c0p05/Monthly/Asia/V5GL06.HybridPM25c_0p05.Asia.200902-200902.nc,2eec0af9d7e442c4c620ddc12e9118dd,2026-09-26T04:52:18+00:00,9db56dcf2a5c7d1013518f23dbc2422fdc65c9f76c58595ffec50eef512a5cb1,1235952,primary monthly 0.05; s3 last_modified 2026-09-22T20:46:44.000Z
V5GL06/GWRPM25c0p05/Monthly/Asia/V5GL06.HybridPM25c_0p05.Asia.200901-200901.nc,https://satpmdata.s3.amazonaws.com/V5GL06/GWRPM25c0p05/Monthly/Asia/V5GL06.HybridPM25c_0p05.Asia.200901-200901.nc,81fc2d2b13de0cc7b3782d9a2db41d18,2026-09-26T04:52:20+00:00,4eb6d8521b54caf0ea354fceba6543d57f47ff1e0e671b3cc4b25283751a48ab,1252504,primary monthly 0.05; s3 last_modified 2026-09-22T20:46:44.000Z
V5GL06/GWRPM25c0p05/Monthly/Asia/V5GL06.HybridPM25c_0p05.Asia.200904-200904.nc,https://satpmdata.s3.amazonaws.com/V5GL06/GWRPM25c0p05/Monthly/Asia/V5GL06.HybridPM25c_0p05.Asia.200904-200904.nc,513bbef7c0045510bfa1f5b1146d86c7,2026-09-26T04:52:23+00:00,245940bd05572556f79c559609fc32f585dbfaacd859e73475c658ba19de7671,1207249,primary monthly 0.05; s3 last_modified 2026-09-22T20:46:44.000Z
V5GL06/GWRPM25c0p05/Monthly/Asia/V5GL06.HybridPM25c_0p05.Asia.200903-200903.nc,https://satpmdata.s3.amazonaws.com/V5GL06/GWRPM25c0p05/Monthly/Asia/V5GL06.HybridPM25c_0p05.Asia.200903-200903.nc,10303664bcd1a09a85314074f72df870,2026-09-26T04:52:24+00:00,8c160e32b9e9198ec4b2b60b2fbfc9da5e005ba41e4f210e744f735ea6d5ca94,1184501,primary monthly 0.05; s3 last_modified 2026-09-22T20:46:44.000Z
V5GL06/GWRPM25c0p05/Monthly/Asia/V5GL06.HybridPM25c_0p05.Asia.200906-200906.nc,https://satpmdata.s3.amazonaws.com/V5GL06/GWRPM25c0p05/Monthly/Asia/V5GL06.HybridPM25c_0p05.Asia.200906-200906.nc,99b961525e82a5c20bf6aa64672d8eab,2026-09-26T04:52:31+00:00,dd0868eb2fe5aeea42c26e864f541b30ab530e157adabdce43a1efc3913fdc06,1088711,primary monthly 0.05; s3 last_modified 2026-09-22T20:46:44.000Z
V5GL06/GWRPM25c0p05/Monthly/Asia/V5GL06.HybridPM25c_0p05.Asia.200905-200905.nc,https://satpmdata.s3.amazonaws.com/V5GL06/GWRPM25c0p05/Monthly/Asia/V5GL06.HybridPM25c_0p05.Asia.200905-200905.nc,6ce003b4de7051c19e16433bc362a2fd,2026-09-26T04:52:31+00:00,503fbb1ca37112e7cfef3d6533c0012c1162cd1edefc404118a6a4e8ae2afcc7,1162174,primary monthly 0.05; s3 last_modified 2026-09-22T20:46:44.000Z
V5GL06/GWRPM25c0p05/Monthly/Asia/V5GL06.HybridPM25c_0p05.Asia.200907-200907.nc,https://satpmdata.s3.amazonaws.com/V5GL06/GWRPM25c0p05/Monthly/Asia/V5GL06.HybridPM25c_0p05.Asia.200907-200907.nc,fe83727859703adabf5dca05adb66055,2026-09-26T04:52:33+00:00,c733d1ff6dbce59901c1e53b3ca5957acccb828a42f0abed13733c6f248d5e4e,1061628,primary monthly 0.05; s3 last_modified 2026-09-22T20:46:44.000Z
V5GL06/GWRPM25c0p05/Monthly/Asia/V5GL06.HybridPM25c_0p05.Asia.200908-200908.nc,https://satpmdata.s3.amazonaws.com/V5GL06/GWRPM25c0p05/Monthly/Asia/V5GL06.HybridPM25c_0p05.Asia.200908-200908.nc,c247327d599773bd511090ebcfa69b41,2026-09-26T04:52:38+00:00,2dbe55a13dcb3ceb252c6cedb36a41f16c470201a8201c1b32590d90bb0b0ec6,1085083,primary monthly 0.05; s3 last_modified 2026-09-22T20:46:44.000Z
V5GL06/GWRPM25c0p05/Monthly/Asia/V5GL06.HybridPM25c_0p05.Asia.200909-200909.nc,https://satpmdata.s3.amazonaws.com/V5GL06/GWRPM25c0p05/Monthly/Asia/V5GL06.HybridPM25c_0p05.Asia.200909-200909.nc,a210c462656f6c149827bdde29fb5e7d,2026-09-26T04:52:40+00:00,45adef4d08ffdd3a37585ac5b044ad7a94c04176d436c6e9ef82580f76dabd5e,1154267,primary monthly 0.05; s3 last_modified 2026-09-22T20:46:44.000Z
V5GL06/GWRPM25c0p05/Monthly/Asia/V5GL06.HybridPM25c_0p05.Asia.200910-200910.nc,https://satpmdata.s3.amazonaws.com/V5GL06/GWRPM25c0p05/Monthly/Asia/V5GL06.HybridPM25c_0p05.Asia.200910-200910.nc,ba4e8677cff2ac4ddddc23d017c7a9f5,2026-09-26T04:52:41+00:00,fcc4537f2e0da877f9272b81290e03b558de25f647c3f6d1a86096857d9478a7,1190849,primary monthly 0.05; s3 last_modified 2026-09-22T20:46:44.000Z
V5GL06/GWRPM25c0p05/Monthly/Asia/V5GL06.HybridPM25c_0p05.Asia.200912-200912.nc,https://satpmdata.s3.amazonaws.com/V5GL06/GWRPM25c0p05/Monthly/Asia/V5GL06.HybridPM25c_0p05.Asia.200912-200912.nc,71d3ba96e84dfb6257b074fae91e9876,2026-09-26T04:52:45+00:00,98baf7131b9934ad9278721efba70b956106693afa2bf94b8c024252075c2218,1272231,primary monthly 0.05; s3 last_modified 2026-09-22T20:46:44.000Z
V5GL06/GWRPM25c0p05/Monthly/Asia/V5GL06.HybridPM25c_0p05.Asia.201002-201002.nc,https://satpmdata.s3.amazonaws.com/V5GL06/GWRPM25c0p05/Monthly/Asia/V5GL06.HybridPM25c_0p05.Asia.201002-201002.nc,ce687da47750aabbde0926ac9c0a0bf0,2026-09-26T04:52:52+00:00,9be2d461762032567108c70a6fb396ed1c71f87cbad69012648ff6e5ca1e072d,1201525,primary monthly 0.05; s3 last_modified 2026-09-22T20:46:44.000Z
V5GL06/GWRPM25c0p05/Monthly/Asia/V5GL06.HybridPM25c_0p05.Asia.200911-200911.nc,https://satpmdata.s3.amazonaws.com/V5GL06/GWRPM25c0p05/Monthly/Asia/V5GL06.HybridPM25c_0p05.Asia.200911-200911.nc,8773f28a65d5a581b72f9cc656b9c523,2026-09-26T04:52:52+00:00,8ee40c52c05ee8b2da5e3c2e0ca06bd0b3976f4e8296f9f5cdb0362e7c79c39f,1237765,primary monthly 0.05; s3 last_modified 2026-09-22T20:46:44.000Z
V5GL06/GWRPM25c0p05/Monthly/Asia/V5GL06.HybridPM25c_0p05.Asia.201001-201001.nc,https://satpmdata.s3.amazonaws.com/V5GL06/GWRPM25c0p05/Monthly/Asia/V5GL06.HybridPM25c_0p05.Asia.201001-201001.nc,413d4c2ff9d57795b0b378a0e87a682b,2026-09-26T04:52:52+00:00,b08183a58f88f7cc1bd51bf63af047219c1f361bc6c9992fc720d4bc5f1026b5,1245419,primary monthly 0.05; s3 last_modified 2026-09-22T20:46:44.000Z
V5GL06/GWRPM25c0p05/Monthly/Asia/V5GL06.HybridPM25c_0p05.Asia.201003-201003.nc,https://satpmdata.s3.amazonaws.com/V5GL06/GWRPM25c0p05/Monthly/Asia/V5GL06.HybridPM25c_0p05.Asia.201003-201003.nc,1547007875c3d145f0492de2fcb35113,2026-09-26T04:52:55+00:00,f055b3bcdd677d573cb08f0d0dfb1fc0ff973985a5d671b0d810bffd9144273a,1207346,primary monthly 0.05; s3 last_modified 2026-09-22T20:46:44.000Z
V5GL06/GWRPM25c0p05/Monthly/Asia/V5GL06.HybridPM25c_0p05.Asia.201005-201005.nc,https://satpmdata.s3.amazonaws.com/V5GL06/GWRPM25c0p05/Monthly/Asia/V5GL06.HybridPM25c_0p05.Asia.201005-201005.nc,ee6e9f3527c427882e0f5066c17fcbda,2026-09-26T04:53:01+00:00,2bbab33c05c26a90bc8c3e6b0b8f90f100e138d33db83f03a7caf13d8d90fb4c,1156140,primary monthly 0.05; s3 last_modified 2026-09-22T20:46:44.000Z
V5GL06/GWRPM25c0p05/Monthly/Asia/V5GL06.HybridPM25c_0p05.Asia.201004-201004.nc,https://satpmdata.s3.amazonaws.com/V5GL06/GWRPM25c0p05/Monthly/Asia/V5GL06.HybridPM25c_0p05.Asia.201004-201004.nc,13f0925e861b65d45c68918b1f8cc3c8,2026-09-26T04:53:02+00:00,24a7fe710cb732088291f46f58ac0a80aab8e7153a9b3e5584f1d8cc64432aaf,1193354,primary monthly 0.05; s3 last_modified 2026-09-22T20:46:44.000Z
V5GL06/GWRPM25c0p05/Monthly/Asia/V5GL06.HybridPM25c_0p05.Asia.201006-201006.nc,https://satpmdata.s3.amazonaws.com/V5GL06/GWRPM25c0p05/Monthly/Asia/V5GL06.HybridPM25c_0p05.Asia.201006-201006.nc,9623077487c844f57f0d49d751ff5e30,2026-09-26T04:53:04+00:00,da7e6698cf6704d781064f70a137fcbcefa3f16df59adc44acf8b9a8a3f0c1c9,1121859,primary monthly 0.05; s3 last_modified 2026-09-22T20:46:44.000Z
V5GL06/GWRPM25c0p05/Monthly/Asia/V5GL06.HybridPM25c_0p05.Asia.201007-201007.nc,https://satpmdata.s3.amazonaws.com/V5GL06/GWRPM25c0p05/Monthly/Asia/V5GL06.HybridPM25c_0p05.Asia.201007-201007.nc,fa46e94d1d9e9e9371ee95872f6f8af8,2026-09-26T04:53:07+00:00,f1d096adc9b7728c55ae05d73b654a6ea8533c65a1c4bb4dc65fea479bde0c19,1052709,primary monthly 0.05; s3 last_modified 2026-09-22T20:46:44.000Z
V5GL06/GWRPM25c0p05/Monthly/Asia/V5GL06.HybridPM25c_0p05.Asia.201008-201008.nc,https://satpmdata.s3.amazonaws.com/V5GL06/GWRPM25c0p05/Monthly/Asia/V5GL06.HybridPM25c_0p05.Asia.201008-201008.nc,3dd017060b77884dc53058be020173cf,2026-09-26T04:53:08+00:00,385828486f4d3ffcc3e6676b00fa02b3282396b22b7d6be7a01a551744811fe5,1046080,primary monthly 0.05; s3 last_modified 2026-09-22T20:46:44.000Z
V5GL06/GWRPM25c0p05/Monthly/Asia/V5GL06.HybridPM25c_0p05.Asia.201010-201010.nc,https://satpmdata.s3.amazonaws.com/V5GL06/GWRPM25c0p05/Monthly/Asia/V5GL06.HybridPM25c_0p05.Asia.201010-201010.nc,3438398f99c248fb0f8081033dde249b,2026-09-26T04:53:13+00:00,827d909a141c6e37188fc2da1e4e092d457979bb32b8e9db0fa43953507e4506,1184029,primary monthly 0.05; s3 last_modified 2026-09-22T20:46:44.000Z
V5GL06/GWRPM25c0p05/Monthly/Asia/V5GL06.HybridPM25c_0p05.Asia.201009-201009.nc,https://satpmdata.s3.amazonaws.com/V5GL06/GWRPM25c0p05/Monthly/Asia/V5GL06.HybridPM25c_0p05.Asia.201009-201009.nc,6866eeb26dece022e23bda32e253657b,2026-09-26T04:53:15+00:00,e551b0ae4d0d43034baa552801a9f71ee99a466e908b3f6ceeab702a60085be4,1105304,primary monthly 0.05; s3 last_modified 2026-09-22T20:46:44.000Z
V5GL06/GWRPM25c0p05/Monthly/Asia/V5GL06.HybridPM25c_0p05.Asia.201012-201012.nc,https://satpmdata.s3.amazonaws.com/V5GL06/GWRPM25c0p05/Monthly/Asia/V5GL06.HybridPM25c_0p05.Asia.201012-201012.nc,6ce3c3790fad00082db46837f791ae1c,2026-09-26T04:53:17+00:00,ed03cb00329dc4efd67d86395a2f94f3aedfd524a1db956baf9f15a5950744f7,1290729,primary monthly 0.05; s3 last_modified 2026-09-22T20:46:44.000Z
V5GL06/GWRPM25c0p05/Monthly/Asia/V5GL06.HybridPM25c_0p05.Asia.201101-201101.nc,https://satpmdata.s3.amazonaws.com/V5GL06/GWRPM25c0p05/Monthly/Asia/V5GL06.HybridPM25c_0p05.Asia.201101-201101.nc,e19377c1af44224142e6f43f70356c57,2026-09-26T04:53:20+00:00,494ca595852900fe5b66de35e0e339572110d47d01438d1fc678a36aab0829c4,1275156,primary monthly 0.05; s3 last_modified 2026-09-22T20:46:44.000Z
V5GL06/GWRPM25c0p05/Monthly/Asia/V5GL06.HybridPM25c_0p05.Asia.201011-201011.nc,https://satpmdata.s3.amazonaws.com/V5GL06/GWRPM25c0p05/Monthly/Asia/V5GL06.HybridPM25c_0p05.Asia.201011-201011.nc,fa804a0e55e3c12857661279dbb956d5,2026-09-26T04:53:20+00:00,58794aa0c5b9944a298699f6f27d0f621cac224b45f0639b387f161e84c798e3,1263265,primary monthly 0.05; s3 last_modified 2026-09-22T20:46:44.000Z
V5GL06/GWRPM25c0p05/Monthly/Asia/V5GL06.HybridPM25c_0p05.Asia.201103-201103.nc,https://satpmdata.s3.amazonaws.com/V5GL06/GWRPM25c0p05/Monthly/Asia/V5GL06.HybridPM25c_0p05.Asia.201103-201103.nc,538c401159fe50c73102cd3f0b2aca74,2026-09-26T04:53:26+00:00,a4104aef3247fa27fa998c67d17fd0fa8764d2b4594f428cd2d7b377e567b758,1201085,primary monthly 0.05; s3 last_modified 2026-09-22T20:46:44.000Z
V5GL06/GWRPM25c0p05/Monthly/Asia/V5GL06.HybridPM25c_0p05.Asia.201102-201102.nc,https://satpmdata.s3.amazonaws.com/V5GL06/GWRPM25c0p05/Monthly/Asia/V5GL06.HybridPM25c_0p05.Asia.201102-201102.nc,a8a332eedb260680bc8e8b8fc5a3c742,2026-09-26T04:53:27+00:00,4902a8f665d763f7b77547a85caa1da401506e7dd2f69f37c3d13b3e21d9ae34,1241966,primary monthly 0.05; s3 last_modified 2026-09-22T20:46:44.000Z
V5GL06/GWRPM25c0p05/Monthly/Asia/V5GL06.HybridPM25c_0p05.Asia.201105-201105.nc,https://satpmdata.s3.amazonaws.com/V5GL06/GWRPM25c0p05/Monthly/Asia/V5GL06.HybridPM25c_0p05.Asia.201105-201105.nc,40c275043a834b19a43f590759471452,2026-09-26T04:53:32+00:00,9c527d117bea04fcb511113a1ddf8368dea61e3265e248b6a7dc67d7e3dbffd2,1175131,primary monthly 0.05; s3 last_modified 2026-09-22T20:46:44.000Z
V5GL06/GWRPM25c0p05/Monthly/Asia/V5GL06.HybridPM25c_0p05.Asia.201107-201107.nc,https://satpmdata.s3.amazonaws.com/V5GL06/GWRPM25c0p05/Monthly/Asia/V5GL06.HybridPM25c_0p05.Asia.201107-201107.nc,e9242207e489bc2aac6a56d220ce26d4,2026-09-26T04:53:39+00:00,f4220104df12bf5891b72ded0db4a8a5d1484046906f3dcbc61595960bfc3708,1071509,primary monthly 0.05; s3 last_modified 2026-09-22T20:46:44.000Z
V5GL06/GWRPM25c0p05/Monthly/Asia/V5GL06.HybridPM25c_0p05.Asia.201106-201106.nc,https://satpmdata.s3.amazonaws.com/V5GL06/GWRPM25c0p05/Monthly/Asia/V5GL06.HybridPM25c_0p05.Asia.201106-201106.nc,b5f1eee9502c0a2465ee7edea73e0b1c,2026-09-26T04:53:41+00:00,07780742ac67c423ece145b07c2d075f8319138700b2a3dde2df82eb7ac07393,1079171,primary monthly 0.05; s3 last_modified 2026-09-22T20:46:44.000Z
V5GL06/GWRPM25c0p05/Monthly/Asia/V5GL06.HybridPM25c_0p05.Asia.201104-201104.nc,https://satpmdata.s3.amazonaws.com/V5GL06/GWRPM25c0p05/Monthly/Asia/V5GL06.HybridPM25c_0p05.Asia.201104-201104.nc,10b4391965044f58bb38bd541fd838e0,2026-09-26T04:53:43+00:00,133962cdefe1717de6c26cc73eb5457d1e0ffd47c563e29af19f4e60d2ba0d0f,1178989,primary monthly 0.05; s3 last_modified 2026-09-22T20:46:44.000Z
V5GL06/GWRPM25c0p05/Monthly/Asia/V5GL06.HybridPM25c_0p05.Asia.201108-201108.nc,https://satpmdata.s3.amazonaws.com/V5GL06/GWRPM25c0p05/Monthly/Asia/V5GL06.HybridPM25c_0p05.Asia.201108-201108.nc,87e5bb5818ce337004b18802cba87d48,2026-09-26T04:53:45+00:00,ca552dde7e254b1a4b12223176b57ace9f6c70dc16ff709c5072e663395d6c3f,1079549,primary monthly 0.05; s3 last_modified 2026-09-22T20:46:44.000Z
V5GL06/GWRPM25c0p05/Monthly/Asia/V5GL06.HybridPM25c_0p05.Asia.201109-201109.nc,https://satpmdata.s3.amazonaws.com/V5GL06/GWRPM25c0p05/Monthly/Asia/V5GL06.HybridPM25c_0p05.Asia.201109-201109.nc,1e1fb765a1f9f973ff8dcdda93a433e8,2026-09-26T04:53:50+00:00,fe9336e40221da070b030a1d88453bef4240390ec5ad7c5dd8c11460600b30c8,1124258,primary monthly 0.05; s3 last_modified 2026-09-22T20:46:44.000Z
V5GL06/GWRPM25c0p05/Monthly/Asia/V5GL06.HybridPM25c_0p05.Asia.201111-201111.nc,https://satpmdata.s3.amazonaws.com/V5GL06/GWRPM25c0p05/Monthly/Asia/V5GL06.HybridPM25c_0p05.Asia.201111-201111.nc,fcb56456adc764640fc50832d847061a,2026-09-26T04:53:54+00:00,db915e3701c6a7290a2ae39242b75301c9e5e50daf878c9cb29c238f21b431f0,1233376,primary monthly 0.05; s3 last_modified 2026-09-22T20:46:44.000Z
V5GL06/GWRPM25c0p05/Monthly/Asia/V5GL06.HybridPM25c_0p05.Asia.201110-201110.nc,https://satpmdata.s3.amazonaws.com/V5GL06/GWRPM25c0p05/Monthly/Asia/V5GL06.HybridPM25c_0p05.Asia.201110-201110.nc,c7f54c5f53ca5c10658a7855288c21b8,2026-09-26T04:53:56+00:00,2b8e0bd37ba69b0b143f4aebd76509df1545c1560de72442c8cbecdf61c0c883,1197495,primary monthly 0.05; s3 last_modified 2026-09-22T20:46:44.000Z
V5GL06/GWRPM25c0p05/Monthly/Asia/V5GL06.HybridPM25c_0p05.Asia.201112-201112.nc,https://satpmdata.s3.amazonaws.com/V5GL06/GWRPM25c0p05/Monthly/Asia/V5GL06.HybridPM25c_0p05.Asia.201112-201112.nc,7fe47e77013283db75ac5dd2e3df52ea,2026-09-26T04:54:01+00:00,b29b1e9e348d3081b57aa35979e17f767468d14d93027339d112f36e1eaed7b1,1279927,primary monthly 0.05; s3 last_modified 2026-09-22T20:46:44.000Z
V5GL06/GWRPM25c0p05/Monthly/Asia/V5GL06.HybridPM25c_0p05.Asia.201201-201201.nc,https://satpmdata.s3.amazonaws.com/V5GL06/GWRPM25c0p05/Monthly/Asia/V5GL06.HybridPM25c_0p05.Asia.201201-201201.nc,751ce36d49ed43a7fc5e168bb1407ac2,2026-09-26T04:54:03+00:00,38bb7bcc86922538809a64744d6ec6beef70634e40baf6575ca6d04054af215a,1270195,primary monthly 0.05; s3 last_modified 2026-09-22T20:46:44.000Z
V5GL06/GWRPM25c0p05/Monthly/Asia/V5GL06.HybridPM25c_0p05.Asia.201202-201202.nc,https://satpmdata.s3.amazonaws.com/V5GL06/GWRPM25c0p05/Monthly/Asia/V5GL06.HybridPM25c_0p05.Asia.201202-201202.nc,51d11af2435e49f0ee08aea2fa5f21db,2026-09-26T04:54:04+00:00,29b8da426a7d00c896b43e65b5008383801a4a5ecc84b5524d400aee92e4c40f,1222558,primary monthly 0.05; s3 last_modified 2026-09-22T20:46:44.000Z
V5GL06/GWRPM25c0p05/Monthly/Asia/V5GL06.HybridPM25c_0p05.Asia.201203-201203.nc,https://satpmdata.s3.amazonaws.com/V5GL06/GWRPM25c0p05/Monthly/Asia/V5GL06.HybridPM25c_0p05.Asia.201203-201203.nc,58c551fd381b9340b14275727b67c00f,2026-09-26T04:54:05+00:00,3705330d1f3d70144d4f11c3fe6e11fccd87f9066dc661788b60b5a9a5b734e4,1207311,primary monthly 0.05; s3 last_modified 2026-09-22T20:46:44.000Z
V5GL06/GWRPM25c0p05/Monthly/Asia/V5GL06.HybridPM25c_0p05.Asia.201204-201204.nc,https://satpmdata.s3.amazonaws.com/V5GL06/GWRPM25c0p05/Monthly/Asia/V5GL06.HybridPM25c_0p05.Asia.201204-201204.nc,ee6accb6affe9996aa87c382237e5a1e,2026-09-26T04:54:07+00:00,ae0fcdd1c238f3b204d2d576aa4c6655120c380a1e312eec5fa38a46283f0c7a,1197087,primary monthly 0.05; s3 last_modified 2026-09-22T20:46:44.000Z
V5GL06/GWRPM25c0p05/Monthly/Asia/V5GL06.HybridPM25c_0p05.Asia.201206-201206.nc,https://satpmdata.s3.amazonaws.com/V5GL06/GWRPM25c0p05/Monthly/Asia/V5GL06.HybridPM25c_0p05.Asia.201206-201206.nc,dd66ed252e517cd94899588e8c04dac5,2026-09-26T04:54:11+00:00,e7d329272681b1b43f68fdf8bb544ba7693cfe97197d4f01da08b9e9a348d59c,1090621,primary monthly 0.05; s3 last_modified 2026-09-22T20:46:44.000Z
V5GL06/GWRPM25c0p05/Monthly/Asia/V5GL06.HybridPM25c_0p05.Asia.201205-201205.nc,https://satpmdata.s3.amazonaws.com/V5GL06/GWRPM25c0p05/Monthly/Asia/V5GL06.HybridPM25c_0p05.Asia.201205-201205.nc,8851d3e6664c034d5138e3c8278a6ab3,2026-09-26T04:54:13+00:00,992b423b3f471f204703bdea976df68868951090362b4d585a4e2f76fd591dff,1172875,primary monthly 0.05; s3 last_modified 2026-09-22T20:46:44.000Z
V5GL06/GWRPM25c0p05/Monthly/Asia/V5GL06.HybridPM25c_0p05.Asia.201207-201207.nc,https://satpmdata.s3.amazonaws.com/V5GL06/GWRPM25c0p05/Monthly/Asia/V5GL06.HybridPM25c_0p05.Asia.201207-201207.nc,b35aed1f3588656e35dc1ca04ceae95f,2026-09-26T04:54:13+00:00,3a541895c1363bbb2edde4b87fc781eeb7fd182031740d45d8a8102892f10d56,1068598,primary monthly 0.05; s3 last_modified 2026-09-22T20:46:44.000Z
V5GL06/GWRPM25c0p05/Monthly/Asia/V5GL06.HybridPM25c_0p05.Asia.201208-201208.nc,https://satpmdata.s3.amazonaws.com/V5GL06/GWRPM25c0p05/Monthly/Asia/V5GL06.HybridPM25c_0p05.Asia.201208-201208.nc,17167446188dc04cc0f39515a4ce5180,2026-09-26T04:54:17+00:00,37c0a4caf9f89539e7d00aab10403e24a5f911255beb840c93059eb46e40de27,1066472,primary monthly 0.05; s3 last_modified 2026-09-22T20:46:44.000Z
V5GL06/GWRPM25c0p05/Monthly/Asia/V5GL06.HybridPM25c_0p05.Asia.201209-201209.nc,https://satpmdata.s3.amazonaws.com/V5GL06/GWRPM25c0p05/Monthly/Asia/V5GL06.HybridPM25c_0p05.Asia.201209-201209.nc,363f8352c4abea107298c10381c6f8ac,2026-09-26T04:54:23+00:00,5de9f053060432705e76596c857775675158dace0c6a7ea42fae2092733637fa,1123426,primary monthly 0.05; s3 last_modified 2026-09-22T20:46:44.000Z
V5GL06/GWRPM25c0p05/Monthly/Asia/V5GL06.HybridPM25c_0p05.Asia.201210-201210.nc,https://satpmdata.s3.amazonaws.com/V5GL06/GWRPM25c0p05/Monthly/Asia/V5GL06.HybridPM25c_0p05.Asia.201210-201210.nc,850e8a269314acbd9f1ea5c5345cd43e,2026-09-26T04:54:25+00:00,b36d5ab0a01882c56cd4cef187782fb5a9cc72e4d66fd51fd25205e691b89cbd,1186275,primary monthly 0.05; s3 last_modified 2026-09-22T20:46:44.000Z
V5GL06/GWRPM25c0p05/Monthly/Asia/V5GL06.HybridPM25c_0p05.Asia.201212-201212.nc,https://satpmdata.s3.amazonaws.com/V5GL06/GWRPM25c0p05/Monthly/Asia/V5GL06.HybridPM25c_0p05.Asia.201212-201212.nc,3ef033c5113322d6655122f0a5f3a91c,2026-09-26T04:54:28+00:00,c81fced6ede6e757e6ad4662009b3d80a4c4db3055f92052efe1b1ef74f2f33a,1300826,primary monthly 0.05; s3 last_modified 2026-09-22T20:46:45.000Z
V5GL06/GWRPM25c0p05/Monthly/Asia/V5GL06.HybridPM25c_0p05.Asia.201211-201211.nc,https://satpmdata.s3.amazonaws.com/V5GL06/GWRPM25c0p05/Monthly/Asia/V5GL06.HybridPM25c_0p05.Asia.201211-201211.nc,2758118f905edafd7f575755b09431c7,2026-09-26T04:54:29+00:00,cbdb13952bd98b80abf541514ba67f8191d596348db9a21fa32d88cebd649ce4,1269682,primary monthly 0.05; s3 last_modified 2026-09-22T20:46:45.000Z
V5GL06/GWRPM25c0p05/Monthly/Asia/V5GL06.HybridPM25c_0p05.Asia.201301-201301.nc,https://satpmdata.s3.amazonaws.com/V5GL06/GWRPM25c0p05/Monthly/Asia/V5GL06.HybridPM25c_0p05.Asia.201301-201301.nc,87b685c8059bc3b64b6d53d48abae5fe,2026-09-26T04:54:35+00:00,aeb600311418aa4b58f39bc5164896dc8db093a0604babb73def89bcf2ca82fa,1305135,primary monthly 0.05; s3 last_modified 2026-09-22T20:46:45.000Z
V5GL06/GWRPM25c0p05/Monthly/Asia/V5GL06.HybridPM25c_0p05.Asia.201303-201303.nc,https://satpmdata.s3.amazonaws.com/V5GL06/GWRPM25c0p05/Monthly/Asia/V5GL06.HybridPM25c_0p05.Asia.201303-201303.nc,9c93dae5ea0ff6ae47dc269770fc4e8c,2026-09-26T04:54:38+00:00,eb427c17cc99a1c17ba6b0214570cb59f04ef55c73d1b0154495eb1210b30aa1,1197205,primary monthly 0.05; s3 last_modified 2026-09-22T20:46:45.000Z
V5GL06/GWRPM25c0p05/Monthly/Asia/V5GL06.HybridPM25c_0p05.Asia.201304-201304.nc,https://satpmdata.s3.amazonaws.com/V5GL06/GWRPM25c0p05/Monthly/Asia/V5GL06.HybridPM25c_0p05.Asia.201304-201304.nc,804d987907d1a5f95de2bc404258439c,2026-09-26T04:54:39+00:00,a07bda118449d5688f50c8a93e983fde494be39e3456ef988698526269852668,1182059,primary monthly 0.05; s3 last_modified 2026-09-22T20:46:45.000Z
V5GL06/GWRPM25c0p05/Monthly/Asia/V5GL06.HybridPM25c_0p05.Asia.201302-201302.nc,https://satpmdata.s3.amazonaws.com/V5GL06/GWRPM25c0p05/Monthly/Asia/V5GL06.HybridPM25c_0p05.Asia.201302-201302.nc,ab58abca43fe1ac855384ef24d060142,2026-09-26T04:54:39+00:00,0f7e9f758b32b3dbea5f61092e6e33082fb93378a830eb1cde92886601ba7c5b,1222294,primary monthly 0.05; s3 last_modified 2026-09-22T20:46:45.000Z
V5GL06/GWRPM25c0p05/Monthly/Asia/V5GL06.HybridPM25c_0p05.Asia.201307-201307.nc,https://satpmdata.s3.amazonaws.com/V5GL06/GWRPM25c0p05/Monthly/Asia/V5GL06.HybridPM25c_0p05.Asia.201307-201307.nc,f4578069d3bf643982f8c75784b22ddd,2026-09-26T04:54:47+00:00,5483687e01cc13c6d4710fca459ce45f6b955edf8e8032195769d0fa99c6a5be,1031247,primary monthly 0.05; s3 last_modified 2026-09-22T20:46:45.000Z
V5GL06/GWRPM25c0p05/Monthly/Asia/V5GL06.HybridPM25c_0p05.Asia.201306-201306.nc,https://satpmdata.s3.amazonaws.com/V5GL06/GWRPM25c0p05/Monthly/Asia/V5GL06.HybridPM25c_0p05.Asia.201306-201306.nc,b3cc3dfcd9e407be62e386c390d8fe19,2026-09-26T04:54:48+00:00,55a15ed0780205f73dd74906a4cf3025b12ccf9d4a90f9468d5d290d9b5ffce7,1076396,primary monthly 0.05; s3 last_modified 2026-09-22T20:46:45.000Z
V5GL06/GWRPM25c0p05/Monthly/Asia/V5GL06.HybridPM25c_0p05.Asia.201308-201308.nc,https://satpmdata.s3.amazonaws.com/V5GL06/GWRPM25c0p05/Monthly/Asia/V5GL06.HybridPM25c_0p05.Asia.201308-201308.nc,63c80792e6e1de190fa804b224c3863d,2026-09-26T04:54:50+00:00,19ab1d4936c17ae1c8e1c0feefc1e67f6250ca7a2685c065fb2fc532981d65f2,1059179,primary monthly 0.05; s3 last_modified 2026-09-22T20:46:45.000Z
V5GL06/GWRPM25c0p05/Monthly/Asia/V5GL06.HybridPM25c_0p05.Asia.201309-201309.nc,https://satpmdata.s3.amazonaws.com/V5GL06/GWRPM25c0p05/Monthly/Asia/V5GL06.HybridPM25c_0p05.Asia.201309-201309.nc,7c5b67e3227c1c321ebedc061486d4fa,2026-09-26T04:54:57+00:00,450edcb5e54246d16c782b7f8ec28f03c1a1518cac30fc6823badf5a0781ed0a,1099418,primary monthly 0.05; s3 last_modified 2026-09-22T20:46:45.000Z
V5GL06/GWRPM25c0p05/Monthly/Asia/V5GL06.HybridPM25c_0p05.Asia.201310-201310.nc,https://satpmdata.s3.amazonaws.com/V5GL06/GWRPM25c0p05/Monthly/Asia/V5GL06.HybridPM25c_0p05.Asia.201310-201310.nc,1e4e1d9e42e8b898c0414a8d0f7c35b7,2026-09-26T04:54:58+00:00,93e8a5ebdc9566606a2f563b642ffd1f41e2a8d86d11683001f2d9988dc28a73,1187182,primary monthly 0.05; s3 last_modified 2026-09-22T20:46:45.000Z
V5GL06/GWRPM25c0p05/Monthly/Asia/V5GL06.HybridPM25c_0p05.Asia.201305-201305.nc,https://satpmdata.s3.amazonaws.com/V5GL06/GWRPM25c0p05/Monthly/Asia/V5GL06.HybridPM25c_0p05.Asia.201305-201305.nc,2971a4a4aff0cbe063d547bafae6a231,2026-09-26T04:55:00+00:00,26100d3a9a983ca7482143cf261abbc0196b5f7782c19e70cb1afee970c5d6b3,1162128,primary monthly 0.05; s3 last_modified 2026-09-22T20:46:45.000Z
V5GL06/GWRPM25c0p05/Monthly/Asia/V5GL06.HybridPM25c_0p05.Asia.201311-201311.nc,https://satpmdata.s3.amazonaws.com/V5GL06/GWRPM25c0p05/Monthly/Asia/V5GL06.HybridPM25c_0p05.Asia.201311-201311.nc,c9dcdf52c661853a47246a475088cc4e,2026-09-26T04:55:00+00:00,44e544f0c2820983b61625fd6cc8bd570ecf0a90d6ffb0ea8dbe835e7c835c70,1260296,primary monthly 0.05; s3 last_modified 2026-09-22T20:46:45.000Z
V5GL06/GWRPM25c0p05/Monthly/Asia/V5GL06.HybridPM25c_0p05.Asia.201312-201312.nc,https://satpmdata.s3.amazonaws.com/V5GL06/GWRPM25c0p05/Monthly/Asia/V5GL06.HybridPM25c_0p05.Asia.201312-201312.nc,0f5ee0e0e55ac6f91d2670799778ae0e,2026-09-26T04:55:05+00:00,5063bd2f03e9f8d10acdc512dee43d02a27103de419fb7e36319b56c5f99fdcc,1285493,primary monthly 0.05; s3 last_modified 2026-09-22T20:46:45.000Z
V5GL06/GWRPM25c0p05/Monthly/Asia/V5GL06.HybridPM25c_0p05.Asia.201401-201401.nc,https://satpmdata.s3.amazonaws.com/V5GL06/GWRPM25c0p05/Monthly/Asia/V5GL06.HybridPM25c_0p05.Asia.201401-201401.nc,650caf674bba41f0994c5d28826d0caa,2026-09-26T04:55:09+00:00,26099678d68b7ddb96d39ac853cd50729e890d27fb690b3a45ea02d05440cd88,1303000,primary monthly 0.05; s3 last_modified 2026-09-22T20:46:45.000Z
V5GL06/GWRPM25c0p05/Monthly/Asia/V5GL06.HybridPM25c_0p05.Asia.201403-201403.nc,https://satpmdata.s3.amazonaws.com/V5GL06/GWRPM25c0p05/Monthly/Asia/V5GL06.HybridPM25c_0p05.Asia.201403-201403.nc,cebe8ec6c8c180ec957c98fb4a77233a,2026-09-26T04:55:10+00:00,add3039d685e675f200fca4aa01e5ba6f15996d5382e584e16598cb0ed85093d,1230582,primary monthly 0.05; s3 last_modified 2026-09-22T20:46:45.000Z
V5GL06/GWRPM25c0p05/Monthly/Asia/V5GL06.HybridPM25c_0p05.Asia.201402-201402.nc,https://satpmdata.s3.amazonaws.com/V5GL06/GWRPM25c0p05/Monthly/Asia/V5GL06.HybridPM25c_0p05.Asia.201402-201402.nc,c929003204792ecf14c00aa50f4dc065,2026-09-26T04:55:15+00:00,ee5d95fd7b8b803f5505cdd24a9b4ef821bf1e0074758c3140dccc67c71ec4ba,1249872,primary monthly 0.05; s3 last_modified 2026-09-22T20:46:45.000Z
V5GL06/GWRPM25c0p05/Monthly/Asia/V5GL06.HybridPM25c_0p05.Asia.201404-201404.nc,https://satpmdata.s3.amazonaws.com/V5GL06/GWRPM25c0p05/Monthly/Asia/V5GL06.HybridPM25c_0p05.Asia.201404-201404.nc,d2cb86548152b52d10d8d1c9d91fae22,2026-09-26T04:55:16+00:00,8a163ef434fb54b5f294cef96c251d469c3675bb359897bb14cbef6b668e0a6b,1201930,primary monthly 0.05; s3 last_modified 2026-09-22T20:46:45.000Z
V5GL06/GWRPM25c0p05/Monthly/Asia/V5GL06.HybridPM25c_0p05.Asia.201405-201405.nc,https://satpmdata.s3.amazonaws.com/V5GL06/GWRPM25c0p05/Monthly/Asia/V5GL06.HybridPM25c_0p05.Asia.201405-201405.nc,b9d719ecd0d109bf3690080f2a993a42,2026-09-26T04:55:17+00:00,58b6a8b5d1d3c567388bf126809dba95ed5dacb600e4c4c31fc5edb74bc80699,1187877,primary monthly 0.05; s3 last_modified 2026-09-22T20:46:45.000Z
V5GL06/GWRPM25c0p05/Monthly/Asia/V5GL06.HybridPM25c_0p05.Asia.201406-201406.nc,https://satpmdata.s3.amazonaws.com/V5GL06/GWRPM25c0p05/Monthly/Asia/V5GL06.HybridPM25c_0p05.Asia.201406-201406.nc,1e7ab1f2e8188c41f9c24db7ce26e1a5,2026-09-26T04:55:18+00:00,120af26cf8b4cc527f18faa2c72f8a176843b6e2bd709d68c6c1d69edae9a4b6,1095333,primary monthly 0.05; s3 last_modified 2026-09-22T20:46:45.000Z
V5GL06/GWRPM25c0p05/Monthly/Asia/V5GL06.HybridPM25c_0p05.Asia.201408-201408.nc,https://satpmdata.s3.amazonaws.com/V5GL06/GWRPM25c0p05/Monthly/Asia/V5GL06.HybridPM25c_0p05.Asia.201408-201408.nc,063c5c9e9b8511e5d61d395aa7231a9f,2026-09-26T04:55:22+00:00,f7dcbf03ead783e7408c1b1163de788b13d2a862412778e248409ab6d179933f,1079573,primary monthly 0.05; s3 last_modified 2026-09-22T20:46:45.000Z
V5GL06/GWRPM25c0p05/Monthly/Asia/V5GL06.HybridPM25c_0p05.Asia.201407-201407.nc,https://satpmdata.s3.amazonaws.com/V5GL06/GWRPM25c0p05/Monthly/Asia/V5GL06.HybridPM25c_0p05.Asia.201407-201407.nc,175bd7063a824e57c9ea3355c514bf67,2026-09-26T04:55:23+00:00,b0af8621fc061a65b77a0232ecb984527bca85867ab78c43561f94ded9c673d1,1088927,primary monthly 0.05; s3 last_modified 2026-09-22T20:46:45.000Z
V5GL06/GWRPM25c0p05/Monthly/Asia/V5GL06.HybridPM25c_0p05.Asia.201410-201410.nc,https://satpmdata.s3.amazonaws.com/V5GL06/GWRPM25c0p05/Monthly/Asia/V5GL06.HybridPM25c_0p05.Asia.201410-201410.nc,e1c50e4f7a55a0307dd375c697821c77,2026-09-26T04:55:28+00:00,f7c5765d8137ee3f112b44da1f0776d61faf22fc99e4622443f0a04d8f2adaac,1255041,primary monthly 0.05; s3 last_modified 2026-09-22T20:46:45.000Z
V5GL06/GWRPM25c0p05/Monthly/Asia/V5GL06.HybridPM25c_0p05.Asia.201409-201409.nc,https://satpmdata.s3.amazonaws.com/V5GL06/GWRPM25c0p05/Monthly/Asia/V5GL06.HybridPM25c_0p05.Asia.201409-201409.nc,ebe01d8bb0d8490b263426269a1f601a,2026-09-26T04:55:30+00:00,b86f6db8f910ee9736ba186cb649f2ecedd2da4f8ec5de54db1b37af2a695ffa,1145117,primary monthly 0.05; s3 last_modified 2026-09-22T20:46:45.000Z
V5GL06/GWRPM25c0p05/Monthly/Asia/V5GL06.HybridPM25c_0p05.Asia.201412-201412.nc,https://satpmdata.s3.amazonaws.com/V5GL06/GWRPM25c0p05/Monthly/Asia/V5GL06.HybridPM25c_0p05.Asia.201412-201412.nc,959fe85b7b59f14472e6536d579fb137,2026-09-26T04:55:35+00:00,71ade248c7b94bff21a6f9690f2c3cebff4d74df47a9d8625a3575f3a1735f38,1300555,primary monthly 0.05; s3 last_modified 2026-09-22T20:46:45.000Z
V5GL06/GWRPM25c0p05/Monthly/Asia/V5GL06.HybridPM25c_0p05.Asia.201411-201411.nc,https://satpmdata.s3.amazonaws.com/V5GL06/GWRPM25c0p05/Monthly/Asia/V5GL06.HybridPM25c_0p05.Asia.201411-201411.nc,0367baca0cac43497105a37627f4003f,2026-09-26T04:55:38+00:00,37c6911a090ba777948ee04bed794a0bd593f1bc32472b6def1912e4fd9f1d25,1271280,primary monthly 0.05; s3 last_modified 2026-09-22T20:46:45.000Z
V5GL06/GWRPM25c0p05/Monthly/Asia/V5GL06.HybridPM25c_0p05.Asia.201501-201501.nc,https://satpmdata.s3.amazonaws.com/V5GL06/GWRPM25c0p05/Monthly/Asia/V5GL06.HybridPM25c_0p05.Asia.201501-201501.nc,9f6532297c6c9d32e938d7ca6aa2f6f9,2026-09-26T04:55:38+00:00,3f0bfc19c61504384a4871065724333354ac8e91e4b5eaa088e4001d3623cc38,1303572,primary monthly 0.05; s3 last_modified 2026-09-22T20:46:45.000Z
V5GL06/GWRPM25c0p05/Monthly/Asia/V5GL06.HybridPM25c_0p05.Asia.201502-201502.nc,https://satpmdata.s3.amazonaws.com/V5GL06/GWRPM25c0p05/Monthly/Asia/V5GL06.HybridPM25c_0p05.Asia.201502-201502.nc,79552f77971a9417071adbffd09488c9,2026-09-26T04:55:39+00:00,7e9a64bf33e20bbba939ddaed732ac2d78bba3346c035118ce894916c45a6765,1273584,primary monthly 0.05; s3 last_modified 2026-09-22T20:46:45.000Z
V5GL06/GWRPM25c0p05/Monthly/Asia/V5GL06.HybridPM25c_0p05.Asia.201503-201503.nc,https://satpmdata.s3.amazonaws.com/V5GL06/GWRPM25c0p05/Monthly/Asia/V5GL06.HybridPM25c_0p05.Asia.201503-201503.nc,e7633bbbec7df2b394387d5c827975ed,2026-09-26T04:55:45+00:00,520ca633ebf44598faf6d2fabde22eb3458de6160d256eeb33b34a61ccfc05c4,1213991,primary monthly 0.05; s3 last_modified 2026-09-22T20:46:45.000Z
V5GL06/GWRPM25c0p05/Monthly/Asia/V5GL06.HybridPM25c_0p05.Asia.201506-201506.nc,https://satpmdata.s3.amazonaws.com/V5GL06/GWRPM25c0p05/Monthly/Asia/V5GL06.HybridPM25c_0p05.Asia.201506-201506.nc,fe747b6c7301aecbf94f3a1bbf2ab0e5,2026-09-26T04:55:48+00:00,948f34cea21e4c1d8473161008058afc31c021632951b2675bd080e6d0d1ac45,1096670,primary monthly 0.05; s3 last_modified 2026-09-22T20:46:45.000Z
V5GL06/GWRPM25c0p05/Monthly/Asia/V5GL06.HybridPM25c_0p05.Asia.201504-201504.nc,https://satpmdata.s3.amazonaws.com/V5GL06/GWRPM25c0p05/Monthly/Asia/V5GL06.HybridPM25c_0p05.Asia.201504-201504.nc,844c03328dff1be4f54404b52b3a1a1e,2026-09-26T04:55:49+00:00,92a87650668bb6d368d8c9b30a3adcfec0b7b6ab9a3568f44edc005692a15ffb,1206314,primary monthly 0.05; s3 last_modified 2026-09-22T20:46:45.000Z
V5GL06/GWRPM25c0p05/Monthly/Asia/V5GL06.HybridPM25c_0p05.Asia.201505-201505.nc,https://satpmdata.s3.amazonaws.com/V5GL06/GWRPM25c0p05/Monthly/Asia/V5GL06.HybridPM25c_0p05.Asia.201505-201505.nc,c20368cda40264084eb778945c4e8f6b,2026-09-26T04:55:50+00:00,b6fc66046ef289ef8dd2aee4657bc9ba5dc5c84c7a45d8342eec64416988ce5d,1178745,primary monthly 0.05; s3 last_modified 2026-09-22T20:46:45.000Z
V5GL06/GWRPM25c0p05/Monthly/Asia/V5GL06.HybridPM25c_0p05.Asia.201507-201507.nc,https://satpmdata.s3.amazonaws.com/V5GL06/GWRPM25c0p05/Monthly/Asia/V5GL06.HybridPM25c_0p05.Asia.201507-201507.nc,5786a1decf2af9aefdc60e9c2b6968b7,2026-09-26T04:55:56+00:00,ddc667534a3d7c517e48043f041e028e6400b7d56611c1ec43bc1856262a67a8,1099571,primary monthly 0.05; s3 last_modified 2026-09-22T20:46:45.000Z
V5GL06/GWRPM25c0p05/Monthly/Asia/V5GL06.HybridPM25c_0p05.Asia.201510-201510.nc,https://satpmdata.s3.amazonaws.com/V5GL06/GWRPM25c0p05/Monthly/Asia/V5GL06.HybridPM25c_0p05.Asia.201510-201510.nc,293583620bd6cffdec2829729bbac62a,2026-09-26T04:55:58+00:00,fb52fc56dd2da07cabb785b60714f47c16a67a88399832de55bc5236490ea7a4,1278899,primary monthly 0.05; s3 last_modified 2026-09-22T20:46:45.000Z
V5GL06/GWRPM25c0p05/Monthly/Asia/V5GL06.HybridPM25c_0p05.Asia.201511-201511.nc,https://satpmdata.s3.amazonaws.com/V5GL06/GWRPM25c0p05/Monthly/Asia/V5GL06.HybridPM25c_0p05.Asia.201511-201511.nc,13b2e880d7fdf52261dee6fe872b1e5b,2026-09-26T04:56:03+00:00,bb2c51d354e1cbf5a51f30ab2ad9610bdae599296fa726fd873e930df3e77abf,1309793,primary monthly 0.05; s3 last_modified 2026-09-22T20:46:45.000Z
V5GL06/GWRPM25c0p05/Monthly/Asia/V5GL06.HybridPM25c_0p05.Asia.201509-201509.nc,https://satpmdata.s3.amazonaws.com/V5GL06/GWRPM25c0p05/Monthly/Asia/V5GL06.HybridPM25c_0p05.Asia.201509-201509.nc,0a699b6d0466b5f4818698cfdc513a3e,2026-09-26T04:56:03+00:00,7808cdde8bc27685a7a79d4fb4acb5869bd247aeebf7b57ebc65201e1986bb37,1180925,primary monthly 0.05; s3 last_modified 2026-09-22T20:46:45.000Z
V5GL06/GWRPM25c0p05/Monthly/Asia/V5GL06.HybridPM25c_0p05.Asia.201508-201508.nc,https://satpmdata.s3.amazonaws.com/V5GL06/GWRPM25c0p05/Monthly/Asia/V5GL06.HybridPM25c_0p05.Asia.201508-201508.nc,f0b367ff48ba02b11901200c6ee9df3c,2026-09-26T04:56:05+00:00,a3dce92f658fa8f751725ab7f65820b0670282822b4bad024ec326e0ce401ff7,1104490,primary monthly 0.05; s3 last_modified 2026-09-22T20:46:45.000Z
V5GL06/GWRPM25c0p05/Monthly/Asia/V5GL06.HybridPM25c_0p05.Asia.201512-201512.nc,https://satpmdata.s3.amazonaws.com/V5GL06/GWRPM25c0p05/Monthly/Asia/V5GL06.HybridPM25c_0p05.Asia.201512-201512.nc,4c28dfdfabf637a20adaf21b51cbf879,2026-09-26T04:56:07+00:00,261b5acb221936cb81eaa6d65efdbbc0252fb40f986a54b91f0933f77c78f745,1344240,primary monthly 0.05; s3 last_modified 2026-09-22T20:46:45.000Z
V5GL06/GWRPM25c0p05/Monthly/Asia/V5GL06.HybridPM25c_0p05.Asia.201601-201601.nc,https://satpmdata.s3.amazonaws.com/V5GL06/GWRPM25c0p05/Monthly/Asia/V5GL06.HybridPM25c_0p05.Asia.201601-201601.nc,4e34787b78c6c477b50f14cfa33b613e,2026-09-26T04:56:13+00:00,6f39cde332c796760a0ee646844acc5507d5a994a07e5478d914cfd5daf0b581,1306243,primary monthly 0.05; s3 last_modified 2026-09-22T20:46:45.000Z
V5GL06/GWRPM25c0p05/Monthly/Asia/V5GL06.HybridPM25c_0p05.Asia.201602-201602.nc,https://satpmdata.s3.amazonaws.com/V5GL06/GWRPM25c0p05/Monthly/Asia/V5GL06.HybridPM25c_0p05.Asia.201602-201602.nc,2688635ffdbde32e7413226178d0c901,2026-09-26T04:56:15+00:00,b25da028b5f515edb587efe431003fb597f147cb3a1350a15d63e2a8b02d50e7,1287126,primary monthly 0.05; s3 last_modified 2026-09-22T20:46:45.000Z
V5GL06/GWRPM25c0p05/Monthly/Asia/V5GL06.HybridPM25c_0p05.Asia.201603-201603.nc,https://satpmdata.s3.amazonaws.com/V5GL06/GWRPM25c0p05/Monthly/Asia/V5GL06.HybridPM25c_0p05.Asia.201603-201603.nc,0a02c244659a035d2ccdb859d52249a7,2026-09-26T04:56:16+00:00,a96e7a130a028451d51e8b925f4280d5a5257f1bdff057af8066836d961ee01b,1265875,primary monthly 0.05; s3 last_modified 2026-09-22T20:46:45.000Z
V5GL06/GWRPM25c0p05/Monthly/Asia/V5GL06.HybridPM25c_0p05.Asia.201604-201604.nc,https://satpmdata.s3.amazonaws.com/V5GL06/GWRPM25c0p05/Monthly/Asia/V5GL06.HybridPM25c_0p05.Asia.201604-201604.nc,a34c58a5234bcba939fc2c4a85a432d0,2026-09-26T04:56:18+00:00,8aaedca3cd733f421e34a73e0f36eb719d51cc8cb3303e1084dbf53b135e55a3,1223675,primary monthly 0.05; s3 last_modified 2026-09-22T20:46:45.000Z
V5GL06/GWRPM25c0p05/Monthly/Asia/V5GL06.HybridPM25c_0p05.Asia.201606-201606.nc,https://satpmdata.s3.amazonaws.com/V5GL06/GWRPM25c0p05/Monthly/Asia/V5GL06.HybridPM25c_0p05.Asia.201606-201606.nc,107ec98ae39116ae5c07196c39ca2fa9,2026-09-26T04:56:22+00:00,fb36d6c0e1713c972003a35357ef443024373384dbdfc513f2fb66cd480244a6,1098990,primary monthly 0.05; s3 last_modified 2026-09-22T20:46:45.000Z
V5GL06/GWRPM25c0p05/Monthly/Asia/V5GL06.HybridPM25c_0p05.Asia.201605-201605.nc,https://satpmdata.s3.amazonaws.com/V5GL06/GWRPM25c0p05/Monthly/Asia/V5GL06.HybridPM25c_0p05.Asia.201605-201605.nc,cba2ca73d90055b38d8a882424309fba,2026-09-26T04:56:23+00:00,6da72ecd818801fed7d7c3e99605380641c274535e711d2ba8f20376744c3e1f,1200465,primary monthly 0.05; s3 last_modified 2026-09-22T20:46:45.000Z
V5GL06/GWRPM25c0p05/Monthly/Asia/V5GL06.HybridPM25c_0p05.Asia.201608-201608.nc,https://satpmdata.s3.amazonaws.com/V5GL06/GWRPM25c0p05/Monthly/Asia/V5GL06.HybridPM25c_0p05.Asia.201608-201608.nc,459ea28fa776fcdc7ee407e423de0fd3,2026-09-26T04:56:25+00:00,278e6734fe292d4efb33b65bfd644aa98981f8e13164d1af1bfbd9a7267718ee,1065777,primary monthly 0.05; s3 last_modified 2026-09-22T20:46:45.000Z
V5GL06/GWRPM25c0p05/Monthly/Asia/V5GL06.HybridPM25c_0p05.Asia.201607-201607.nc,https://satpmdata.s3.amazonaws.com/V5GL06/GWRPM25c0p05/Monthly/Asia/V5GL06.HybridPM25c_0p05.Asia.201607-201607.nc,b3a350b1d83ef446588c361c55b88731,2026-09-26T04:56:26+00:00,641051ed4c1788b2ee7dbc5cf9f040fd2aeac2aa320d99fddfde1a6834b80c3a,1079528,primary monthly 0.05; s3 last_modified 2026-09-22T20:46:45.000Z
V5GL06/GWRPM25c0p05/Monthly/Asia/V5GL06.HybridPM25c_0p05.Asia.201609-201609.nc,https://satpmdata.s3.amazonaws.com/V5GL06/GWRPM25c0p05/Monthly/Asia/V5GL06.HybridPM25c_0p05.Asia.201609-201609.nc,6dd838858256a13cd45194a029cb63ab,2026-09-26T04:56:29+00:00,918e5e7f11d6a9d272cecdee872c4833f0e8ee0659a7ed120cae1359a9c3491c,1118605,primary monthly 0.05; s3 last_modified 2026-09-22T20:46:45.000Z
V5GL06/GWRPM25c0p05/Monthly/Asia/V5GL06.HybridPM25c_0p05.Asia.201610-201610.nc,https://satpmdata.s3.amazonaws.com/V5GL06/GWRPM25c0p05/Monthly/Asia/V5GL06.HybridPM25c_0p05.Asia.201610-201610.nc,0282c3e6672a18bd8ee5ebe6d8decced,2026-09-26T04:56:30+00:00,82bb454a7ba1dab41b6fbe7a72e244dc91360feb254ef2f39a3642b7b35ef412,1216698,primary monthly 0.05; s3 last_modified 2026-09-22T20:46:45.000Z
V5GL06/GWRPM25c0p05/Monthly/Asia/V5GL06.HybridPM25c_0p05.Asia.201612-201612.nc,https://satpmdata.s3.amazonaws.com/V5GL06/GWRPM25c0p05/Monthly/Asia/V5GL06.HybridPM25c_0p05.Asia.201612-201612.nc,1ddfc196f4c5287ecfc015faba65090e,2026-09-26T04:56:37+00:00,96031721b1767a58e62b2856fffe5680a0699b7c10fe8d7685a0435c4d3b55ab,1340783,primary monthly 0.05; s3 last_modified 2026-09-22T20:46:45.000Z
V5GL06/GWRPM25c0p05/Monthly/Asia/V5GL06.HybridPM25c_0p05.Asia.201611-201611.nc,https://satpmdata.s3.amazonaws.com/V5GL06/GWRPM25c0p05/Monthly/Asia/V5GL06.HybridPM25c_0p05.Asia.201611-201611.nc,d2945708f399f0ab9a2c85334eeeeeb7,2026-09-26T04:56:39+00:00,d0976875f07cb04a548930bae708f8010c7d66751dde90525b3b6e02c3d311fe,1317663,primary monthly 0.05; s3 last_modified 2026-09-22T20:46:45.000Z
V5GL06/GWRPM25c0p05/Monthly/Asia/V5GL06.HybridPM25c_0p05.Asia.201702-201702.nc,https://satpmdata.s3.amazonaws.com/V5GL06/GWRPM25c0p05/Monthly/Asia/V5GL06.HybridPM25c_0p05.Asia.201702-201702.nc,815d2d099f577fc49301f2ba6e1a7786,2026-09-26T04:56:41+00:00,7e7b9dec8c0a7919ebbd998bc27c88c6385d9bc1db113439c840ef1f84eba4ed,1297440,primary monthly 0.05; s3 last_modified 2026-09-22T20:46:45.000Z
V5GL06/GWRPM25c0p05/Monthly/Asia/V5GL06.HybridPM25c_0p05.Asia.201701-201701.nc,https://satpmdata.s3.amazonaws.com/V5GL06/GWRPM25c0p05/Monthly/Asia/V5GL06.HybridPM25c_0p05.Asia.201701-201701.nc,3c61c6c57a89e4d19985df0129fde476,2026-09-26T04:56:42+00:00,c2f21b86875855fbbff17b4efab9b80c16b17410151396412a2170646982b0ae,1337567,primary monthly 0.05; s3 last_modified 2026-09-22T20:46:45.000Z
V5GL06/GWRPM25c0p05/Monthly/Asia/V5GL06.HybridPM25c_0p05.Asia.201704-201704.nc,https://satpmdata.s3.amazonaws.com/V5GL06/GWRPM25c0p05/Monthly/Asia/V5GL06.HybridPM25c_0p05.Asia.201704-201704.nc,7795cbd14f0bf2c366b4359fab330ccd,2026-09-26T04:56:45+00:00,f9a1d5cfe41987ad938fc4261d2ad9796f1cd81b333c1e023bdeb76439508b25,1227365,primary monthly 0.05; s3 last_modified 2026-09-22T20:46:45.000Z
V5GL06/GWRPM25c0p05/Monthly/Asia/V5GL06.HybridPM25c_0p05.Asia.201703-201703.nc,https://satpmdata.s3.amazonaws.com/V5GL06/GWRPM25c0p05/Monthly/Asia/V5GL06.HybridPM25c_0p05.Asia.201703-201703.nc,4c82b3be7c7550147e6d098804293389,2026-09-26T04:56:47+00:00,c979003e7b44456bcc5a9f32073ab363ece0aeb64fbc7bdaa56e56d2270d1959,1241928,primary monthly 0.05; s3 last_modified 2026-09-22T20:46:45.000Z
V5GL06/GWRPM25c0p05/Monthly/Asia/V5GL06.HybridPM25c_0p05.Asia.201705-201705.nc,https://satpmdata.s3.amazonaws.com/V5GL06/GWRPM25c0p05/Monthly/Asia/V5GL06.HybridPM25c_0p05.Asia.201705-201705.nc,bfd9b37bed5ba58ec778ce3eb93761c8,2026-09-26T04:56:51+00:00,fd8a35ad7d6fe63bb842adf21b6ee30fbc18e6b3192e57e9fafaa64a44a908bf,1191939,primary monthly 0.05; s3 last_modified 2026-09-22T20:46:45.000Z
V5GL06/GWRPM25c0p05/Monthly/Asia/V5GL06.HybridPM25c_0p05.Asia.201706-201706.nc,https://satpmdata.s3.amazonaws.com/V5GL06/GWRPM25c0p05/Monthly/Asia/V5GL06.HybridPM25c_0p05.Asia.201706-201706.nc,9e6319cbdb03eaffdd59814de22b7420,2026-09-26T04:56:51+00:00,944b2ea405ddfb1d65c90e4260049eb0fb93f12d71cd8bc9cffcfe8d1af2ea36,1101472,primary monthly 0.05; s3 last_modified 2026-09-22T20:46:45.000Z
V5GL06/GWRPM25c0p05/Monthly/Asia/V5GL06.HybridPM25c_0p05.Asia.201708-201708.nc,https://satpmdata.s3.amazonaws.com/V5GL06/GWRPM25c0p05/Monthly/Asia/V5GL06.HybridPM25c_0p05.Asia.201708-201708.nc,358710681b906b6c2dbbb1164ccb3002,2026-09-26T04:56:56+00:00,a7fbf8f0a9943795fd38ffc3c749981d5c2d69c875afd1824be2714ebaf44c04,1078494,primary monthly 0.05; s3 last_modified 2026-09-22T20:46:46.000Z
V5GL06/GWRPM25c0p05/Monthly/Asia/V5GL06.HybridPM25c_0p05.Asia.201707-201707.nc,https://satpmdata.s3.amazonaws.com/V5GL06/GWRPM25c0p05/Monthly/Asia/V5GL06.HybridPM25c_0p05.Asia.201707-201707.nc,96e610c6eb07d2f8a56253333bf881a8,2026-09-26T04:56:59+00:00,b139132fefb36f2be08e2dc4ecc03d21658ba6f43b7042cdee5c6d24ce962e9b,1081785,primary monthly 0.05; s3 last_modified 2026-09-22T20:46:46.000Z
V5GL06/GWRPM25c0p05/Monthly/Asia/V5GL06.HybridPM25c_0p05.Asia.201709-201709.nc,https://satpmdata.s3.amazonaws.com/V5GL06/GWRPM25c0p05/Monthly/Asia/V5GL06.HybridPM25c_0p05.Asia.201709-201709.nc,6bc5686061b3d506f8cac0546fcf959f,2026-09-26T04:57:02+00:00,cac21b532ada2800846056aef5db7b9bd25503de15cc14e401103545a1479ba1,1132165,primary monthly 0.05; s3 last_modified 2026-09-22T20:46:46.000Z
V5GL06/GWRPM25c0p05/Monthly/Asia/V5GL06.HybridPM25c_0p05.Asia.201710-201710.nc,https://satpmdata.s3.amazonaws.com/V5GL06/GWRPM25c0p05/Monthly/Asia/V5GL06.HybridPM25c_0p05.Asia.201710-201710.nc,18e0855c0ad01ff3985db7182084d200,2026-09-26T04:57:03+00:00,915637dec5ed4e05fb1328a7b184ecd07e2ac5a0ede402c64c48b555034689d6,1233775,primary monthly 0.05; s3 last_modified 2026-09-22T20:46:46.000Z
V5GL06/GWRPM25c0p05/Monthly/Asia/V5GL06.HybridPM25c_0p05.Asia.201711-201711.nc,https://satpmdata.s3.amazonaws.com/V5GL06/GWRPM25c0p05/Monthly/Asia/V5GL06.HybridPM25c_0p05.Asia.201711-201711.nc,24126c2d6d85be27c05309074cc36dbb,2026-09-26T04:57:06+00:00,180746d5e20cb31d25382a1c5828cc9e0a54667503782e5958720c4bf0e78cca,1273652,primary monthly 0.05; s3 last_modified 2026-09-22T20:46:46.000Z
V5GL06/GWRPM25c0p05/Monthly/Asia/V5GL06.HybridPM25c_0p05.Asia.201802-201802.nc,https://satpmdata.s3.amazonaws.com/V5GL06/GWRPM25c0p05/Monthly/Asia/V5GL06.HybridPM25c_0p05.Asia.201802-201802.nc,7d30e2e799b788c194758b4211b25687,2026-09-26T04:57:13+00:00,b8231ef4c003af989b9dae9b54108d115043c459949e04b659da78b72cf33feb,1272748,primary monthly 0.05; s3 last_modified 2026-09-22T20:46:46.000Z
V5GL06/GWRPM25c0p05/Monthly/Asia/V5GL06.HybridPM25c_0p05.Asia.201801-201801.nc,https://satpmdata.s3.amazonaws.com/V5GL06/GWRPM25c0p05/Monthly/Asia/V5GL06.HybridPM25c_0p05.Asia.201801-201801.nc,ff56bd10611f29396e55ceac216637b7,2026-09-26T04:57:14+00:00,db7ee5ddfdbd985cda83e493903b4faa9e176a5182e871523281e194a3ec26fb,1307877,primary monthly 0.05; s3 last_modified 2026-09-22T20:46:46.000Z
V5GL06/GWRPM25c0p05/Monthly/Asia/V5GL06.HybridPM25c_0p05.Asia.201712-201712.nc,https://satpmdata.s3.amazonaws.com/V5GL06/GWRPM25c0p05/Monthly/Asia/V5GL06.HybridPM25c_0p05.Asia.201712-201712.nc,3858758193eb24d9c899f4a807e3d057,2026-09-26T04:57:14+00:00,1c63863c98e3f4b197eb69de86ba96e696dac83c2e8423a4ff68924ecd58485e,1320094,primary monthly 0.05; s3 last_modified 2026-09-22T20:46:46.000Z
V5GL06/GWRPM25c0p05/Monthly/Asia/V5GL06.HybridPM25c_0p05.Asia.201803-201803.nc,https://satpmdata.s3.amazonaws.com/V5GL06/GWRPM25c0p05/Monthly/Asia/V5GL06.HybridPM25c_0p05.Asia.201803-201803.nc,b57360a4ae518405fe6601fe8adaaca1,2026-09-26T04:57:17+00:00,6c27a348e48583d1cfebb5145e1280e7f3bff61e3278424e734223b880ced50c,1232348,primary monthly 0.05; s3 last_modified 2026-09-22T20:46:46.000Z
V5GL06/GWRPM25c0p05/Monthly/Asia/V5GL06.HybridPM25c_0p05.Asia.201804-201804.nc,https://satpmdata.s3.amazonaws.com/V5GL06/GWRPM25c0p05/Monthly/Asia/V5GL06.HybridPM25c_0p05.Asia.201804-201804.nc,410b1f09e185b79a60f8c2c83aa90edf,2026-09-26T04:57:25+00:00,a025d808be8e8af08f60d54d7f69cb620bbd6902a989c5a6daaf09470e42b1ab,1248327,primary monthly 0.05; s3 last_modified 2026-09-22T20:46:46.000Z
V5GL06/GWRPM25c0p05/Monthly/Asia/V5GL06.HybridPM25c_0p05.Asia.201806-201806.nc,https://satpmdata.s3.amazonaws.com/V5GL06/GWRPM25c0p05/Monthly/Asia/V5GL06.HybridPM25c_0p05.Asia.201806-201806.nc,1619be462f425feb2811e2209baef175,2026-09-26T04:57:26+00:00,b5875e98db1ecd896325595adfea4037287634fe02b26eedea8c9f245c613174,1106852,primary monthly 0.05; s3 last_modified 2026-09-22T20:46:46.000Z
V5GL06/GWRPM25c0p05/Monthly/Asia/V5GL06.HybridPM25c_0p05.Asia.201805-201805.nc,https://satpmdata.s3.amazonaws.com/V5GL06/GWRPM25c0p05/Monthly/Asia/V5GL06.HybridPM25c_0p05.Asia.201805-201805.nc,08c5406092cfdb4e14fec9e0c146b9b9,2026-09-26T04:57:26+00:00,4ea4b39220ceb858157c3608348d09d3d886a20006257128107544f8caed2736,1218060,primary monthly 0.05; s3 last_modified 2026-09-22T20:46:46.000Z
V5GL06/GWRPM25c0p05/Monthly/Asia/V5GL06.HybridPM25c_0p05.Asia.201807-201807.nc,https://satpmdata.s3.amazonaws.com/V5GL06/GWRPM25c0p05/Monthly/Asia/V5GL06.HybridPM25c_0p05.Asia.201807-201807.nc,7da443945f27848ab30a3a0a985da4b2,2026-09-26T04:57:29+00:00,70bfb7a8aac80862a27289baa1ea011cb98db518e250d2e23380ee8cd742cc5a,1080591,primary monthly 0.05; s3 last_modified 2026-09-22T20:46:46.000Z
V5GL06/GWRPM25c0p05/Monthly/Asia/V5GL06.HybridPM25c_0p05.Asia.201808-201808.nc,https://satpmdata.s3.amazonaws.com/V5GL06/GWRPM25c0p05/Monthly/Asia/V5GL06.HybridPM25c_0p05.Asia.201808-201808.nc,379cd9b2bea6b78c1267aac60d3b9424,2026-09-26T04:57:35+00:00,60e91324044a0b17ab7a85a9dfafea4f1d742bcd425c4a9a346472513017012b,1088023,primary monthly 0.05; s3 last_modified 2026-09-22T20:46:46.000Z
V5GL06/GWRPM25c0p05/Monthly/Asia/V5GL06.HybridPM25c_0p05.Asia.201810-201810.nc,https://satpmdata.s3.amazonaws.com/V5GL06/GWRPM25c0p05/Monthly/Asia/V5GL06.HybridPM25c_0p05.Asia.201810-201810.nc,6fde692966fcd7ff95ace9397ec9ea7e,2026-09-26T04:57:36+00:00,5083bbeae7469d4abda14c45b4f44a2ab0e2a13e25ab16d670ea34b3ce114aab,1219505,primary monthly 0.05; s3 last_modified 2026-09-22T20:46:46.000Z
V5GL06/GWRPM25c0p05/Monthly/Asia/V5GL06.HybridPM25c_0p05.Asia.201809-201809.nc,https://satpmdata.s3.amazonaws.com/V5GL06/GWRPM25c0p05/Monthly/Asia/V5GL06.HybridPM25c_0p05.Asia.201809-201809.nc,1bdc12ce7d3a3f24df06a2baa0a1528b,2026-09-26T04:57:37+00:00,2f5391a51f183ed7311ca0f6ccc78cba4e0d4da7cb5740ad4f05fbeb0ce2f6da,1134701,primary monthly 0.05; s3 last_modified 2026-09-22T20:46:46.000Z
V5GL06/GWRPM25c0p05/Monthly/Asia/V5GL06.HybridPM25c_0p05.Asia.201812-201812.nc,https://satpmdata.s3.amazonaws.com/V5GL06/GWRPM25c0p05/Monthly/Asia/V5GL06.HybridPM25c_0p05.Asia.201812-201812.nc,8aecd576c1ebb112028396c9fd249bd6,2026-09-26T04:57:44+00:00,016d9cde414e5a14657e93b1fc5dddc81e9073ef8d6988c5a449a441c7ac6028,1330842,primary monthly 0.05; s3 last_modified 2026-09-22T20:46:46.000Z
V5GL06/GWRPM25c0p05/Monthly/Asia/V5GL06.HybridPM25c_0p05.Asia.201901-201901.nc,https://satpmdata.s3.amazonaws.com/V5GL06/GWRPM25c0p05/Monthly/Asia/V5GL06.HybridPM25c_0p05.Asia.201901-201901.nc,72e396c9048d78f802d5eec20ccf4eca,2026-09-26T04:57:46+00:00,3f0de7d8725625290912df430c4b08a69ec59601d5b49af192279ff870a1b544,1329873,primary monthly 0.05; s3 last_modified 2026-09-22T20:46:46.000Z
V5GL06/GWRPM25c0p05/Monthly/Asia/V5GL06.HybridPM25c_0p05.Asia.201902-201902.nc,https://satpmdata.s3.amazonaws.com/V5GL06/GWRPM25c0p05/Monthly/Asia/V5GL06.HybridPM25c_0p05.Asia.201902-201902.nc,4bf942e38fa0a440f7c3b9c9b25149c8,2026-09-26T04:57:46+00:00,b04cf3b5ec2dbd2f6aea35558e7cc217a985d651510f1edd2cccb9ccff7f6b04,1271376,primary monthly 0.05; s3 last_modified 2026-09-22T20:46:46.000Z
V5GL06/GWRPM25c0p05/Monthly/Asia/V5GL06.HybridPM25c_0p05.Asia.201811-201811.nc,https://satpmdata.s3.amazonaws.com/V5GL06/GWRPM25c0p05/Monthly/Asia/V5GL06.HybridPM25c_0p05.Asia.201811-201811.nc,0d1f8ecef2f16ec80d4627fe2b46b8c0,2026-09-26T04:57:50+00:00,2641f1320b597e9d69b472926ccd9b0b84b9f35aa4ce455c4df8d95687c32003,1271243,primary monthly 0.05; s3 last_modified 2026-09-22T20:46:46.000Z
V5GL06/GWRPM25c0p05/Monthly/Asia/V5GL06.HybridPM25c_0p05.Asia.201904-201904.nc,https://satpmdata.s3.amazonaws.com/V5GL06/GWRPM25c0p05/Monthly/Asia/V5GL06.HybridPM25c_0p05.Asia.201904-201904.nc,c21f0c86e5911c8bbbbd4a5aaf29ef73,2026-09-26T04:57:56+00:00,4db3845926d93e6b05deff4478532c48faabb42d5ce5c6b803032af7e24c052b,1207633,primary monthly 0.05; s3 last_modified 2026-09-22T20:46:46.000Z
V5GL06/GWRPM25c0p05/Monthly/Asia/V5GL06.HybridPM25c_0p05.Asia.201903-201903.nc,https://satpmdata.s3.amazonaws.com/V5GL06/GWRPM25c0p05/Monthly/Asia/V5GL06.HybridPM25c_0p05.Asia.201903-201903.nc,ef95db5e6371e390f684aa18245fdfc4,2026-09-26T04:57:56+00:00,93c8943b455539ae4a3ce423e3b9853cf336befb1c72b607ac44dec129fefeb4,1236364,primary monthly 0.05; s3 last_modified 2026-09-22T20:46:46.000Z
V5GL06/GWRPM25c0p05/Monthly/Asia/V5GL06.HybridPM25c_0p05.Asia.201905-201905.nc,https://satpmdata.s3.amazonaws.com/V5GL06/GWRPM25c0p05/Monthly/Asia/V5GL06.HybridPM25c_0p05.Asia.201905-201905.nc,ba07edd4faef15f656005c0fe2f8d365,2026-09-26T04:57:56+00:00,1a2ae7c90b1b1a54a9cb79b9bc5cf5bef2dea265b785991a73f42a9180485482,1187629,primary monthly 0.05; s3 last_modified 2026-09-22T20:46:46.000Z
V5GL06/GWRPM25c0p05/Monthly/Asia/V5GL06.HybridPM25c_0p05.Asia.201906-201906.nc,https://satpmdata.s3.amazonaws.com/V5GL06/GWRPM25c0p05/Monthly/Asia/V5GL06.HybridPM25c_0p05.Asia.201906-201906.nc,3c46026e1c61c09cf021faf2582290bb,2026-09-26T04:58:00+00:00,15a654f2c5c6e509555d86a0fcaac32b1675f8a535a28da89cc3d11d12e053ce,1086446,primary monthly 0.05; s3 last_modified 2026-09-22T20:46:46.000Z
V5GL06/GWRPM25c0p05/Monthly/Asia/V5GL06.HybridPM25c_0p05.Asia.201908-201908.nc,https://satpmdata.s3.amazonaws.com/V5GL06/GWRPM25c0p05/Monthly/Asia/V5GL06.HybridPM25c_0p05.Asia.201908-201908.nc,b8b14852ef808741818688f81c92b2e1,2026-09-26T04:58:04+00:00,089a4dc1445e93040e5f2dd2d53cc6ef3303b38c35c841aeca50b591761f9e57,1095731,primary monthly 0.05; s3 last_modified 2026-09-22T20:46:46.000Z
V5GL06/GWRPM25c0p05/Monthly/Asia/V5GL06.HybridPM25c_0p05.Asia.201909-201909.nc,https://satpmdata.s3.amazonaws.com/V5GL06/GWRPM25c0p05/Monthly/Asia/V5GL06.HybridPM25c_0p05.Asia.201909-201909.nc,61b9b8413697318b9847ff5a3448eaec,2026-09-26T04:58:06+00:00,5ba2ad167a68543e13e6696a4af4cb3f08fae66c26ece303443e7cd7a2f2ff2b,1160977,primary monthly 0.05; s3 last_modified 2026-09-22T20:46:46.000Z
V5GL06/GWRPM25c0p05/Monthly/Asia/V5GL06.HybridPM25c_0p05.Asia.201907-201907.nc,https://satpmdata.s3.amazonaws.com/V5GL06/GWRPM25c0p05/Monthly/Asia/V5GL06.HybridPM25c_0p05.Asia.201907-201907.nc,a57908876f6f8b634404aa2b11cc68d7,2026-09-26T04:58:07+00:00,b3a485e16fc61428eaab0bb43fbc97a543d3727075db4443341a7f91d613a4bd,1061919,primary monthly 0.05; s3 last_modified 2026-09-22T20:46:46.000Z
V5GL06/GWRPM25c0p05/Monthly/Asia/V5GL06.HybridPM25c_0p05.Asia.201911-201911.nc,https://satpmdata.s3.amazonaws.com/V5GL06/GWRPM25c0p05/Monthly/Asia/V5GL06.HybridPM25c_0p05.Asia.201911-201911.nc,4cf6e6d56f3869e14da930020c904f6b,2026-09-26T04:58:11+00:00,576c1f06d6be244b980a3c1322125a617825f3480b59fd7c7ba936d2acfedc99,1259180,primary monthly 0.05; s3 last_modified 2026-09-22T20:46:46.000Z
V5GL06/GWRPM25c0p05/Monthly/Asia/V5GL06.HybridPM25c_0p05.Asia.201910-201910.nc,https://satpmdata.s3.amazonaws.com/V5GL06/GWRPM25c0p05/Monthly/Asia/V5GL06.HybridPM25c_0p05.Asia.201910-201910.nc,79491ed812e76914b4418d222bd7db35,2026-09-26T04:58:17+00:00,6ad359ae298b094ad0c70a381dca799a0242b70dd028d5f52181b2442825f9d4,1203818,primary monthly 0.05; s3 last_modified 2026-09-22T20:46:46.000Z
V5GL06/GWRPM25c0p05/Monthly/Asia/V5GL06.HybridPM25c_0p05.Asia.201912-201912.nc,https://satpmdata.s3.amazonaws.com/V5GL06/GWRPM25c0p05/Monthly/Asia/V5GL06.HybridPM25c_0p05.Asia.201912-201912.nc,c7951f485924bafc8b7856bafd7e1f1c,2026-09-26T04:58:20+00:00,d867bc0e12f07c8788e1e4b4483ddd57df06cb4f43b248f58112b5768b521feb,1315937,primary monthly 0.05; s3 last_modified 2026-09-22T20:46:46.000Z
V5GL06/GWRPM25c0p05/Monthly/Asia/V5GL06.HybridPM25c_0p05.Asia.202001-202001.nc,https://satpmdata.s3.amazonaws.com/V5GL06/GWRPM25c0p05/Monthly/Asia/V5GL06.HybridPM25c_0p05.Asia.202001-202001.nc,66fd9f10d1d53680ddee385e649f8b58,2026-09-26T04:58:23+00:00,25242947fcba4bfa1161a2cced85129faaf23ac7009f739b3ac07ee46d97c7a2,1317623,primary monthly 0.05; s3 last_modified 2026-09-22T20:46:46.000Z
V5GL06/GWRPM25c0p05/Monthly/Asia/V5GL06.HybridPM25c_0p05.Asia.202002-202002.nc,https://satpmdata.s3.amazonaws.com/V5GL06/GWRPM25c0p05/Monthly/Asia/V5GL06.HybridPM25c_0p05.Asia.202002-202002.nc,4c87955ef3931129feea2b5bfdeaa26b,2026-09-26T04:58:24+00:00,2b9cac23a0f5ea0484c9f4d0e02bf247efd15639c3a72cd7b293de8f5cd95a3f,1266443,primary monthly 0.05; s3 last_modified 2026-09-22T20:46:46.000Z
V5GL06/GWRPM25c0p05/Monthly/Asia/V5GL06.HybridPM25c_0p05.Asia.202003-202003.nc,https://satpmdata.s3.amazonaws.com/V5GL06/GWRPM25c0p05/Monthly/Asia/V5GL06.HybridPM25c_0p05.Asia.202003-202003.nc,d2bdc7c30c410faded9a2dd26f3e38d6,2026-09-26T04:58:30+00:00,c720ff91be4c07f9b30c80b633fe9afe44419b680eec3e1fc135d0b820494c07,1231255,primary monthly 0.05; s3 last_modified 2026-09-22T20:46:46.000Z
V5GL06/GWRPM25c0p05/Monthly/Asia/V5GL06.HybridPM25c_0p05.Asia.202005-202005.nc,https://satpmdata.s3.amazonaws.com/V5GL06/GWRPM25c0p05/Monthly/Asia/V5GL06.HybridPM25c_0p05.Asia.202005-202005.nc,b848e0d53545cf8c963acee6a5d87585,2026-09-26T04:58:33+00:00,0de518bc254b04976ef9a5ff3a7fcbda24e0707b287de6a54eaf89af31f3ec88,1156627,primary monthly 0.05; s3 last_modified 2026-09-22T20:46:46.000Z
V5GL06/GWRPM25c0p05/Monthly/Asia/V5GL06.HybridPM25c_0p05.Asia.202006-202006.nc,https://satpmdata.s3.amazonaws.com/V5GL06/GWRPM25c0p05/Monthly/Asia/V5GL06.HybridPM25c_0p05.Asia.202006-202006.nc,208432ff2879ac20c8682bccd1b46c8f,2026-09-26T04:58:33+00:00,c0bbedf7758578a00e8e80186923491c1eafa981d4e76aa00106ab7e78c4ef18,1088953,primary monthly 0.05; s3 last_modified 2026-09-22T20:46:46.000Z
V5GL06/GWRPM25c0p05/Monthly/Asia/V5GL06.HybridPM25c_0p05.Asia.202004-202004.nc,https://satpmdata.s3.amazonaws.com/V5GL06/GWRPM25c0p05/Monthly/Asia/V5GL06.HybridPM25c_0p05.Asia.202004-202004.nc,f6033e2754dddd1a929ee182344fe307,2026-09-26T04:58:38+00:00,2c26a6bae93a6b27a16dee781a22c87deba73b7b8e1f1af964ed8c0eb8537f59,1212728,primary monthly 0.05; s3 last_modified 2026-09-22T20:46:46.000Z
V5GL06/GWRPM25c0p05/Monthly/Asia/V5GL06.HybridPM25c_0p05.Asia.202007-202007.nc,https://satpmdata.s3.amazonaws.com/V5GL06/GWRPM25c0p05/Monthly/Asia/V5GL06.HybridPM25c_0p05.Asia.202007-202007.nc,e8800d1ccfa8cb8f3760399d4af297d5,2026-09-26T04:58:39+00:00,d2174fdbcaee0cca42eeaf736b12e2bde5e662f16fc3edf5197390de6922054e,1072510,primary monthly 0.05; s3 last_modified 2026-09-22T20:46:46.000Z
V5GL06/GWRPM25c0p05/Monthly/Asia/V5GL06.HybridPM25c_0p05.Asia.202009-202009.nc,https://satpmdata.s3.amazonaws.com/V5GL06/GWRPM25c0p05/Monthly/Asia/V5GL06.HybridPM25c_0p05.Asia.202009-202009.nc,cd866687c075ddf0860eb8f073d87b8c,2026-09-26T04:58:45+00:00,248f11862fb6a43403fd2b6ea4157fa020ed03a3799a8e5549cd47eacd87f173,1117662,primary monthly 0.05; s3 last_modified 2026-09-22T20:46:46.000Z
V5GL06/GWRPM25c0p05/Monthly/Asia/V5GL06.HybridPM25c_0p05.Asia.202011-202011.nc,https://satpmdata.s3.amazonaws.com/V5GL06/GWRPM25c0p05/Monthly/Asia/V5GL06.HybridPM25c_0p05.Asia.202011-202011.nc,0838425a12225de4e2f54bf7474c22fc,2026-09-26T04:58:46+00:00,98303d76cc7b8d13630799636f1c9be8f334d4fa2ca1cdd58f2e4bd9869355cf,1268857,primary monthly 0.05; s3 last_modified 2026-09-22T20:46:46.000Z
V5GL06/GWRPM25c0p05/Monthly/Asia/V5GL06.HybridPM25c_0p05.Asia.202010-202010.nc,https://satpmdata.s3.amazonaws.com/V5GL06/GWRPM25c0p05/Monthly/Asia/V5GL06.HybridPM25c_0p05.Asia.202010-202010.nc,97455c76b052826c2508f0acaa35602a,2026-09-26T04:58:48+00:00,15b568172f3f2f9655e1a9fa204c0641462a3f67794566793f16a5cb38ba752c,1217463,primary monthly 0.05; s3 last_modified 2026-09-22T20:46:46.000Z
V5GL06/GWRPM25c0p05/Monthly/Asia/V5GL06.HybridPM25c_0p05.Asia.202008-202008.nc,https://satpmdata.s3.amazonaws.com/V5GL06/GWRPM25c0p05/Monthly/Asia/V5GL06.HybridPM25c_0p05.Asia.202008-202008.nc,2f5d75d9af332b99225c8ae02e371d5a,2026-09-26T04:58:48+00:00,7420a2b12282be03bbc8a959b88e649e1e03f70140764629d2c843fc0109d00a,1084116,primary monthly 0.05; s3 last_modified 2026-09-22T20:46:46.000Z
V5GL06/GWRPM25c0p05/Monthly/Asia/V5GL06.HybridPM25c_0p05.Asia.202012-202012.nc,https://satpmdata.s3.amazonaws.com/V5GL06/GWRPM25c0p05/Monthly/Asia/V5GL06.HybridPM25c_0p05.Asia.202012-202012.nc,d8f383036581e68c535b8f3773ec4e21,2026-09-26T04:58:53+00:00,0be2df69ec40f4c6c77610514a4cb9716df8d6062bbd91f894d70306533edf5e,1302513,primary monthly 0.05; s3 last_modified 2026-09-22T20:46:46.000Z
V5GL06/GWRPM25c0p05/Monthly/Asia/V5GL06.HybridPM25c_0p05.Asia.202101-202101.nc,https://satpmdata.s3.amazonaws.com/V5GL06/GWRPM25c0p05/Monthly/Asia/V5GL06.HybridPM25c_0p05.Asia.202101-202101.nc,c8ffca30ab33c436cea29bb22092d23e,2026-09-26T04:58:53+00:00,148904f191390a8b687f16c19a5f5b88da8070b8842f0738055820c7bad10140,1293127,primary monthly 0.05; s3 last_modified 2026-09-22T20:46:46.000Z
V5GL06/GWRPM25c0p05/Monthly/Asia/V5GL06.HybridPM25c_0p05.Asia.202103-202103.nc,https://satpmdata.s3.amazonaws.com/V5GL06/GWRPM25c0p05/Monthly/Asia/V5GL06.HybridPM25c_0p05.Asia.202103-202103.nc,906715475ae767be336b8f0d5185c2f2,2026-09-26T04:58:54+00:00,a5444549142b220a12cdedd8c73cbc896406e77f74622f4019e8e6323787a4e8,1242273,primary monthly 0.05; s3 last_modified 2026-09-22T20:46:46.000Z
V5GL06/GWRPM25c0p05/Monthly/Asia/V5GL06.HybridPM25c_0p05.Asia.202105-202105.nc,https://satpmdata.s3.amazonaws.com/V5GL06/GWRPM25c0p05/Monthly/Asia/V5GL06.HybridPM25c_0p05.Asia.202105-202105.nc,240109240cc59c11fe731d07a04cbeb9,2026-09-26T04:59:00+00:00,1a2488462366ae8c695947804da8d3cdfb85724a217f26617ad00f0391db9da8,1151860,primary monthly 0.05; s3 last_modified 2026-09-22T20:46:46.000Z
V5GL06/GWRPM25c0p05/Monthly/Asia/V5GL06.HybridPM25c_0p05.Asia.202102-202102.nc,https://satpmdata.s3.amazonaws.com/V5GL06/GWRPM25c0p05/Monthly/Asia/V5GL06.HybridPM25c_0p05.Asia.202102-202102.nc,49a1340b1ded1465b71b9da4440301c5,2026-09-26T04:59:00+00:00,89cfcc97bda1c11d35a3c3df9a8bea6128144821ad3fd7df13b537728ead30e5,1280533,primary monthly 0.05; s3 last_modified 2026-09-22T20:46:46.000Z
V5GL06/GWRPM25c0p05/Monthly/Asia/V5GL06.HybridPM25c_0p05.Asia.202104-202104.nc,https://satpmdata.s3.amazonaws.com/V5GL06/GWRPM25c0p05/Monthly/Asia/V5GL06.HybridPM25c_0p05.Asia.202104-202104.nc,cb872cc38a2dd88680c7a5decd8c254b,2026-09-26T04:59:01+00:00,3e9f8aeb217c0ca18954eb5e34bb2ba741990aa785ea2dd43a2f20ffc695e2ec,1191800,primary monthly 0.05; s3 last_modified 2026-09-22T20:46:46.000Z
V5GL06/GWRPM25c0p05/Monthly/Asia/V5GL06.HybridPM25c_0p05.Asia.202106-202106.nc,https://satpmdata.s3.amazonaws.com/V5GL06/GWRPM25c0p05/Monthly/Asia/V5GL06.HybridPM25c_0p05.Asia.202106-202106.nc,4f0896326ba6602adeb07599a9ce9f4f,2026-09-26T04:59:03+00:00,5e95e7956d334111753adc2f9ddf2565558dd980b72a3c61e7a8231a97f40797,1101796,primary monthly 0.05; s3 last_modified 2026-09-22T20:46:46.000Z
V5GL06/GWRPM25c0p05/Monthly/Asia/V5GL06.HybridPM25c_0p05.Asia.202107-202107.nc,https://satpmdata.s3.amazonaws.com/V5GL06/GWRPM25c0p05/Monthly/Asia/V5GL06.HybridPM25c_0p05.Asia.202107-202107.nc,d4bbe758f7debcb7e0a980e16d7d1c25,2026-09-26T04:59:09+00:00,67f520d8f08fc1c6a794c94172fb3511484f3a99c00410bf0b0d879c46535335,1059859,primary monthly 0.05; s3 last_modified 2026-09-22T20:46:46.000Z
V5GL06/GWRPM25c0p05/Monthly/Asia/V5GL06.HybridPM25c_0p05.Asia.202109-202109.nc,https://satpmdata.s3.amazonaws.com/V5GL06/GWRPM25c0p05/Monthly/Asia/V5GL06.HybridPM25c_0p05.Asia.202109-202109.nc,58d69d05fdcc57d37dedef474b57a8a2,2026-09-26T04:59:09+00:00,ac178ee6f1a0c230d7271c90e4be5e3a0c8ae59ff4501c1792ae86380e40bcd6,1113527,primary monthly 0.05; s3 last_modified 2026-09-22T20:46:46.000Z
V5GL06/GWRPM25c0p05/Monthly/Asia/V5GL06.HybridPM25c_0p05.Asia.202108-202108.nc,https://satpmdata.s3.amazonaws.com/V5GL06/GWRPM25c0p05/Monthly/Asia/V5GL06.HybridPM25c_0p05.Asia.202108-202108.nc,a0baa1bd334ef2170d43eba8f6f89784,2026-09-26T04:59:13+00:00,9d98f1d73c0ba34ff6049d393f9cd8d7babecf2e3a2de94cacc1bfa9a31f150a,1063109,primary monthly 0.05; s3 last_modified 2026-09-22T20:46:46.000Z
V5GL06/GWRPM25c0p05/Monthly/Asia/V5GL06.HybridPM25c_0p05.Asia.202110-202110.nc,https://satpmdata.s3.amazonaws.com/V5GL06/GWRPM25c0p05/Monthly/Asia/V5GL06.HybridPM25c_0p05.Asia.202110-202110.nc,72ff8793fc98c7de2b96633e449d8fb5,2026-09-26T04:59:14+00:00,1c0b9073a1a4db2ac5f66baae3db4058730bdde3f452f11a8f880c8d13bf2d84,1187325,primary monthly 0.05; s3 last_modified 2026-09-22T20:46:46.000Z
V5GL06/GWRPM25c0p05/Monthly/Asia/V5GL06.HybridPM25c_0p05.Asia.202112-202112.nc,https://satpmdata.s3.amazonaws.com/V5GL06/GWRPM25c0p05/Monthly/Asia/V5GL06.HybridPM25c_0p05.Asia.202112-202112.nc,ab9771f5510021fac85f48a6e6b9b1d6,2026-09-26T04:59:21+00:00,796e3156fbff0303960ad5bb477583201f0bef5d844a9fba70f682fccb3b0758,1310263,primary monthly 0.05; s3 last_modified 2026-09-22T20:46:46.000Z
V5GL06/GWRPM25c0p05/Monthly/Asia/V5GL06.HybridPM25c_0p05.Asia.202111-202111.nc,https://satpmdata.s3.amazonaws.com/V5GL06/GWRPM25c0p05/Monthly/Asia/V5GL06.HybridPM25c_0p05.Asia.202111-202111.nc,1933504b1a3e21f7f9c67e577f6662d5,2026-09-26T04:59:22+00:00,236a4a46987eebe817f23676ac30bf845bfa44a2d7dc989d135d72fb4e5e909f,1269306,primary monthly 0.05; s3 last_modified 2026-09-22T20:46:46.000Z
V5GL06/GWRPM25c0p05/Monthly/Asia/V5GL06.HybridPM25c_0p05.Asia.202202-202202.nc,https://satpmdata.s3.amazonaws.com/V5GL06/GWRPM25c0p05/Monthly/Asia/V5GL06.HybridPM25c_0p05.Asia.202202-202202.nc,8fe673279ce831a3204857b1ff130ab5,2026-09-26T04:59:27+00:00,a617460755746562456ac3feba9ce77c80d00834adcda80406014a1f5722f228,1258617,primary monthly 0.05; s3 last_modified 2026-09-22T20:46:46.000Z
V5GL06/GWRPM25c0p05/Monthly/Asia/V5GL06.HybridPM25c_0p05.Asia.202201-202201.nc,https://satpmdata.s3.amazonaws.com/V5GL06/GWRPM25c0p05/Monthly/Asia/V5GL06.HybridPM25c_0p05.Asia.202201-202201.nc,20992cb4ec59233f483e0c27eb1fcc5d,2026-09-26T04:59:29+00:00,bfc676e9c435d2d2fbfa0bee09b26dbe795137b0b0c425116c6c0f511918d38c,1316711,primary monthly 0.05; s3 last_modified 2026-09-22T20:46:47.000Z
V5GL06/GWRPM25c0p05/Monthly/Asia/V5GL06.HybridPM25c_0p05.Asia.202203-202203.nc,https://satpmdata.s3.amazonaws.com/V5GL06/GWRPM25c0p05/Monthly/Asia/V5GL06.HybridPM25c_0p05.Asia.202203-202203.nc,58b2f2b4131359eb0083c20b4d0a180f,2026-09-26T04:59:30+00:00,82bb9b6aa15bc01575a3c9a49810e0094e6c1e3c52c8c86ba0af19eafb580f79,1250911,primary monthly 0.05; s3 last_modified 2026-09-22T20:46:46.000Z
V5GL06/GWRPM25c0p05/Monthly/Asia/V5GL06.HybridPM25c_0p05.Asia.202204-202204.nc,https://satpmdata.s3.amazonaws.com/V5GL06/GWRPM25c0p05/Monthly/Asia/V5GL06.HybridPM25c_0p05.Asia.202204-202204.nc,a352d3b74d03c8e84d1e2047ecb78be8,2026-09-26T04:59:31+00:00,3d433fb4f4bdd1720e7ac7766b27ed2430127ce46a5ba78d9aabe0b4811338a1,1228163,primary monthly 0.05; s3 last_modified 2026-09-22T20:46:47.000Z
V5GL06/GWRPM25c0p05/Monthly/Asia/V5GL06.HybridPM25c_0p05.Asia.202205-202205.nc,https://satpmdata.s3.amazonaws.com/V5GL06/GWRPM25c0p05/Monthly/Asia/V5GL06.HybridPM25c_0p05.Asia.202205-202205.nc,52e60d50436fb28644f4f49b83ce04bc,2026-09-26T04:59:37+00:00,76c55c17bb4adebbdf69bd3f84be8404748d9d087399ade9739bbc4f8e8caec9,1185407,primary monthly 0.05; s3 last_modified 2026-09-22T20:46:47.000Z
V5GL06/GWRPM25c0p05/Monthly/Asia/V5GL06.HybridPM25c_0p05.Asia.202206-202206.nc,https://satpmdata.s3.amazonaws.com/V5GL06/GWRPM25c0p05/Monthly/Asia/V5GL06.HybridPM25c_0p05.Asia.202206-202206.nc,546aa9770d67d9e9b01e108900889927,2026-09-26T04:59:38+00:00,14deb202e04c0d858f3c70bfd8f4c661fc614803ac644f585868ad9603a8e2a3,1121299,primary monthly 0.05; s3 last_modified 2026-09-22T20:46:47.000Z
V5GL06/GWRPM25c0p05/Monthly/Asia/V5GL06.HybridPM25c_0p05.Asia.202207-202207.nc,https://satpmdata.s3.amazonaws.com/V5GL06/GWRPM25c0p05/Monthly/Asia/V5GL06.HybridPM25c_0p05.Asia.202207-202207.nc,e0e56c7f17ec01a7a29ef794b346504a,2026-09-26T04:59:39+00:00,4eccf9d689c653e88ee9e76389dbaf6e2c50b7f87cfdc66f8a6e61c4a61c263d,1099023,primary monthly 0.05; s3 last_modified 2026-09-22T20:46:47.000Z
V5GL06/GWRPM25c0p05/Monthly/Asia/V5GL06.HybridPM25c_0p05.Asia.202209-202209.nc,https://satpmdata.s3.amazonaws.com/V5GL06/GWRPM25c0p05/Monthly/Asia/V5GL06.HybridPM25c_0p05.Asia.202209-202209.nc,9ee0a621ddd8e1cb0d183858b698ec4b,2026-09-26T04:59:47+00:00,ddbd0725bcdc52de067cb796dacf1e0481b6a3efb3c0a0425914ae4fdd6e3ebf,1128457,primary monthly 0.05; s3 last_modified 2026-09-22T20:46:47.000Z
V5GL06/GWRPM25c0p05/Monthly/Asia/V5GL06.HybridPM25c_0p05.Asia.202210-202210.nc,https://satpmdata.s3.amazonaws.com/V5GL06/GWRPM25c0p05/Monthly/Asia/V5GL06.HybridPM25c_0p05.Asia.202210-202210.nc,13c3bb762af5f613b4764ac18668f987,2026-09-26T04:59:48+00:00,2e9e40ff26afc74d665b7b1a2e72bf2e0eccedd097ecf19b28f2ab0f759576e0,1186390,primary monthly 0.05; s3 last_modified 2026-09-22T20:46:47.000Z
V5GL06/GWRPM25c0p05/Monthly/Asia/V5GL06.HybridPM25c_0p05.Asia.202208-202208.nc,https://satpmdata.s3.amazonaws.com/V5GL06/GWRPM25c0p05/Monthly/Asia/V5GL06.HybridPM25c_0p05.Asia.202208-202208.nc,b4c61355142738e8fe8256e96f81434c,2026-09-26T04:59:48+00:00,1db48cd5be442f31572576aa44bcf336d8d0c6271ec313231ccb4bd674e4b16c,1066430,primary monthly 0.05; s3 last_modified 2026-09-22T20:46:47.000Z
V5GL06/GWRPM25c0p05/Monthly/Asia/V5GL06.HybridPM25c_0p05.Asia.202211-202211.nc,https://satpmdata.s3.amazonaws.com/V5GL06/GWRPM25c0p05/Monthly/Asia/V5GL06.HybridPM25c_0p05.Asia.202211-202211.nc,6e2ad5064952fbcec0a83e789a5a8e97,2026-09-26T04:59:56+00:00,83603e8997dc3f7663b249e48d688d63d3ee61bbf3f8572dae8ea542cb85c9bf,1251805,primary monthly 0.05; s3 last_modified 2026-09-22T20:46:47.000Z
V5GL06/GWRPM25c0p05/Monthly/Asia/V5GL06.HybridPM25c_0p05.Asia.202302-202302.nc,https://satpmdata.s3.amazonaws.com/V5GL06/GWRPM25c0p05/Monthly/Asia/V5GL06.HybridPM25c_0p05.Asia.202302-202302.nc,f461018b5fd14757f13c999cdcb6432f,2026-09-26T04:59:58+00:00,c55bff349055d2a4a3b42dc2e64446771336ea58233a5ab915e15ae3f2528cd7,1257410,primary monthly 0.05; s3 last_modified 2026-09-22T20:46:47.000Z
V5GL06/GWRPM25c0p05/Monthly/Asia/V5GL06.HybridPM25c_0p05.Asia.202212-202212.nc,https://satpmdata.s3.amazonaws.com/V5GL06/GWRPM25c0p05/Monthly/Asia/V5GL06.HybridPM25c_0p05.Asia.202212-202212.nc,e5fec6bc0238163c433c0ae003088688,2026-09-26T04:59:59+00:00,a0920327ebd30017dfc9feca6ab3906888e751bfa0ce20a67b0c774169efac34,1298040,primary monthly 0.05; s3 last_modified 2026-09-22T20:46:47.000Z
V5GL06/GWRPM25c0p05/Monthly/Asia/V5GL06.HybridPM25c_0p05.Asia.202301-202301.nc,https://satpmdata.s3.amazonaws.com/V5GL06/GWRPM25c0p05/Monthly/Asia/V5GL06.HybridPM25c_0p05.Asia.202301-202301.nc,df9f7000fc9e9fd2df9cacb60114329c,2026-09-26T04:59:59+00:00,99827fd82e0fe1df2fa45be977982b4a8b605c936af9d0c951f36267ad396727,1321926,primary monthly 0.05; s3 last_modified 2026-09-22T20:46:47.000Z
V5GL06/GWRPM25c0p05/Monthly/Asia/V5GL06.HybridPM25c_0p05.Asia.202303-202303.nc,https://satpmdata.s3.amazonaws.com/V5GL06/GWRPM25c0p05/Monthly/Asia/V5GL06.HybridPM25c_0p05.Asia.202303-202303.nc,adf5888e72d19c7a8fc485154bd3287d,2026-09-26T05:00:04+00:00,e5ee7eab62bd9ffc87427972dfa5c7ac71764b218837bfe8bdd8a512fceebefa,1231611,primary monthly 0.05; s3 last_modified 2026-09-22T20:46:47.000Z
V5GL06/GWRPM25c0p05/Monthly/Asia/V5GL06.HybridPM25c_0p05.Asia.202304-202304.nc,https://satpmdata.s3.amazonaws.com/V5GL06/GWRPM25c0p05/Monthly/Asia/V5GL06.HybridPM25c_0p05.Asia.202304-202304.nc,571a4324a1d976b13fa929fff4bf7ad0,2026-09-26T05:00:07+00:00,eb0d18b6e1e89235af3da7ba9139a93481d67f13ebed00f3cbc20f46eea6835a,1231163,primary monthly 0.05; s3 last_modified 2026-09-22T20:46:47.000Z
V5GL06/GWRPM25c0p05/Monthly/Asia/V5GL06.HybridPM25c_0p05.Asia.202306-202306.nc,https://satpmdata.s3.amazonaws.com/V5GL06/GWRPM25c0p05/Monthly/Asia/V5GL06.HybridPM25c_0p05.Asia.202306-202306.nc,851fe44b2d8e217b555e067b5f7ed308,2026-09-26T05:00:09+00:00,b63321c1121f8392c934c88ede5d732ba2b196114abad31a007d4f31bd4b39fe,1113945,primary monthly 0.05; s3 last_modified 2026-09-22T20:46:47.000Z
V5GL06/GWRPM25c0p05/Monthly/Asia/V5GL06.HybridPM25c_0p05.Asia.202305-202305.nc,https://satpmdata.s3.amazonaws.com/V5GL06/GWRPM25c0p05/Monthly/Asia/V5GL06.HybridPM25c_0p05.Asia.202305-202305.nc,56ba2132ac48a94cb49e965ad1db4968,2026-09-26T05:00:09+00:00,abace5228d56efba1bd5fb34db5e2bf13947c28bc1d4f44a7c04672e8bd6c3e7,1153847,primary monthly 0.05; s3 last_modified 2026-09-22T20:46:47.000Z
V5GL06/GWRPM25c0p05/Monthly/Asia/V5GL06.HybridPM25c_0p05.Asia.202307-202307.nc,https://satpmdata.s3.amazonaws.com/V5GL06/GWRPM25c0p05/Monthly/Asia/V5GL06.HybridPM25c_0p05.Asia.202307-202307.nc,aca0466fe78e5e56ffd9b45842e83d56,2026-09-26T05:00:13+00:00,6608d661e37c93c4d4d191df574b85fb2f395848d8645c7894c80a999028b1c6,1086941,primary monthly 0.05; s3 last_modified 2026-09-22T20:46:47.000Z
V5GL06/GWRPM25c0p05/Monthly/Asia/V5GL06.HybridPM25c_0p05.Asia.202308-202308.nc,https://satpmdata.s3.amazonaws.com/V5GL06/GWRPM25c0p05/Monthly/Asia/V5GL06.HybridPM25c_0p05.Asia.202308-202308.nc,522351be21702d76838c338ee0f72e6b,2026-09-26T05:00:17+00:00,1b8315017c32a366de60eec445bf392147fd228b4be64eb8d71a92539d111498,1098281,primary monthly 0.05; s3 last_modified 2026-09-22T20:46:47.000Z
V5GL06/GWRPM25c0p05/Monthly/Asia/V5GL06.HybridPM25c_0p05.Asia.202309-202309.nc,https://satpmdata.s3.amazonaws.com/V5GL06/GWRPM25c0p05/Monthly/Asia/V5GL06.HybridPM25c_0p05.Asia.202309-202309.nc,15b0128d95fb4fcb00f1fe8ed70bb83a,2026-09-26T05:00:18+00:00,f9253c3f2b77634b9ca29e9bc7213d810697ea503207687cddda9252ea5bf769,1142318,primary monthly 0.05; s3 last_modified 2026-09-22T20:46:47.000Z
V5GL06/GWRPM25c0p05/Monthly/Asia/V5GL06.HybridPM25c_0p05.Asia.202310-202310.nc,https://satpmdata.s3.amazonaws.com/V5GL06/GWRPM25c0p05/Monthly/Asia/V5GL06.HybridPM25c_0p05.Asia.202310-202310.nc,4fd7baae7553558103ceb727b468e0d9,2026-09-26T05:00:20+00:00,b4fb3a96d68745bc86e3e438ba009e9a2abc7e7c1e192bb12748da60cef3964a,1209070,primary monthly 0.05; s3 last_modified 2026-09-22T20:46:47.000Z
V5GL06/GWRPM25c0p05/Monthly/Asia/V5GL06.HybridPM25c_0p05.Asia.202311-202311.nc,https://satpmdata.s3.amazonaws.com/V5GL06/GWRPM25c0p05/Monthly/Asia/V5GL06.HybridPM25c_0p05.Asia.202311-202311.nc,aa0b4673af143b4b0c6aaf0fd495bdd9,2026-09-26T05:00:20+00:00,d39fc57fd3fd93a02c0f81a88dfdd48a072b695a93898084eea2eb4b4d8480fe,1268036,primary monthly 0.05; s3 last_modified 2026-09-22T20:46:47.000Z
V5GL06/GWRPM25c0p05/Monthly/Asia/V5GL06.HybridPM25c_0p05.Asia.202401-202401.nc,https://satpmdata.s3.amazonaws.com/V5GL06/GWRPM25c0p05/Monthly/Asia/V5GL06.HybridPM25c_0p05.Asia.202401-202401.nc,5077261bf828a3ae6ba4bd658aefb8f8,2026-09-26T05:00:27+00:00,835e21a5c909ea864e2b01cb3bdd5d6287cffc3a878a848b07172518dc4d3513,1280755,primary monthly 0.05; s3 last_modified 2026-09-22T20:46:47.000Z
V5GL06/GWRPM25c0p05/Monthly/Asia/V5GL06.HybridPM25c_0p05.Asia.202312-202312.nc,https://satpmdata.s3.amazonaws.com/V5GL06/GWRPM25c0p05/Monthly/Asia/V5GL06.HybridPM25c_0p05.Asia.202312-202312.nc,ca1479edd8dd8ac4dc67e480c1f21694,2026-09-26T05:00:29+00:00,a9ef4e8a1bbc8a1a8eccb2f2e3690ba3031680fab4991ba6f9cf4b5252dd7b48,1289895,primary monthly 0.05; s3 last_modified 2026-09-22T20:46:47.000Z
V5GL06/GWRPM25c0p05/Monthly/Asia/V5GL06.HybridPM25c_0p05.Asia.202403-202403.nc,https://satpmdata.s3.amazonaws.com/V5GL06/GWRPM25c0p05/Monthly/Asia/V5GL06.HybridPM25c_0p05.Asia.202403-202403.nc,3beb3aa72810c090c24f4d262a2bece4,2026-09-26T05:00:30+00:00,7598abb8b0e10a8dea923178dc43fa8f1f95b9820c9ba34f2ce2bfcc12196b61,1229254,primary monthly 0.05; s3 last_modified 2026-09-22T20:46:47.000Z
V5GL06/GWRPM25c0p05/Monthly/Asia/V5GL06.HybridPM25c_0p05.Asia.202402-202402.nc,https://satpmdata.s3.amazonaws.com/V5GL06/GWRPM25c0p05/Monthly/Asia/V5GL06.HybridPM25c_0p05.Asia.202402-202402.nc,2bba2e03185d7464c32884f2ee70716f,2026-09-26T05:00:33+00:00,4c617ae0a1f60faa7a453859248b3ec1ce9f5f07c0a7691a4776368bdc8c6adb,1264738,primary monthly 0.05; s3 last_modified 2026-09-22T20:46:47.000Z
V5GL06/GWRPM25c0p05/Monthly/Asia/V5GL06.HybridPM25c_0p05.Asia.202404-202404.nc,https://satpmdata.s3.amazonaws.com/V5GL06/GWRPM25c0p05/Monthly/Asia/V5GL06.HybridPM25c_0p05.Asia.202404-202404.nc,427dfa4ef07b919538c063b90862c05f,2026-09-26T05:00:38+00:00,be78a443c11fcdcbfdd2a2d943a673fd5bb000f8f5296323e73751427b7f7fd6,1206758,primary monthly 0.05; s3 last_modified 2026-09-22T20:46:47.000Z
V5GL06/GWRPM25c0p05/Monthly/Asia/V5GL06.HybridPM25c_0p05.Asia.202407-202407.nc,https://satpmdata.s3.amazonaws.com/V5GL06/GWRPM25c0p05/Monthly/Asia/V5GL06.HybridPM25c_0p05.Asia.202407-202407.nc,b5ce616cb4435652078b38d499af66fc,2026-09-26T05:00:41+00:00,4011b02a5361a5164f8c948fb6d670392a8f9d760abbddef58ee9406d5c7f45a,1084818,primary monthly 0.05; s3 last_modified 2026-09-22T20:46:47.000Z
V5GL06/GWRPM25c0p05/Monthly/Asia/V5GL06.HybridPM25c_0p05.Asia.202405-202405.nc,https://satpmdata.s3.amazonaws.com/V5GL06/GWRPM25c0p05/Monthly/Asia/V5GL06.HybridPM25c_0p05.Asia.202405-202405.nc,13bb749ec04bc2b0004fb2f8b4d6c25a,2026-09-26T05:00:42+00:00,db6021b8a5ecab9007f7df6c8e86c8378c9e69a81655e3d9a0900f4487b01206,1195938,primary monthly 0.05; s3 last_modified 2026-09-22T20:46:47.000Z
V5GL06/GWRPM25c0p05/Monthly/Asia/V5GL06.HybridPM25c_0p05.Asia.202406-202406.nc,https://satpmdata.s3.amazonaws.com/V5GL06/GWRPM25c0p05/Monthly/Asia/V5GL06.HybridPM25c_0p05.Asia.202406-202406.nc,a6409f73f2aed85d152908cb47250014,2026-09-26T05:00:43+00:00,096d3d0552f7d8a45cc4e69fe89de0ba048f29b81bedf7c9b714a5245d4d4554,1123684,primary monthly 0.05; s3 last_modified 2026-09-22T20:46:47.000Z
V5GL06/GWRPM25c0p05/Monthly/Asia/V5GL06.HybridPM25c_0p05.Asia.202408-202408.nc,https://satpmdata.s3.amazonaws.com/V5GL06/GWRPM25c0p05/Monthly/Asia/V5GL06.HybridPM25c_0p05.Asia.202408-202408.nc,b0e0469446fcb11107bdf2f4a55ba763,2026-09-26T05:00:46+00:00,903f17d38ac653daa17c97f33ef4c4ab4e4ba22f6093032e7bc228b1ff017ae6,1104477,primary monthly 0.05; s3 last_modified 2026-09-22T20:46:47.000Z
V5GL06/GWRPM25c0p05/Monthly/Asia/V5GL06.HybridPM25c_0p05.Asia.202409-202409.nc,https://satpmdata.s3.amazonaws.com/V5GL06/GWRPM25c0p05/Monthly/Asia/V5GL06.HybridPM25c_0p05.Asia.202409-202409.nc,b9a11be7f9802602232989f7fe10e037,2026-09-26T05:00:51+00:00,df813efdb55dd114f29db462b841cdd6bd6ce9163c5bd44656b14716de1dbe32,1123018,primary monthly 0.05; s3 last_modified 2026-09-22T20:46:47.000Z
V5GL06/GWRPM25c0p05/Monthly/Asia/V5GL06.HybridPM25c_0p05.Asia.202411-202411.nc,https://satpmdata.s3.amazonaws.com/V5GL06/GWRPM25c0p05/Monthly/Asia/V5GL06.HybridPM25c_0p05.Asia.202411-202411.nc,86635d08bc5ef419d93c778b0cde10ff,2026-09-26T05:00:53+00:00,7b7f1b2563c51219e275c23934926908737647b2ab1bf21fb8fddee42345687a,1240718,primary monthly 0.05; s3 last_modified 2026-09-22T20:46:47.000Z
V5GL06/GWRPM25c0p05/Monthly/Asia/V5GL06.HybridPM25c_0p05.Asia.202410-202410.nc,https://satpmdata.s3.amazonaws.com/V5GL06/GWRPM25c0p05/Monthly/Asia/V5GL06.HybridPM25c_0p05.Asia.202410-202410.nc,4302a6b311052f7fd0a49ac8221b91f9,2026-09-26T05:00:53+00:00,c63798a6ec0fd19363045387328c6db685c3b8fbdf73b3c346c589e2041ab0a2,1194746,primary monthly 0.05; s3 last_modified 2026-09-22T20:46:47.000Z
V5GL06/GWRPM25c0p05/Monthly/Asia/V5GL06.HybridPM25c_0p05.Asia.202412-202412.nc,https://satpmdata.s3.amazonaws.com/V5GL06/GWRPM25c0p05/Monthly/Asia/V5GL06.HybridPM25c_0p05.Asia.202412-202412.nc,25ef8fb6cf35728166df1f6cc76c38b6,2026-09-26T05:01:01+00:00,ff15e3b3371cf30344dc55141044de7399d1baed90b94c3b4ca18e8ec58058d2,1285707,primary monthly 0.05; s3 last_modified 2026-09-22T20:46:47.000Z
V6GL03/CNNPM25/Annual/AS/V6GL03.CNNPM25.AS.200501-200512.nc,https://satpmdata.s3.amazonaws.com/V6GL03/CNNPM25/Annual/AS/V6GL03.CNNPM25.AS.200501-200512.nc,f6df3f0a5f463c5a39407c7d1350dbf5-11,2026-09-26T05:05:21+00:00,6abf795de6f403e7cc67cce0840b56c9840fd25999315afdfe4ed78c5389a452,88823434,comparison annual 0.01; s3 last_modified 2026-09-22T20:35:26.000Z
V6GL03/CNNPM25/Annual/AS/V6GL03.CNNPM25.AS.200801-200812.nc,https://satpmdata.s3.amazonaws.com/V6GL03/CNNPM25/Annual/AS/V6GL03.CNNPM25.AS.200801-200812.nc,59446616b7de653bffabdf9e5f2bb67f-11,2026-09-26T05:06:45+00:00,7b023091ee2e9da056fe24e042a8555b7852b89bba739213db665ffa5df0c4eb,90486643,comparison annual 0.01; s3 last_modified 2026-09-22T20:35:28.000Z
V6GL03/CNNPM25/Annual/AS/V6GL03.CNNPM25.AS.200701-200712.nc,https://satpmdata.s3.amazonaws.com/V6GL03/CNNPM25/Annual/AS/V6GL03.CNNPM25.AS.200701-200712.nc,378ff7040c3e6d76538813f4b46f7916-11,2026-09-26T05:06:53+00:00,f84dc4b5f526bfcc962beba9076d2415cfe3a3865d16d74aebc1b4eb89df5625,90367855,comparison annual 0.01; s3 last_modified 2026-09-22T20:35:27.000Z
V6GL03/CNNPM25/Annual/AS/V6GL03.CNNPM25.AS.200601-200612.nc,https://satpmdata.s3.amazonaws.com/V6GL03/CNNPM25/Annual/AS/V6GL03.CNNPM25.AS.200601-200612.nc,ddd9d11859190cab03bdf415ea789ce5-11,2026-09-26T05:07:27+00:00,a5562e9f85a428e818f00ee74fda8850e34936dcbdae88d01bbae31c632749fe,89548635,comparison annual 0.01; s3 last_modified 2026-09-22T20:35:27.000Z
V6GL03/CNNPM25/Annual/AS/V6GL03.CNNPM25.AS.200901-200912.nc,https://satpmdata.s3.amazonaws.com/V6GL03/CNNPM25/Annual/AS/V6GL03.CNNPM25.AS.200901-200912.nc,527ff8febcc8d9f77b8430dfb97992a8-11,2026-09-26T05:10:58+00:00,ffe3274e0a9815f434ec7380236948199f413a338b7b715bc94d5a9467cca502,90326151,comparison annual 0.01; s3 last_modified 2026-09-22T20:35:29.000Z
V6GL03/CNNPM25/Annual/AS/V6GL03.CNNPM25.AS.201101-201112.nc,https://satpmdata.s3.amazonaws.com/V6GL03/CNNPM25/Annual/AS/V6GL03.CNNPM25.AS.201101-201112.nc,76f967a2719bc1e7d869a80ebe92a1ed-11,2026-09-26T05:11:16+00:00,7dc7e12e83910a56b516731300791aec7761a9f099d31f925b61e17d08f72fdf,90909215,comparison annual 0.01; s3 last_modified 2026-09-22T20:35:30.000Z
V6GL03/CNNPM25/Annual/AS/V6GL03.CNNPM25.AS.201201-201212.nc,https://satpmdata.s3.amazonaws.com/V6GL03/CNNPM25/Annual/AS/V6GL03.CNNPM25.AS.201201-201212.nc,ef78531492d25cb555eb722ec10f0dcc-11,2026-09-26T05:11:58+00:00,92348dd1886a77d0331a2eecf0c3eed8ff08903fbdc32977ed8781bb08604244,91022004,comparison annual 0.01; s3 last_modified 2026-09-22T20:35:30.000Z
V6GL03/CNNPM25/Annual/AS/V6GL03.CNNPM25.AS.201001-201012.nc,https://satpmdata.s3.amazonaws.com/V6GL03/CNNPM25/Annual/AS/V6GL03.CNNPM25.AS.201001-201012.nc,17948423d54eb16717bef02a5dc39728-11,2026-09-26T05:13:50+00:00,847022412b8231e36b8c09abc08d541ec30efa7f197dc8d383d6bf5de234c333,91510027,comparison annual 0.01; s3 last_modified 2026-09-22T20:35:29.000Z
V6GL03/CNNPM25/Annual/AS/V6GL03.CNNPM25.AS.201501-201512.nc,https://satpmdata.s3.amazonaws.com/V6GL03/CNNPM25/Annual/AS/V6GL03.CNNPM25.AS.201501-201512.nc,bfe5568f956fbb385b2fc611f3a8eb2a-11,2026-09-26T05:17:02+00:00,352c044f6c66c37969551e1d05ca006e5cb73319fd05cfd8a82fbda4db0df2ba,91433645,comparison annual 0.01; s3 last_modified 2026-09-22T20:35:32.000Z
V6GL03/CNNPM25/Annual/AS/V6GL03.CNNPM25.AS.201401-201412.nc,https://satpmdata.s3.amazonaws.com/V6GL03/CNNPM25/Annual/AS/V6GL03.CNNPM25.AS.201401-201412.nc,348f4330044d53ba48d3a1f7d9e4c697-11,2026-09-26T05:17:02+00:00,8c2007a4eba860f4dbc66745254d28553a6114331053a9fbf0d3fd40b53edc04,91509705,comparison annual 0.01; s3 last_modified 2026-09-22T20:35:31.000Z
V6GL03/CNNPM25/Annual/AS/V6GL03.CNNPM25.AS.201301-201312.nc,https://satpmdata.s3.amazonaws.com/V6GL03/CNNPM25/Annual/AS/V6GL03.CNNPM25.AS.201301-201312.nc,77d71aee27aeb02b135a9e2507b774c8-11,2026-09-26T05:17:04+00:00,bf774236693b8938b6d7391519efd2c25b1f97adc067eba1c1172bee64729dde,91735999,comparison annual 0.01; s3 last_modified 2026-09-22T20:35:31.000Z
V6GL03/CNNPM25/Annual/AS/V6GL03.CNNPM25.AS.201601-201612.nc,https://satpmdata.s3.amazonaws.com/V6GL03/CNNPM25/Annual/AS/V6GL03.CNNPM25.AS.201601-201612.nc,e91a056e5271974fa0d44c8e1ad0a642-11,2026-09-26T05:18:19+00:00,20bf4314468c1a8ef544e2f6242bf1f829f6b5b2aefe14c3c32c381cebdf0521,92205393,comparison annual 0.01; s3 last_modified 2026-09-22T20:35:33.000Z
V6GL03/CNNPM25/Annual/AS/V6GL03.CNNPM25.AS.201801-201812.nc,https://satpmdata.s3.amazonaws.com/V6GL03/CNNPM25/Annual/AS/V6GL03.CNNPM25.AS.201801-201812.nc,97e6c9015b9ab39118d0876960bf8844-12,2026-09-26T05:22:28+00:00,25b6bf88bcaa79b7f4e5dfc75b84f70ef1ee19c8dc67704ee0ed4db8257d82d1,92864153,comparison annual 0.01; s3 last_modified 2026-09-22T20:35:34.000Z
V6GL03/CNNPM25/Annual/AS/V6GL03.CNNPM25.AS.202001-202012.nc,https://satpmdata.s3.amazonaws.com/V6GL03/CNNPM25/Annual/AS/V6GL03.CNNPM25.AS.202001-202012.nc,53283b81d2ea40e4755657a7c9dc24eb-12,2026-09-26T05:22:36+00:00,81be33538dac2411a63a4cc095503d96c63626b5642e1c5e40331306c6e294c1,93920039,comparison annual 0.01; s3 last_modified 2026-09-22T20:35:35.000Z
V6GL03/CNNPM25/Annual/AS/V6GL03.CNNPM25.AS.201701-201712.nc,https://satpmdata.s3.amazonaws.com/V6GL03/CNNPM25/Annual/AS/V6GL03.CNNPM25.AS.201701-201712.nc,fa46774065b7a9ba0cc26e23d9d5604a-12,2026-09-26T05:22:49+00:00,a6b8f8715bf9c715888f23bb3bf3514fbcd25f57bf645c0ca483ff3c3cdeec46,93040338,comparison annual 0.01; s3 last_modified 2026-09-22T20:35:33.000Z
V6GL03/CNNPM25/Annual/AS/V6GL03.CNNPM25.AS.201901-201912.nc,https://satpmdata.s3.amazonaws.com/V6GL03/CNNPM25/Annual/AS/V6GL03.CNNPM25.AS.201901-201912.nc,47fed20481f05872dc24a8ecd9aa56c4-12,2026-09-26T05:23:31+00:00,f10f3c0831f0c68c983d56bb70bb9fbe99da4e5f063e649afa40b7d1be407b3f,93115844,comparison annual 0.01; s3 last_modified 2026-09-22T20:35:35.000Z
V6GL03/CNNPM25/Annual/AS/V6GL03.CNNPM25.AS.202101-202112.nc,https://satpmdata.s3.amazonaws.com/V6GL03/CNNPM25/Annual/AS/V6GL03.CNNPM25.AS.202101-202112.nc,c32406e71336412b78962a0eec8341e1-12,2026-09-26T05:27:16+00:00,8e57009a9dd524db69a6ea971150466681e2c77d2a925e592ef53922cabb5aa1,93336633,comparison annual 0.01; s3 last_modified 2026-09-22T20:35:36.000Z
V6GL03/CNNPM25c0p10/Monthly/AS/V6GL03.CNNPM25.0p10.AS.200501-200501.nc,https://satpmdata.s3.amazonaws.com/V6GL03/CNNPM25c0p10/Monthly/AS/V6GL03.CNNPM25.0p10.AS.200501-200501.nc,f3f73d6f159ee713f2e987288f2e3656,2026-09-26T05:27:22+00:00,357b3c2a8505f5a87877fe1ee762cf75f5f2ea2ebac64cdecd54cccc8d58984c,1127888,comparison monthly 0.10; s3 last_modified 2026-09-22T21:03:36.000Z
V6GL03/CNNPM25c0p10/Monthly/AS/V6GL03.CNNPM25.0p10.AS.200502-200502.nc,https://satpmdata.s3.amazonaws.com/V6GL03/CNNPM25c0p10/Monthly/AS/V6GL03.CNNPM25.0p10.AS.200502-200502.nc,4ab486d8ab8c4be1827ebc29c7c42517,2026-09-26T05:27:35+00:00,18f5879a9f2130770f9ee6ba2f2b8f47e8553b9a4aaa48bfcc9180860d74fa48,1127065,comparison monthly 0.10; s3 last_modified 2026-09-22T21:03:36.000Z
V6GL03/CNNPM25c0p10/Monthly/AS/V6GL03.CNNPM25.0p10.AS.200503-200503.nc,https://satpmdata.s3.amazonaws.com/V6GL03/CNNPM25c0p10/Monthly/AS/V6GL03.CNNPM25.0p10.AS.200503-200503.nc,64fa4a2f34b3240ce73222848934cf62,2026-09-26T05:27:46+00:00,b415d26e9d189142c9c56ad98bd361f25ba3513ff25c73a26026632c7b19bb59,1124630,comparison monthly 0.10; s3 last_modified 2026-09-22T21:03:36.000Z
V6GL03/CNNPM25/Annual/AS/V6GL03.CNNPM25.AS.202201-202212.nc,https://satpmdata.s3.amazonaws.com/V6GL03/CNNPM25/Annual/AS/V6GL03.CNNPM25.AS.202201-202212.nc,ff5fb7073fef0dab8754cf28e9c286b5-12,2026-09-26T05:27:54+00:00,9f4b2c7bf977637fbb3717417e37f32f762fe2076602ceed78358bbcd7b9fd3a,93511417,comparison annual 0.01; s3 last_modified 2026-09-22T20:35:37.000Z
V6GL03/CNNPM25c0p10/Monthly/AS/V6GL03.CNNPM25.0p10.AS.200504-200504.nc,https://satpmdata.s3.amazonaws.com/V6GL03/CNNPM25c0p10/Monthly/AS/V6GL03.CNNPM25.0p10.AS.200504-200504.nc,7b67414110df5d9ed6d94edb74ee71c5,2026-09-26T05:27:55+00:00,19affd3499686d35b52bc09956454bcc2806d651b2d102689e041452ba78392b,1124616,comparison monthly 0.10; s3 last_modified 2026-09-22T21:03:36.000Z
V6GL03/CNNPM25c0p10/Monthly/AS/V6GL03.CNNPM25.0p10.AS.200505-200505.nc,https://satpmdata.s3.amazonaws.com/V6GL03/CNNPM25c0p10/Monthly/AS/V6GL03.CNNPM25.0p10.AS.200505-200505.nc,900893a65e0b91d6fd2cfe2992f0aa42,2026-09-26T05:28:02+00:00,bf02beaa1152b7c3cbeb64ccd07154e815ba8908197d76bf415d4d0b9fbf2a6f,1134077,comparison monthly 0.10; s3 last_modified 2026-09-22T21:03:36.000Z
V6GL03/CNNPM25c0p10/Monthly/AS/V6GL03.CNNPM25.0p10.AS.200506-200506.nc,https://satpmdata.s3.amazonaws.com/V6GL03/CNNPM25c0p10/Monthly/AS/V6GL03.CNNPM25.0p10.AS.200506-200506.nc,30002bd91f489ac4804453b5470e89ad,2026-09-26T05:28:05+00:00,1b3600ccb932f5b61ac1b85c8dcfd6513281ead7a9321bc672acdce230d96b97,1135830,comparison monthly 0.10; s3 last_modified 2026-09-22T21:03:36.000Z
V6GL03/CNNPM25c0p10/Monthly/AS/V6GL03.CNNPM25.0p10.AS.200507-200507.nc,https://satpmdata.s3.amazonaws.com/V6GL03/CNNPM25c0p10/Monthly/AS/V6GL03.CNNPM25.0p10.AS.200507-200507.nc,7d9168afa1ad5635901b005c94be7dc0,2026-09-26T05:28:11+00:00,1a6cf0ca97b3ff98813abcc1d6bd16b0b150e709438482f45633920ab1355700,1132406,comparison monthly 0.10; s3 last_modified 2026-09-22T21:03:36.000Z
V6GL03/CNNPM25c0p10/Monthly/AS/V6GL03.CNNPM25.0p10.AS.200508-200508.nc,https://satpmdata.s3.amazonaws.com/V6GL03/CNNPM25c0p10/Monthly/AS/V6GL03.CNNPM25.0p10.AS.200508-200508.nc,a8d3532cc352ecd9e424bd2df89a43ad,2026-09-26T05:28:12+00:00,0beb83c9e252547abbbb992b5f072f68ab584daf555cece377d61e4458464520,1134641,comparison monthly 0.10; s3 last_modified 2026-09-22T21:03:36.000Z
V6GL03/CNNPM25c0p10/Monthly/AS/V6GL03.CNNPM25.0p10.AS.200509-200509.nc,https://satpmdata.s3.amazonaws.com/V6GL03/CNNPM25c0p10/Monthly/AS/V6GL03.CNNPM25.0p10.AS.200509-200509.nc,e7602c3df4787f14d895cd4163a6814e,2026-09-26T05:28:21+00:00,f4900f8eb9352af11a7fe72e3c8a005fbfa0d6f1648257e642de635ee1e31eb4,1129085,comparison monthly 0.10; s3 last_modified 2026-09-22T21:03:36.000Z
V6GL03/CNNPM25c0p10/Monthly/AS/V6GL03.CNNPM25.0p10.AS.200510-200510.nc,https://satpmdata.s3.amazonaws.com/V6GL03/CNNPM25c0p10/Monthly/AS/V6GL03.CNNPM25.0p10.AS.200510-200510.nc,43d146210f713ab5c8f8c5d8333c325d,2026-09-26T05:28:22+00:00,dbfffd357194286fda5a950fdb207f18f495164e0512b595b86f7152c26df761,1131356,comparison monthly 0.10; s3 last_modified 2026-09-22T21:03:36.000Z
V6GL03/CNNPM25/Annual/AS/V6GL03.CNNPM25.AS.202401-202412.nc,https://satpmdata.s3.amazonaws.com/V6GL03/CNNPM25/Annual/AS/V6GL03.CNNPM25.AS.202401-202412.nc,ab4d08fe0e880764eb56c75e4d12a154-12,2026-09-26T05:28:23+00:00,654eb6d1de29c80a04e7c38f56140767b03b14c4f053187d36f917a8e7bcbae5,93144402,comparison annual 0.01; s3 last_modified 2026-09-22T20:35:38.000Z
V6GL03/CNNPM25c0p10/Monthly/AS/V6GL03.CNNPM25.0p10.AS.200511-200511.nc,https://satpmdata.s3.amazonaws.com/V6GL03/CNNPM25c0p10/Monthly/AS/V6GL03.CNNPM25.0p10.AS.200511-200511.nc,1990f295410b32ab80be5f9a904190ce,2026-09-26T05:28:29+00:00,dec750da8f4504ced647d5158256b9ec32daf502cd112ec30c6b3f84b65bb437,1125583,comparison monthly 0.10; s3 last_modified 2026-09-22T21:03:36.000Z
V6GL03/CNNPM25/Annual/AS/V6GL03.CNNPM25.AS.202301-202312.nc,https://satpmdata.s3.amazonaws.com/V6GL03/CNNPM25/Annual/AS/V6GL03.CNNPM25.AS.202301-202312.nc,51f96b5f00162239d888ee734eeb4939-12,2026-09-26T05:28:30+00:00,4b4ede273d55dd4676e62bd3fc79dec943918e85d2a33e079f3e131966743c8d,92407694,comparison annual 0.01; s3 last_modified 2026-09-22T20:35:37.000Z
V6GL03/CNNPM25c0p10/Monthly/AS/V6GL03.CNNPM25.0p10.AS.200512-200512.nc,https://satpmdata.s3.amazonaws.com/V6GL03/CNNPM25c0p10/Monthly/AS/V6GL03.CNNPM25.0p10.AS.200512-200512.nc,2eaadf80ac8e804e8bb0b2fd344e0fe9,2026-09-26T05:28:30+00:00,447ee5f3d6233ace17edb1d7b170fd57deb0712ba4ca3ec97b7f9fa9affcde67,1134064,comparison monthly 0.10; s3 last_modified 2026-09-22T21:03:36.000Z
V6GL03/CNNPM25c0p10/Monthly/AS/V6GL03.CNNPM25.0p10.AS.200601-200601.nc,https://satpmdata.s3.amazonaws.com/V6GL03/CNNPM25c0p10/Monthly/AS/V6GL03.CNNPM25.0p10.AS.200601-200601.nc,ff85b66986329971f5c65442255f3138,2026-09-26T05:28:31+00:00,03d51acb4b9b2160bb5cbce42ff904134e42e5f4b8546c142a6bbd00a8bd3fe3,1126370,comparison monthly 0.10; s3 last_modified 2026-09-22T21:03:36.000Z
V6GL03/CNNPM25c0p10/Monthly/AS/V6GL03.CNNPM25.0p10.AS.200602-200602.nc,https://satpmdata.s3.amazonaws.com/V6GL03/CNNPM25c0p10/Monthly/AS/V6GL03.CNNPM25.0p10.AS.200602-200602.nc,bb2ef721e3d20e4200e3225e552a47af,2026-09-26T05:28:36+00:00,4f173fce455417502f838c40b153df1577a0ae93a80376303a0fe389320e9ee7,1128018,comparison monthly 0.10; s3 last_modified 2026-09-22T21:03:36.000Z
V6GL03/CNNPM25c0p10/Monthly/AS/V6GL03.CNNPM25.0p10.AS.200603-200603.nc,https://satpmdata.s3.amazonaws.com/V6GL03/CNNPM25c0p10/Monthly/AS/V6GL03.CNNPM25.0p10.AS.200603-200603.nc,988ae07eefb5968580ae736f755a78e4,2026-09-26T05:28:38+00:00,a27957499d40688c7490e6b0c2dc5c5309b4ce94c4acc0e62aabbcf7e77d735a,1126356,comparison monthly 0.10; s3 last_modified 2026-09-22T21:03:36.000Z
V6GL03/CNNPM25c0p10/Monthly/AS/V6GL03.CNNPM25.0p10.AS.200605-200605.nc,https://satpmdata.s3.amazonaws.com/V6GL03/CNNPM25c0p10/Monthly/AS/V6GL03.CNNPM25.0p10.AS.200605-200605.nc,565dc65bffb785c69043ec57dfd36848,2026-09-26T05:28:38+00:00,2735cae14d57a86eeccb76407da3b5667110fecfc6e3968db8cc498dcce9629d,1133321,comparison monthly 0.10; s3 last_modified 2026-09-22T21:03:36.000Z
V6GL03/CNNPM25c0p10/Monthly/AS/V6GL03.CNNPM25.0p10.AS.200604-200604.nc,https://satpmdata.s3.amazonaws.com/V6GL03/CNNPM25c0p10/Monthly/AS/V6GL03.CNNPM25.0p10.AS.200604-200604.nc,59f4de29fc4f7b1385fa1108ab75ef61,2026-09-26T05:28:39+00:00,415a1ea1b244db0684c6804f3a4dfebcba652d18133b09293c7279bbaff3b2ba,1126585,comparison monthly 0.10; s3 last_modified 2026-09-22T21:03:36.000Z
V6GL03/CNNPM25c0p10/Monthly/AS/V6GL03.CNNPM25.0p10.AS.200607-200607.nc,https://satpmdata.s3.amazonaws.com/V6GL03/CNNPM25c0p10/Monthly/AS/V6GL03.CNNPM25.0p10.AS.200607-200607.nc,49d0a8139ac7e37d0e0ec8eaafad200a,2026-09-26T05:28:46+00:00,351706739aabcf285f5c688f73bfd48e5b80c4b0ae62aab7ec2e55e36ff312ec,1142477,comparison monthly 0.10; s3 last_modified 2026-09-22T21:03:36.000Z
V6GL03/CNNPM25c0p10/Monthly/AS/V6GL03.CNNPM25.0p10.AS.200606-200606.nc,https://satpmdata.s3.amazonaws.com/V6GL03/CNNPM25c0p10/Monthly/AS/V6GL03.CNNPM25.0p10.AS.200606-200606.nc,aa3f1f1cad0d3428f2327dfe70466d5a,2026-09-26T05:28:47+00:00,d640e26c90ca38e97844a5652e947a34722576e36ac6348b9db262eee24c0882,1135607,comparison monthly 0.10; s3 last_modified 2026-09-22T21:03:36.000Z
V6GL03/CNNPM25c0p10/Monthly/AS/V6GL03.CNNPM25.0p10.AS.200609-200609.nc,https://satpmdata.s3.amazonaws.com/V6GL03/CNNPM25c0p10/Monthly/AS/V6GL03.CNNPM25.0p10.AS.200609-200609.nc,9c257db1399bf68ab7423575967fbfd7,2026-09-26T05:28:48+00:00,fd8b63884384b73851aac4542f30bd882b9bdf799b9aa45386646926c6ad7b73,1134022,comparison monthly 0.10; s3 last_modified 2026-09-22T21:03:36.000Z
V6GL03/CNNPM25c0p10/Monthly/AS/V6GL03.CNNPM25.0p10.AS.200608-200608.nc,https://satpmdata.s3.amazonaws.com/V6GL03/CNNPM25c0p10/Monthly/AS/V6GL03.CNNPM25.0p10.AS.200608-200608.nc,164a1278fdffebf0405a28f1cc210ee3,2026-09-26T05:28:50+00:00,da317aa25ecfbc4fb0c54332368f302c686cb548f1e15f8ccfcb0617a2090ef5,1137350,comparison monthly 0.10; s3 last_modified 2026-09-22T21:03:36.000Z
V6GL03/CNNPM25c0p10/Monthly/AS/V6GL03.CNNPM25.0p10.AS.200610-200610.nc,https://satpmdata.s3.amazonaws.com/V6GL03/CNNPM25c0p10/Monthly/AS/V6GL03.CNNPM25.0p10.AS.200610-200610.nc,d8cee39dc519f35c6efb770e9f020d82,2026-09-26T05:28:54+00:00,29e4f2ad6c93670a349e13530c6a83ebb6b84e6738595689e301f31c6fc6627c,1132005,comparison monthly 0.10; s3 last_modified 2026-09-22T21:03:36.000Z
V6GL03/CNNPM25c0p10/Monthly/AS/V6GL03.CNNPM25.0p10.AS.200701-200701.nc,https://satpmdata.s3.amazonaws.com/V6GL03/CNNPM25c0p10/Monthly/AS/V6GL03.CNNPM25.0p10.AS.200701-200701.nc,fbbcd74163042368e7f04e47612d2d77,2026-09-26T05:28:59+00:00,7111c38a26f5368460d154c728c268a33d1d89820b5a9531f9a9e52a9ecf7a53,1132626,comparison monthly 0.10; s3 last_modified 2026-09-22T21:03:36.000Z
V6GL03/CNNPM25c0p10/Monthly/AS/V6GL03.CNNPM25.0p10.AS.200612-200612.nc,https://satpmdata.s3.amazonaws.com/V6GL03/CNNPM25c0p10/Monthly/AS/V6GL03.CNNPM25.0p10.AS.200612-200612.nc,d1ec7c62f8243f3755fba9c833e10856,2026-09-26T05:29:00+00:00,0dad7855db5220f4e0304bc00c5b87a31decc5433be860934b831a9f5b254380,1128855,comparison monthly 0.10; s3 last_modified 2026-09-22T21:03:36.000Z
V6GL03/CNNPM25c0p10/Monthly/AS/V6GL03.CNNPM25.0p10.AS.200611-200611.nc,https://satpmdata.s3.amazonaws.com/V6GL03/CNNPM25c0p10/Monthly/AS/V6GL03.CNNPM25.0p10.AS.200611-200611.nc,51119bed618f565001f76d560355586e,2026-09-26T05:29:00+00:00,74ce36f214b7d47b33729bda8b8e229ea94436c3220576c66310a12a547e1fcc,1125318,comparison monthly 0.10; s3 last_modified 2026-09-22T21:03:36.000Z
V6GL03/CNNPM25c0p10/Monthly/AS/V6GL03.CNNPM25.0p10.AS.200702-200702.nc,https://satpmdata.s3.amazonaws.com/V6GL03/CNNPM25c0p10/Monthly/AS/V6GL03.CNNPM25.0p10.AS.200702-200702.nc,848485fba12061da7c7e7a2e44a7932d,2026-09-26T05:29:03+00:00,49577dd24f61ddfa97e2e5c53ea2980e1ca440f6889ad1eb0b819a4edc3c06e2,1126639,comparison monthly 0.10; s3 last_modified 2026-09-22T21:03:36.000Z
V6GL03/CNNPM25c0p10/Monthly/AS/V6GL03.CNNPM25.0p10.AS.200704-200704.nc,https://satpmdata.s3.amazonaws.com/V6GL03/CNNPM25c0p10/Monthly/AS/V6GL03.CNNPM25.0p10.AS.200704-200704.nc,e4e177dcb28568541209ad825ba397e7,2026-09-26T05:29:07+00:00,9fb1da0871700a6a8b6e7ab702aaa21d23fd9145f52ff8883d664969de6e84de,1129545,comparison monthly 0.10; s3 last_modified 2026-09-22T21:03:36.000Z
V6GL03/CNNPM25c0p10/Monthly/AS/V6GL03.CNNPM25.0p10.AS.200703-200703.nc,https://satpmdata.s3.amazonaws.com/V6GL03/CNNPM25c0p10/Monthly/AS/V6GL03.CNNPM25.0p10.AS.200703-200703.nc,f7b88d14aa2fdc43370ffed66c16af57,2026-09-26T05:29:07+00:00,be1c483afd103ce558dbc42fe4a0ce95ff6f80b4c88b8951c185f4b459cceee7,1126017,comparison monthly 0.10; s3 last_modified 2026-09-22T21:03:36.000Z
V6GL03/CNNPM25c0p10/Monthly/AS/V6GL03.CNNPM25.0p10.AS.200706-200706.nc,https://satpmdata.s3.amazonaws.com/V6GL03/CNNPM25c0p10/Monthly/AS/V6GL03.CNNPM25.0p10.AS.200706-200706.nc,6e323a992ced759557650a4fbc7ec3e6,2026-09-26T05:29:08+00:00,36da1a71129008e4a4b3611dc39a9e34aca8282e13db81f5cbce92b755244b72,1133181,comparison monthly 0.10; s3 last_modified 2026-09-22T21:03:36.000Z
V6GL03/CNNPM25c0p10/Monthly/AS/V6GL03.CNNPM25.0p10.AS.200705-200705.nc,https://satpmdata.s3.amazonaws.com/V6GL03/CNNPM25c0p10/Monthly/AS/V6GL03.CNNPM25.0p10.AS.200705-200705.nc,c46c0635a80d5a0a6119caa7a3986b53,2026-09-26T05:29:10+00:00,5095e1d289964b1cfb48f8efc9575a9db49d9fc3e9104621c25556a3a3c950d8,1130805,comparison monthly 0.10; s3 last_modified 2026-09-22T21:03:36.000Z
V6GL03/CNNPM25c0p10/Monthly/AS/V6GL03.CNNPM25.0p10.AS.200708-200708.nc,https://satpmdata.s3.amazonaws.com/V6GL03/CNNPM25c0p10/Monthly/AS/V6GL03.CNNPM25.0p10.AS.200708-200708.nc,d3f5e59a7836d3b13850f5e6b2c60004,2026-09-26T05:29:12+00:00,b144673c40cbb2d7550ed5486074b7d7667e316659dd3940f1b005ceec28af50,1136907,comparison monthly 0.10; s3 last_modified 2026-09-22T21:03:36.000Z
V6GL03/CNNPM25c0p10/Monthly/AS/V6GL03.CNNPM25.0p10.AS.200707-200707.nc,https://satpmdata.s3.amazonaws.com/V6GL03/CNNPM25c0p10/Monthly/AS/V6GL03.CNNPM25.0p10.AS.200707-200707.nc,f4cd0005d8f30b167c20657036f1a3fa,2026-09-26T05:29:14+00:00,0a84daee0f394053edcaa293f51c677ca90616c787e355c15a88d6f8fd67c06c,1136505,comparison monthly 0.10; s3 last_modified 2026-09-22T21:03:36.000Z
V6GL03/CNNPM25c0p10/Monthly/AS/V6GL03.CNNPM25.0p10.AS.200709-200709.nc,https://satpmdata.s3.amazonaws.com/V6GL03/CNNPM25c0p10/Monthly/AS/V6GL03.CNNPM25.0p10.AS.200709-200709.nc,51d8c9827de1b30d6da5a19614095715,2026-09-26T05:29:14+00:00,804a9a92fd9cfdc5d8e2dd308dd168ee269ebf2849587a200f8641d092bf0dae,1133332,comparison monthly 0.10; s3 last_modified 2026-09-22T21:03:36.000Z
V6GL03/CNNPM25c0p10/Monthly/AS/V6GL03.CNNPM25.0p10.AS.200710-200710.nc,https://satpmdata.s3.amazonaws.com/V6GL03/CNNPM25c0p10/Monthly/AS/V6GL03.CNNPM25.0p10.AS.200710-200710.nc,11e4995e0b12ab6f518c682bdb7c49a6,2026-09-26T05:29:17+00:00,eee2b2812623c8d05e71b0676f57cbd62532677c82827cebaf19efef3963d860,1132601,comparison monthly 0.10; s3 last_modified 2026-09-22T21:03:36.000Z
V6GL03/CNNPM25c0p10/Monthly/AS/V6GL03.CNNPM25.0p10.AS.200711-200711.nc,https://satpmdata.s3.amazonaws.com/V6GL03/CNNPM25c0p10/Monthly/AS/V6GL03.CNNPM25.0p10.AS.200711-200711.nc,75055089d3416cbf5b095003963391ef,2026-09-26T05:29:20+00:00,76586b591edf634a0ac30698fcaf857be7ff446a36f811bf1cff738a367e0012,1130459,comparison monthly 0.10; s3 last_modified 2026-09-22T21:03:36.000Z
V6GL03/CNNPM25c0p10/Monthly/AS/V6GL03.CNNPM25.0p10.AS.200801-200801.nc,https://satpmdata.s3.amazonaws.com/V6GL03/CNNPM25c0p10/Monthly/AS/V6GL03.CNNPM25.0p10.AS.200801-200801.nc,37750b9658f49d954774a665763a9aad,2026-09-26T05:29:22+00:00,13ab3e3896f2a5dccb2d30990f55da2a996ef3af5b9aff94278895db1d74514a,1138158,comparison monthly 0.10; s3 last_modified 2026-09-22T21:03:36.000Z
V6GL03/CNNPM25c0p10/Monthly/AS/V6GL03.CNNPM25.0p10.AS.200712-200712.nc,https://satpmdata.s3.amazonaws.com/V6GL03/CNNPM25c0p10/Monthly/AS/V6GL03.CNNPM25.0p10.AS.200712-200712.nc,73c9f36baff74fd27638cc66f1337e42,2026-09-26T05:29:23+00:00,9c6faae32772581e22db795a9cb49ade477ccdbe01b015053b9a70002c1c0b42,1130888,comparison monthly 0.10; s3 last_modified 2026-09-22T21:03:36.000Z
V6GL03/CNNPM25c0p10/Monthly/AS/V6GL03.CNNPM25.0p10.AS.200802-200802.nc,https://satpmdata.s3.amazonaws.com/V6GL03/CNNPM25c0p10/Monthly/AS/V6GL03.CNNPM25.0p10.AS.200802-200802.nc,fb6027889902df1e3493b5be4b5cae2e,2026-09-26T05:29:24+00:00,3ad8fc972020e1d8f13698890ffacf950ba79efde0e10230828694ea08ec4fae,1136734,comparison monthly 0.10; s3 last_modified 2026-09-22T21:03:37.000Z
V6GL03/CNNPM25c0p10/Monthly/AS/V6GL03.CNNPM25.0p10.AS.200803-200803.nc,https://satpmdata.s3.amazonaws.com/V6GL03/CNNPM25c0p10/Monthly/AS/V6GL03.CNNPM25.0p10.AS.200803-200803.nc,176918fa0ab98b92c5c5521bf00799d8,2026-09-26T05:29:28+00:00,8e7d1adb0538dc25fd87340c5097294cf67b90976948cad0082a0fa840286943,1135478,comparison monthly 0.10; s3 last_modified 2026-09-22T21:03:37.000Z
V6GL03/CNNPM25c0p10/Monthly/AS/V6GL03.CNNPM25.0p10.AS.200804-200804.nc,https://satpmdata.s3.amazonaws.com/V6GL03/CNNPM25c0p10/Monthly/AS/V6GL03.CNNPM25.0p10.AS.200804-200804.nc,d91e5adfa9365642557a4c686ccf44a8,2026-09-26T05:29:30+00:00,6f4c9bd8e9fad6e34f1af6e7070b6871786c630d25251c2c102e109e9f6c22f8,1134120,comparison monthly 0.10; s3 last_modified 2026-09-22T21:03:37.000Z
V6GL03/CNNPM25c0p10/Monthly/AS/V6GL03.CNNPM25.0p10.AS.200806-200806.nc,https://satpmdata.s3.amazonaws.com/V6GL03/CNNPM25c0p10/Monthly/AS/V6GL03.CNNPM25.0p10.AS.200806-200806.nc,2646e5e6fb7cb653f99a5651d1c740ab,2026-09-26T05:29:31+00:00,d92498bdd7c9323454da546cd49cb7fa34a3ca9c3946665bd92120081a63a173,1134813,comparison monthly 0.10; s3 last_modified 2026-09-22T21:03:37.000Z
V6GL03/CNNPM25c0p10/Monthly/AS/V6GL03.CNNPM25.0p10.AS.200807-200807.nc,https://satpmdata.s3.amazonaws.com/V6GL03/CNNPM25c0p10/Monthly/AS/V6GL03.CNNPM25.0p10.AS.200807-200807.nc,4f953f547b915da14bdd405c9d2e166d,2026-09-26T05:29:33+00:00,9e9f0a64054c18d3c9525f6db4d0f158b6fc42f18f34cf3449361b6a6d1e5da1,1140742,comparison monthly 0.10; s3 last_modified 2026-09-22T21:03:37.000Z
V6GL03/CNNPM25c0p10/Monthly/AS/V6GL03.CNNPM25.0p10.AS.200805-200805.nc,https://satpmdata.s3.amazonaws.com/V6GL03/CNNPM25c0p10/Monthly/AS/V6GL03.CNNPM25.0p10.AS.200805-200805.nc,1b9f823af15aafd7c268fc5798e9a1d8,2026-09-26T05:29:35+00:00,d1b845bf77455e9a526a6ee35bfff37766d3d728e2ffcc03b4c67be6c1c4c860,1132672,comparison monthly 0.10; s3 last_modified 2026-09-22T21:03:37.000Z
V6GL03/CNNPM25c0p10/Monthly/AS/V6GL03.CNNPM25.0p10.AS.200808-200808.nc,https://satpmdata.s3.amazonaws.com/V6GL03/CNNPM25c0p10/Monthly/AS/V6GL03.CNNPM25.0p10.AS.200808-200808.nc,ecc0a4eb38749a85bbfcccd0f2ca47e2,2026-09-26T05:29:36+00:00,f0bb6158a070b6a5bc840777222ecbb8d79132a31cee8888149db27ff826664e,1137597,comparison monthly 0.10; s3 last_modified 2026-09-22T21:03:37.000Z
V6GL03/CNNPM25c0p10/Monthly/AS/V6GL03.CNNPM25.0p10.AS.200809-200809.nc,https://satpmdata.s3.amazonaws.com/V6GL03/CNNPM25c0p10/Monthly/AS/V6GL03.CNNPM25.0p10.AS.200809-200809.nc,d902b481addecb7a057279bd6439ef93,2026-09-26T05:29:39+00:00,95cfca1e10260cc6e468128f1bbf4c0c9b353db52350c07a7d76421ab79c2468,1134680,comparison monthly 0.10; s3 last_modified 2026-09-22T21:03:37.000Z
V6GL03/CNNPM25c0p10/Monthly/AS/V6GL03.CNNPM25.0p10.AS.200810-200810.nc,https://satpmdata.s3.amazonaws.com/V6GL03/CNNPM25c0p10/Monthly/AS/V6GL03.CNNPM25.0p10.AS.200810-200810.nc,18a953f7a6faff1f527eb3347763a174,2026-09-26T05:29:45+00:00,6e10a7e7ff658727a74b1e209fa62809473a0215bd510149e76bd99635c4b4db,1135927,comparison monthly 0.10; s3 last_modified 2026-09-22T21:03:37.000Z
V6GL03/CNNPM25c0p10/Monthly/AS/V6GL03.CNNPM25.0p10.AS.200812-200812.nc,https://satpmdata.s3.amazonaws.com/V6GL03/CNNPM25c0p10/Monthly/AS/V6GL03.CNNPM25.0p10.AS.200812-200812.nc,0854b09874f12308d0b4db3189e99c6a,2026-09-26T05:29:47+00:00,5da19a27acb42474522841f67d99878f777dca523798fb3733f82b05da3b8944,1139364,comparison monthly 0.10; s3 last_modified 2026-09-22T21:03:37.000Z
V6GL03/CNNPM25c0p10/Monthly/AS/V6GL03.CNNPM25.0p10.AS.200811-200811.nc,https://satpmdata.s3.amazonaws.com/V6GL03/CNNPM25c0p10/Monthly/AS/V6GL03.CNNPM25.0p10.AS.200811-200811.nc,43a3372a8e28fcceb06ac2b157c4fd92,2026-09-26T05:29:47+00:00,13ef05a622368ee2a23b255d13856d3d8bc7aa996e9e28b00a62eab296bc76c6,1138062,comparison monthly 0.10; s3 last_modified 2026-09-22T21:03:37.000Z
V6GL03/CNNPM25c0p10/Monthly/AS/V6GL03.CNNPM25.0p10.AS.200901-200901.nc,https://satpmdata.s3.amazonaws.com/V6GL03/CNNPM25c0p10/Monthly/AS/V6GL03.CNNPM25.0p10.AS.200901-200901.nc,8bd1cd50a4056e92541e1d5536b0c216,2026-09-26T05:29:50+00:00,406ce22071a2d54c831bf4c00057cb699e80fd9de275e0e9373146cc2e27b9e1,1127798,comparison monthly 0.10; s3 last_modified 2026-09-22T21:03:37.000Z
V6GL03/CNNPM25c0p10/Monthly/AS/V6GL03.CNNPM25.0p10.AS.200902-200902.nc,https://satpmdata.s3.amazonaws.com/V6GL03/CNNPM25c0p10/Monthly/AS/V6GL03.CNNPM25.0p10.AS.200902-200902.nc,1216ebd4dcc3ee23075746fa7897e146,2026-09-26T05:29:58+00:00,f6974fac315355b999c3af30c08837bbe0eae35e3b3d96f008c36f2cb65a466c,1124069,comparison monthly 0.10; s3 last_modified 2026-09-22T21:03:37.000Z
V6GL03/CNNPM25c0p10/Monthly/AS/V6GL03.CNNPM25.0p10.AS.200904-200904.nc,https://satpmdata.s3.amazonaws.com/V6GL03/CNNPM25c0p10/Monthly/AS/V6GL03.CNNPM25.0p10.AS.200904-200904.nc,5eca8f440209df14632a7c7a2b278b64,2026-09-26T05:29:59+00:00,c88731e5d968aae6afd2cdda66227147306d99d06ffdd31f7ef57378940c7252,1126312,comparison monthly 0.10; s3 last_modified 2026-09-22T21:03:37.000Z
V6GL03/CNNPM25c0p10/Monthly/AS/V6GL03.CNNPM25.0p10.AS.200903-200903.nc,https://satpmdata.s3.amazonaws.com/V6GL03/CNNPM25c0p10/Monthly/AS/V6GL03.CNNPM25.0p10.AS.200903-200903.nc,e6db2cad1c6825159e05867b93e14ca7,2026-09-26T05:29:59+00:00,782357d1ee221d40474e12a89c5ff7ff5240e55bfa45c0d97367ce35f563ffb6,1122043,comparison monthly 0.10; s3 last_modified 2026-09-22T21:03:37.000Z
V6GL03/CNNPM25c0p10/Monthly/AS/V6GL03.CNNPM25.0p10.AS.200905-200905.nc,https://satpmdata.s3.amazonaws.com/V6GL03/CNNPM25c0p10/Monthly/AS/V6GL03.CNNPM25.0p10.AS.200905-200905.nc,9ff57f586958959bb61ff07dc2e27752,2026-09-26T05:30:00+00:00,b0b45b8bc8c828c47a24b91491155958e3374a68c8ba14ce49c34d89e07a5be2,1130859,comparison monthly 0.10; s3 last_modified 2026-09-22T21:03:37.000Z
V6GL03/CNNPM25c0p10/Monthly/AS/V6GL03.CNNPM25.0p10.AS.200906-200906.nc,https://satpmdata.s3.amazonaws.com/V6GL03/CNNPM25c0p10/Monthly/AS/V6GL03.CNNPM25.0p10.AS.200906-200906.nc,30c0733a99d8312f123ebbb6aa612560,2026-09-26T05:30:06+00:00,3d74e6def149bdc005c379173a903e549dbb620e62ccf470bbf338e6151b2a66,1121562,comparison monthly 0.10; s3 last_modified 2026-09-22T21:03:37.000Z
V6GL03/CNNPM25c0p10/Monthly/AS/V6GL03.CNNPM25.0p10.AS.200907-200907.nc,https://satpmdata.s3.amazonaws.com/V6GL03/CNNPM25c0p10/Monthly/AS/V6GL03.CNNPM25.0p10.AS.200907-200907.nc,92affda1f6ce210b6c9345404b11b5f8,2026-09-26T05:30:08+00:00,877ceb4d48e07621a70312003fdb1c6ecd2976732233d8cdbb3fc6bfb0753def,1128927,comparison monthly 0.10; s3 last_modified 2026-09-22T21:03:37.000Z
V6GL03/CNNPM25c0p10/Monthly/AS/V6GL03.CNNPM25.0p10.AS.200908-200908.nc,https://satpmdata.s3.amazonaws.com/V6GL03/CNNPM25c0p10/Monthly/AS/V6GL03.CNNPM25.0p10.AS.200908-200908.nc,8580551061f559c047b1348a4d942392,2026-09-26T05:30:09+00:00,42d3f1ec4aa909631d44d94e5c67c55d2cabef5242c0b2a1b4103a19585b2786,1131938,comparison monthly 0.10; s3 last_modified 2026-09-22T21:03:37.000Z
V6GL03/CNNPM25c0p10/Monthly/AS/V6GL03.CNNPM25.0p10.AS.200909-200909.nc,https://satpmdata.s3.amazonaws.com/V6GL03/CNNPM25c0p10/Monthly/AS/V6GL03.CNNPM25.0p10.AS.200909-200909.nc,9e7d9bd85f7ced35802f5563f6841b54,2026-09-26T05:30:09+00:00,a1f72f65f4f64ba06bbb44c6bdfd5bfe2dd55423f62fe3d6d96d9e75655331fd,1135412,comparison monthly 0.10; s3 last_modified 2026-09-22T21:03:37.000Z
V6GL03/CNNPM25c0p10/Monthly/AS/V6GL03.CNNPM25.0p10.AS.200910-200910.nc,https://satpmdata.s3.amazonaws.com/V6GL03/CNNPM25c0p10/Monthly/AS/V6GL03.CNNPM25.0p10.AS.200910-200910.nc,4df26dd367f13ffdd724a559c21e27ff,2026-09-26T05:30:13+00:00,d1d5ff0930bf9ceceff3870b34d9c45f4981f0f485c5a0863b41e8c2fbf12cca,1132841,comparison monthly 0.10; s3 last_modified 2026-09-22T21:03:37.000Z
V6GL03/CNNPM25c0p10/Monthly/AS/V6GL03.CNNPM25.0p10.AS.200911-200911.nc,https://satpmdata.s3.amazonaws.com/V6GL03/CNNPM25c0p10/Monthly/AS/V6GL03.CNNPM25.0p10.AS.200911-200911.nc,cef7e009b3d993c7f8f76433b740410f,2026-09-26T05:30:14+00:00,1e24ed29c827a9aa105bf19d7025e5ef1d05b87191bdf4a028f4386d7ee71228,1126986,comparison monthly 0.10; s3 last_modified 2026-09-22T21:03:37.000Z
V6GL03/CNNPM25c0p10/Monthly/AS/V6GL03.CNNPM25.0p10.AS.200912-200912.nc,https://satpmdata.s3.amazonaws.com/V6GL03/CNNPM25c0p10/Monthly/AS/V6GL03.CNNPM25.0p10.AS.200912-200912.nc,5f0508b65e9efe7ca55982de0f47cec5,2026-09-26T05:30:15+00:00,c96f2f033603355f57e3db31288d14fe2c17be50a6c2bfc43003df80a349b35b,1125133,comparison monthly 0.10; s3 last_modified 2026-09-22T21:03:37.000Z
V6GL03/CNNPM25c0p10/Monthly/AS/V6GL03.CNNPM25.0p10.AS.201001-201001.nc,https://satpmdata.s3.amazonaws.com/V6GL03/CNNPM25c0p10/Monthly/AS/V6GL03.CNNPM25.0p10.AS.201001-201001.nc,df71698c26f12203a87cff57c7a71d20,2026-09-26T05:30:15+00:00,a5f702af760dcf5cc555f5b0803e5f11c6a72acc4b93b51d9df4b3d893b42a60,1137112,comparison monthly 0.10; s3 last_modified 2026-09-22T21:03:37.000Z
V6GL03/CNNPM25c0p10/Monthly/AS/V6GL03.CNNPM25.0p10.AS.201002-201002.nc,https://satpmdata.s3.amazonaws.com/V6GL03/CNNPM25c0p10/Monthly/AS/V6GL03.CNNPM25.0p10.AS.201002-201002.nc,651e45ff384b34c6b71ddf115619e6ae,2026-09-26T05:30:19+00:00,6aa28fdd31891fee58ee0df3e6d5d95da4635f266fc29bd7437803639d578174,1131737,comparison monthly 0.10; s3 last_modified 2026-09-22T21:03:37.000Z
V6GL03/CNNPM25c0p10/Monthly/AS/V6GL03.CNNPM25.0p10.AS.201004-201004.nc,https://satpmdata.s3.amazonaws.com/V6GL03/CNNPM25c0p10/Monthly/AS/V6GL03.CNNPM25.0p10.AS.201004-201004.nc,048d96d15ce6bdb44a38796aa5e27cbb,2026-09-26T05:30:21+00:00,e599e693f53df667700185d53cc9602837f691a44db7c2afaf5d26f62dd995ce,1130589,comparison monthly 0.10; s3 last_modified 2026-09-22T21:03:37.000Z
V6GL03/CNNPM25c0p10/Monthly/AS/V6GL03.CNNPM25.0p10.AS.201003-201003.nc,https://satpmdata.s3.amazonaws.com/V6GL03/CNNPM25c0p10/Monthly/AS/V6GL03.CNNPM25.0p10.AS.201003-201003.nc,b7e5c155bc78ebbc4cd98111edc48c8c,2026-09-26T05:30:22+00:00,ae789ba8d6dc4da763441d7f77ca85c87da128b0d6d04ec3fbf704060f6f6c37,1125588,comparison monthly 0.10; s3 last_modified 2026-09-22T21:03:37.000Z
V6GL03/CNNPM25c0p10/Monthly/AS/V6GL03.CNNPM25.0p10.AS.201005-201005.nc,https://satpmdata.s3.amazonaws.com/V6GL03/CNNPM25c0p10/Monthly/AS/V6GL03.CNNPM25.0p10.AS.201005-201005.nc,a9422f7bf6c960989c77c910212db363,2026-09-26T05:30:23+00:00,3d22e836f35105add6844174099ef8cb7be070f47054e966e66299d258dea9c9,1135387,comparison monthly 0.10; s3 last_modified 2026-09-22T21:03:37.000Z
V6GL03/CNNPM25c0p10/Monthly/AS/V6GL03.CNNPM25.0p10.AS.201006-201006.nc,https://satpmdata.s3.amazonaws.com/V6GL03/CNNPM25c0p10/Monthly/AS/V6GL03.CNNPM25.0p10.AS.201006-201006.nc,53aee1e983ab445631e5d2318fbcd3a3,2026-09-26T05:30:27+00:00,f024b94c1e06398f4a756b3dc33288d0718b2e462523ef41e21d5e77954907eb,1139743,comparison monthly 0.10; s3 last_modified 2026-09-22T21:03:37.000Z
V6GL03/CNNPM25c0p10/Monthly/AS/V6GL03.CNNPM25.0p10.AS.201009-201009.nc,https://satpmdata.s3.amazonaws.com/V6GL03/CNNPM25c0p10/Monthly/AS/V6GL03.CNNPM25.0p10.AS.201009-201009.nc,9868d983dd9a2ea2f64512e162119bc0,2026-09-26T05:30:30+00:00,670dbd44912f5b6c475414963d2ffe54cdaecec79df6fd68eab32322c2b85d46,1144656,comparison monthly 0.10; s3 last_modified 2026-09-22T21:03:37.000Z
V6GL03/CNNPM25c0p10/Monthly/AS/V6GL03.CNNPM25.0p10.AS.201008-201008.nc,https://satpmdata.s3.amazonaws.com/V6GL03/CNNPM25c0p10/Monthly/AS/V6GL03.CNNPM25.0p10.AS.201008-201008.nc,743d3e76b94e21f0f016e560baa279c1,2026-09-26T05:30:32+00:00,8baeef9d376e93d5acef15d07ca19f49354dd94bf86befba954004d693f2ee52,1147715,comparison monthly 0.10; s3 last_modified 2026-09-22T21:03:37.000Z
V6GL03/CNNPM25c0p10/Monthly/AS/V6GL03.CNNPM25.0p10.AS.201007-201007.nc,https://satpmdata.s3.amazonaws.com/V6GL03/CNNPM25c0p10/Monthly/AS/V6GL03.CNNPM25.0p10.AS.201007-201007.nc,b898cbd8a1ca9727a77c313e7131cea0,2026-09-26T05:30:35+00:00,a3ad9f31801ff9a66f0008cb6fb8da4548f2cd4daa18439df32a5cd660dea000,1145061,comparison monthly 0.10; s3 last_modified 2026-09-22T21:03:37.000Z
V6GL03/CNNPM25c0p10/Monthly/AS/V6GL03.CNNPM25.0p10.AS.201010-201010.nc,https://satpmdata.s3.amazonaws.com/V6GL03/CNNPM25c0p10/Monthly/AS/V6GL03.CNNPM25.0p10.AS.201010-201010.nc,1421d948742ec5a549b48f630e19544b,2026-09-26T05:30:38+00:00,06db6fb33b5bfb24e0fdd47d9a58d94741ae40aa5bee78d1c8a4f094d50bba3c,1137368,comparison monthly 0.10; s3 last_modified 2026-09-22T21:03:37.000Z
V6GL03/CNNPM25c0p10/Monthly/AS/V6GL03.CNNPM25.0p10.AS.201011-201011.nc,https://satpmdata.s3.amazonaws.com/V6GL03/CNNPM25c0p10/Monthly/AS/V6GL03.CNNPM25.0p10.AS.201011-201011.nc,4cd573f5fda0019cc64f72be9b27d796,2026-09-26T05:30:39+00:00,f4fe548cf29e9e7434a08a08a904058184b527e882561184909cb1bb0d8aaa89,1127001,comparison monthly 0.10; s3 last_modified 2026-09-22T21:03:37.000Z
V6GL03/CNNPM25c0p10/Monthly/AS/V6GL03.CNNPM25.0p10.AS.201012-201012.nc,https://satpmdata.s3.amazonaws.com/V6GL03/CNNPM25c0p10/Monthly/AS/V6GL03.CNNPM25.0p10.AS.201012-201012.nc,5d75c9ab2516e70f4f794c0860c8e535,2026-09-26T05:30:40+00:00,1484de5359f9a238b2ea29241e10294437a031c7c76e727a3e5309de62385eb0,1136792,comparison monthly 0.10; s3 last_modified 2026-09-22T21:03:37.000Z
V6GL03/CNNPM25c0p10/Monthly/AS/V6GL03.CNNPM25.0p10.AS.201101-201101.nc,https://satpmdata.s3.amazonaws.com/V6GL03/CNNPM25c0p10/Monthly/AS/V6GL03.CNNPM25.0p10.AS.201101-201101.nc,066eabb35308a7fcc2adf0caa9151bb3,2026-09-26T05:30:44+00:00,9d194707862b656af0d7229d98eb95193a8c674ab68a2f0fca6394f9fa4bc580,1131936,comparison monthly 0.10; s3 last_modified 2026-09-22T21:03:37.000Z
V6GL03/CNNPM25c0p10/Monthly/AS/V6GL03.CNNPM25.0p10.AS.201102-201102.nc,https://satpmdata.s3.amazonaws.com/V6GL03/CNNPM25c0p10/Monthly/AS/V6GL03.CNNPM25.0p10.AS.201102-201102.nc,b312a0c37faf816f3d8cec39f10664b7,2026-09-26T05:30:48+00:00,e53726bc2ad7cff229c15d9add511993fb202807fd02b4e83fc68c8500b333c4,1122949,comparison monthly 0.10; s3 last_modified 2026-09-22T21:03:37.000Z
V6GL03/CNNPM25c0p10/Monthly/AS/V6GL03.CNNPM25.0p10.AS.201104-201104.nc,https://satpmdata.s3.amazonaws.com/V6GL03/CNNPM25c0p10/Monthly/AS/V6GL03.CNNPM25.0p10.AS.201104-201104.nc,f678f58a8da380eed111dc074f1b471c,2026-09-26T05:30:49+00:00,b1cd5d165909ff6a434400dd600a53fd52d2978caa13e309b93d85b710ce7572,1122165,comparison monthly 0.10; s3 last_modified 2026-09-22T21:03:37.000Z
V6GL03/CNNPM25c0p10/Monthly/AS/V6GL03.CNNPM25.0p10.AS.201103-201103.nc,https://satpmdata.s3.amazonaws.com/V6GL03/CNNPM25c0p10/Monthly/AS/V6GL03.CNNPM25.0p10.AS.201103-201103.nc,81897dada727d14dc5e1e5576261945f,2026-09-26T05:30:51+00:00,1c3e8023d0cce7794102fb86ce278fe5aa65e6085951366e1ee77c382905cb74,1115836,comparison monthly 0.10; s3 last_modified 2026-09-22T21:03:37.000Z
V6GL03/CNNPM25c0p10/Monthly/AS/V6GL03.CNNPM25.0p10.AS.201105-201105.nc,https://satpmdata.s3.amazonaws.com/V6GL03/CNNPM25c0p10/Monthly/AS/V6GL03.CNNPM25.0p10.AS.201105-201105.nc,d5ca3d38ffb079bbc524f7d8d215a76e,2026-09-26T05:30:53+00:00,ab55b1b1c1984d0316e6bb70797f23401ce18d0669b45dfb1d2870eacaf3fd04,1126132,comparison monthly 0.10; s3 last_modified 2026-09-22T21:03:37.000Z
V6GL03/CNNPM25c0p10/Monthly/AS/V6GL03.CNNPM25.0p10.AS.201107-201107.nc,https://satpmdata.s3.amazonaws.com/V6GL03/CNNPM25c0p10/Monthly/AS/V6GL03.CNNPM25.0p10.AS.201107-201107.nc,d69f3e72365a56e3beefcbd814dc4adf,2026-09-26T05:30:56+00:00,33b8cdcdca230b6a67cb7ebca84a5ae6cf6b088bd3f2dee1987d81b4d9023b91,1130481,comparison monthly 0.10; s3 last_modified 2026-09-22T21:03:37.000Z
V6GL03/CNNPM25c0p10/Monthly/AS/V6GL03.CNNPM25.0p10.AS.201108-201108.nc,https://satpmdata.s3.amazonaws.com/V6GL03/CNNPM25c0p10/Monthly/AS/V6GL03.CNNPM25.0p10.AS.201108-201108.nc,686f92c7519a19d6ab899c4628d11c28,2026-09-26T05:30:58+00:00,019a1b40662bcb3ea6bade5446215d559d139eec7290f5f58626316d358bf0c6,1129486,comparison monthly 0.10; s3 last_modified 2026-09-22T21:03:37.000Z
V6GL03/CNNPM25c0p10/Monthly/AS/V6GL03.CNNPM25.0p10.AS.201106-201106.nc,https://satpmdata.s3.amazonaws.com/V6GL03/CNNPM25c0p10/Monthly/AS/V6GL03.CNNPM25.0p10.AS.201106-201106.nc,7d4f8ce0aac341577522f1ca5f73f6ba,2026-09-26T05:30:59+00:00,1ef36cb67d6f3a21d95fc145bee6170dfbd745506304fe7fbda9a21a48903d3e,1128489,comparison monthly 0.10; s3 last_modified 2026-09-22T21:03:37.000Z
V6GL03/CNNPM25c0p10/Monthly/AS/V6GL03.CNNPM25.0p10.AS.201109-201109.nc,https://satpmdata.s3.amazonaws.com/V6GL03/CNNPM25c0p10/Monthly/AS/V6GL03.CNNPM25.0p10.AS.201109-201109.nc,a3bfc05b0ea87ac641968924eeefcfa0,2026-09-26T05:31:02+00:00,516db34550d7f9e17dbddac3efde714d9c45b924cc7c2fb428b5704140abc852,1132714,comparison monthly 0.10; s3 last_modified 2026-09-22T21:03:37.000Z
V6GL03/CNNPM25c0p10/Monthly/AS/V6GL03.CNNPM25.0p10.AS.201110-201110.nc,https://satpmdata.s3.amazonaws.com/V6GL03/CNNPM25c0p10/Monthly/AS/V6GL03.CNNPM25.0p10.AS.201110-201110.nc,891e27d2384b3c71658e71b4a2a972f0,2026-09-26T05:31:03+00:00,44b07901421620dfadbded7162d1ac335b9eaa6bcd2550f97e76a460f3b6e2c3,1130656,comparison monthly 0.10; s3 last_modified 2026-09-22T21:03:37.000Z
V6GL03/CNNPM25c0p10/Monthly/AS/V6GL03.CNNPM25.0p10.AS.201112-201112.nc,https://satpmdata.s3.amazonaws.com/V6GL03/CNNPM25c0p10/Monthly/AS/V6GL03.CNNPM25.0p10.AS.201112-201112.nc,01d481549adf92a7cfd533cb919bbcf7,2026-09-26T05:31:06+00:00,36468fabf04d7053f74a9c2d6bca3df7d77f0cdf5e36c2a5bf3654262c38597c,1126609,comparison monthly 0.10; s3 last_modified 2026-09-22T21:03:37.000Z
V6GL03/CNNPM25c0p10/Monthly/AS/V6GL03.CNNPM25.0p10.AS.201111-201111.nc,https://satpmdata.s3.amazonaws.com/V6GL03/CNNPM25c0p10/Monthly/AS/V6GL03.CNNPM25.0p10.AS.201111-201111.nc,6f082a93e104926a2e9ce39414948678,2026-09-26T05:31:07+00:00,10558724ed03eff434c47226756d069dd6a41e286464dddb2cc44ca5b5ed9a47,1119408,comparison monthly 0.10; s3 last_modified 2026-09-22T21:03:37.000Z
V6GL03/CNNPM25c0p10/Monthly/AS/V6GL03.CNNPM25.0p10.AS.201201-201201.nc,https://satpmdata.s3.amazonaws.com/V6GL03/CNNPM25c0p10/Monthly/AS/V6GL03.CNNPM25.0p10.AS.201201-201201.nc,531d4187fc2489c2ef925e8cb5cc7409,2026-09-26T05:31:08+00:00,da05308ef1e3cb60fe4019a5937b8692527299f662eb0d38c3504dbf973d540b,1134663,comparison monthly 0.10; s3 last_modified 2026-09-22T21:03:37.000Z
V6GL03/CNNPM25c0p10/Monthly/AS/V6GL03.CNNPM25.0p10.AS.201202-201202.nc,https://satpmdata.s3.amazonaws.com/V6GL03/CNNPM25c0p10/Monthly/AS/V6GL03.CNNPM25.0p10.AS.201202-201202.nc,2b891061bf68cfdb4a97e234ae72a743,2026-09-26T05:31:10+00:00,b917c8afd6cc82a40d23d51064e3ee8901c697525c8590d5fccdc632137e06ca,1129877,comparison monthly 0.10; s3 last_modified 2026-09-22T21:03:37.000Z
V6GL03/CNNPM25c0p10/Monthly/AS/V6GL03.CNNPM25.0p10.AS.201203-201203.nc,https://satpmdata.s3.amazonaws.com/V6GL03/CNNPM25c0p10/Monthly/AS/V6GL03.CNNPM25.0p10.AS.201203-201203.nc,16522ade340a8a34fb0a4ec13961b773,2026-09-26T05:31:13+00:00,032e18ad8195bc557ecd8a2d02a80b6585e5da59f4ba6d6ef5a3b9976a44cb7f,1123908,comparison monthly 0.10; s3 last_modified 2026-09-22T21:03:37.000Z
V6GL03/CNNPM25c0p10/Monthly/AS/V6GL03.CNNPM25.0p10.AS.201204-201204.nc,https://satpmdata.s3.amazonaws.com/V6GL03/CNNPM25c0p10/Monthly/AS/V6GL03.CNNPM25.0p10.AS.201204-201204.nc,7a7a0f254dc468329a900e83fbc155c7,2026-09-26T05:31:15+00:00,81be78fafaf081251307bc9a3e8e1685de1ca4b0b973b96bc99a198b3ce6b000,1124175,comparison monthly 0.10; s3 last_modified 2026-09-22T21:03:37.000Z
V6GL03/CNNPM25c0p10/Monthly/AS/V6GL03.CNNPM25.0p10.AS.201205-201205.nc,https://satpmdata.s3.amazonaws.com/V6GL03/CNNPM25c0p10/Monthly/AS/V6GL03.CNNPM25.0p10.AS.201205-201205.nc,d6c360ce11a71c7d2a96eefbe646c13e,2026-09-26T05:31:16+00:00,790adb97084b960a1ef5b17c6aef04393b7236794e22bb3831fa750075e64092,1127905,comparison monthly 0.10; s3 last_modified 2026-09-22T21:03:37.000Z
V6GL03/CNNPM25c0p10/Monthly/AS/V6GL03.CNNPM25.0p10.AS.201206-201206.nc,https://satpmdata.s3.amazonaws.com/V6GL03/CNNPM25c0p10/Monthly/AS/V6GL03.CNNPM25.0p10.AS.201206-201206.nc,6db9e4a019b82d0a215eeab1f22e9382,2026-09-26T05:31:22+00:00,aea685f427ea15191a22dffc3a435d6f8956e4a07f76bb5c0f2e85d8fc608a42,1129897,comparison monthly 0.10; s3 last_modified 2026-09-22T21:03:37.000Z
V6GL03/CNNPM25c0p10/Monthly/AS/V6GL03.CNNPM25.0p10.AS.201207-201207.nc,https://satpmdata.s3.amazonaws.com/V6GL03/CNNPM25c0p10/Monthly/AS/V6GL03.CNNPM25.0p10.AS.201207-201207.nc,9be0d19b84e23d8ddac83ac8ede66a4b,2026-09-26T05:31:23+00:00,773fe7fd943333858b706ebbc76f743986458108b09628033315f0b0d820bc66,1140331,comparison monthly 0.10; s3 last_modified 2026-09-22T21:03:37.000Z
V6GL03/CNNPM25c0p10/Monthly/AS/V6GL03.CNNPM25.0p10.AS.201209-201209.nc,https://satpmdata.s3.amazonaws.com/V6GL03/CNNPM25c0p10/Monthly/AS/V6GL03.CNNPM25.0p10.AS.201209-201209.nc,6b53e437766b8cceb301f84f31f07711,2026-09-26T05:31:23+00:00,6e7b87177a4281b64b98b112f7ba52a178a58ae81ec49ae2fea9e60694f2f039,1127568,comparison monthly 0.10; s3 last_modified 2026-09-22T21:03:37.000Z
V6GL03/CNNPM25c0p10/Monthly/AS/V6GL03.CNNPM25.0p10.AS.201208-201208.nc,https://satpmdata.s3.amazonaws.com/V6GL03/CNNPM25c0p10/Monthly/AS/V6GL03.CNNPM25.0p10.AS.201208-201208.nc,c6d0a72594932a8a98470bfc5c98a38d,2026-09-26T05:31:26+00:00,0f09f4098374bfbfb5df82d14bfff389f3974109eabb46b15388656175e790c0,1134597,comparison monthly 0.10; s3 last_modified 2026-09-22T21:03:37.000Z
V6GL03/CNNPM25c0p10/Monthly/AS/V6GL03.CNNPM25.0p10.AS.201210-201210.nc,https://satpmdata.s3.amazonaws.com/V6GL03/CNNPM25c0p10/Monthly/AS/V6GL03.CNNPM25.0p10.AS.201210-201210.nc,f622c98336c4c851fb36ac8368936469,2026-09-26T05:31:32+00:00,84d775c3f3b57512f056504720a945735de4da1a140244e5b8aa64178f84a548,1133952,comparison monthly 0.10; s3 last_modified 2026-09-22T21:03:38.000Z
V6GL03/CNNPM25c0p10/Monthly/AS/V6GL03.CNNPM25.0p10.AS.201211-201211.nc,https://satpmdata.s3.amazonaws.com/V6GL03/CNNPM25c0p10/Monthly/AS/V6GL03.CNNPM25.0p10.AS.201211-201211.nc,0c6aabd4c4d45fb347a3f2921cc5bce1,2026-09-26T05:31:32+00:00,0e71e41585fe1ccc02663645e27741f81c468ee6bce3327ca3671203ba8a1f60,1133183,comparison monthly 0.10; s3 last_modified 2026-09-22T21:03:37.000Z
V6GL03/CNNPM25c0p10/Monthly/AS/V6GL03.CNNPM25.0p10.AS.201212-201212.nc,https://satpmdata.s3.amazonaws.com/V6GL03/CNNPM25c0p10/Monthly/AS/V6GL03.CNNPM25.0p10.AS.201212-201212.nc,5180257b7324d83f26c12fc495275aa2,2026-09-26T05:31:32+00:00,26f73fc6787be39a03b57eb889880c5bd4eb6d990fbb849864dbfc47ed850d22,1135415,comparison monthly 0.10; s3 last_modified 2026-09-22T21:03:38.000Z
V6GL03/CNNPM25c0p10/Monthly/AS/V6GL03.CNNPM25.0p10.AS.201301-201301.nc,https://satpmdata.s3.amazonaws.com/V6GL03/CNNPM25c0p10/Monthly/AS/V6GL03.CNNPM25.0p10.AS.201301-201301.nc,a65951bab31f848797d0dd20e1836395,2026-09-26T05:31:39+00:00,3cb7e65ebd1c7f3449a383c7366c4b86c0667d61afffda29535bfd6bbc379d43,1134493,comparison monthly 0.10; s3 last_modified 2026-09-22T21:03:38.000Z
V6GL03/CNNPM25c0p10/Monthly/AS/V6GL03.CNNPM25.0p10.AS.201304-201304.nc,https://satpmdata.s3.amazonaws.com/V6GL03/CNNPM25c0p10/Monthly/AS/V6GL03.CNNPM25.0p10.AS.201304-201304.nc,2c783bb28d18f9bfe52cb37342fff361,2026-09-26T05:31:40+00:00,67c95d17b67d77ea887d2083bbd2e6ff5316c15c65ffce0ded3b32114d99722b,1127536,comparison monthly 0.10; s3 last_modified 2026-09-22T21:03:38.000Z
V6GL03/CNNPM25c0p10/Monthly/AS/V6GL03.CNNPM25.0p10.AS.201302-201302.nc,https://satpmdata.s3.amazonaws.com/V6GL03/CNNPM25c0p10/Monthly/AS/V6GL03.CNNPM25.0p10.AS.201302-201302.nc,f36043e1f7e41ad46d28349a00ea46fa,2026-09-26T05:31:41+00:00,612e898e027a945ebd6da713b2b874cd5eea1fa3ce13d98fabfbce6a48ccac62,1128566,comparison monthly 0.10; s3 last_modified 2026-09-22T21:03:38.000Z
V6GL03/CNNPM25c0p10/Monthly/AS/V6GL03.CNNPM25.0p10.AS.201303-201303.nc,https://satpmdata.s3.amazonaws.com/V6GL03/CNNPM25c0p10/Monthly/AS/V6GL03.CNNPM25.0p10.AS.201303-201303.nc,007bffdd203ce954547407348bb64f32,2026-09-26T05:31:41+00:00,e97a0a2e7f03e33aa1a7050ca59adb9ede05df0d89165f394bacab06a428c130,1120869,comparison monthly 0.10; s3 last_modified 2026-09-22T21:03:38.000Z
V6GL03/CNNPM25c0p10/Monthly/AS/V6GL03.CNNPM25.0p10.AS.201305-201305.nc,https://satpmdata.s3.amazonaws.com/V6GL03/CNNPM25c0p10/Monthly/AS/V6GL03.CNNPM25.0p10.AS.201305-201305.nc,74c6d84537a97fc98dbc58eea3e13010,2026-09-26T05:31:48+00:00,9d9872337bfde2d365e08e97834183c4eb6cb68c60098a16f8951128304a9814,1135346,comparison monthly 0.10; s3 last_modified 2026-09-22T21:03:38.000Z
V6GL03/CNNPM25c0p10/Monthly/AS/V6GL03.CNNPM25.0p10.AS.201307-201307.nc,https://satpmdata.s3.amazonaws.com/V6GL03/CNNPM25c0p10/Monthly/AS/V6GL03.CNNPM25.0p10.AS.201307-201307.nc,d00cb3f755d66ce8e8f0f312376931e2,2026-09-26T05:31:52+00:00,f828fa24aa986ffae12c0a5b8ca65991390082f87db41f90e30a5a4929d423a9,1137237,comparison monthly 0.10; s3 last_modified 2026-09-22T21:03:38.000Z
V6GL03/CNNPM25c0p10/Monthly/AS/V6GL03.CNNPM25.0p10.AS.201308-201308.nc,https://satpmdata.s3.amazonaws.com/V6GL03/CNNPM25c0p10/Monthly/AS/V6GL03.CNNPM25.0p10.AS.201308-201308.nc,3ccd67ca71ce4a59e77fb976ae544441,2026-09-26T05:31:53+00:00,f1d5204043aba580acf3c9fa11687cd8b8c06c3d765a543164a20f37e90f7640,1139065,comparison monthly 0.10; s3 last_modified 2026-09-22T21:03:38.000Z
V6GL03/CNNPM25c0p10/Monthly/AS/V6GL03.CNNPM25.0p10.AS.201306-201306.nc,https://satpmdata.s3.amazonaws.com/V6GL03/CNNPM25c0p10/Monthly/AS/V6GL03.CNNPM25.0p10.AS.201306-201306.nc,9b646645c4493d3fda022cf057fd3c6a,2026-09-26T05:31:54+00:00,7f2fbd59c483916b8c1a005d9a8bfb4be3f0a0a5970a35b7e2a7d9fa1aa95baa,1126066,comparison monthly 0.10; s3 last_modified 2026-09-22T21:03:38.000Z
V6GL03/CNNPM25c0p10/Monthly/AS/V6GL03.CNNPM25.0p10.AS.201309-201309.nc,https://satpmdata.s3.amazonaws.com/V6GL03/CNNPM25c0p10/Monthly/AS/V6GL03.CNNPM25.0p10.AS.201309-201309.nc,f5525cd7cbbacd35a2e673c55cf2865b,2026-09-26T05:31:57+00:00,229a02922576f543200bac28cdea74632903cbf7add475ca41e28222e2d94929,1137343,comparison monthly 0.10; s3 last_modified 2026-09-22T21:03:38.000Z
V6GL03/CNNPM25c0p10/Monthly/AS/V6GL03.CNNPM25.0p10.AS.201312-201312.nc,https://satpmdata.s3.amazonaws.com/V6GL03/CNNPM25c0p10/Monthly/AS/V6GL03.CNNPM25.0p10.AS.201312-201312.nc,f14d61fc0edd832230eb0a5381edf6f8,2026-09-26T05:32:03+00:00,046e4f1722657b27f7958cbd38955be30646f57cd22c372f1d7d9f71c6e592df,1133587,comparison monthly 0.10; s3 last_modified 2026-09-22T21:03:38.000Z
V6GL03/CNNPM25c0p10/Monthly/AS/V6GL03.CNNPM25.0p10.AS.201311-201311.nc,https://satpmdata.s3.amazonaws.com/V6GL03/CNNPM25c0p10/Monthly/AS/V6GL03.CNNPM25.0p10.AS.201311-201311.nc,5e3d350a42267a718d7868a174f58f1d,2026-09-26T05:32:03+00:00,8e3954a13fcae4c39921d3a4a3afb368a8ec0f55adffa9c83afd400da6a70f36,1125419,comparison monthly 0.10; s3 last_modified 2026-09-22T21:03:38.000Z
V6GL03/CNNPM25c0p10/Monthly/AS/V6GL03.CNNPM25.0p10.AS.201310-201310.nc,https://satpmdata.s3.amazonaws.com/V6GL03/CNNPM25c0p10/Monthly/AS/V6GL03.CNNPM25.0p10.AS.201310-201310.nc,9e5aba9224e7834e10bb4809c35492f9,2026-09-26T05:32:04+00:00,3dd064a6808c8231e42cb1144157d9a23cf8d7b38fbe92bbaa85d56d27612754,1128615,comparison monthly 0.10; s3 last_modified 2026-09-22T21:03:38.000Z
V6GL03/CNNPM25c0p10/Monthly/AS/V6GL03.CNNPM25.0p10.AS.201401-201401.nc,https://satpmdata.s3.amazonaws.com/V6GL03/CNNPM25c0p10/Monthly/AS/V6GL03.CNNPM25.0p10.AS.201401-201401.nc,85ef365c026e96d93887d15527e204f7,2026-09-26T05:32:11+00:00,f5134dd4fb45797d9278e6aa9ced8d20cbec588a17aaeb4c554355e442606e02,1133909,comparison monthly 0.10; s3 last_modified 2026-09-22T21:03:38.000Z
V6GL03/CNNPM25c0p10/Monthly/AS/V6GL03.CNNPM25.0p10.AS.201402-201402.nc,https://satpmdata.s3.amazonaws.com/V6GL03/CNNPM25c0p10/Monthly/AS/V6GL03.CNNPM25.0p10.AS.201402-201402.nc,ab09bcb4194a65af2686bf61bbe61421,2026-09-26T05:32:12+00:00,ab4809a001c10722376dd46072c05d64cc6fd6a0be0149a1d20907d15e2b9b02,1130564,comparison monthly 0.10; s3 last_modified 2026-09-22T21:03:38.000Z
V6GL03/CNNPM25c0p10/Monthly/AS/V6GL03.CNNPM25.0p10.AS.201403-201403.nc,https://satpmdata.s3.amazonaws.com/V6GL03/CNNPM25c0p10/Monthly/AS/V6GL03.CNNPM25.0p10.AS.201403-201403.nc,9238af80a5e4fcc60aa15c98475b99e7,2026-09-26T05:32:12+00:00,53bc047675ea2c8aa76a8b8fd73ea88db56f4b95204d718389cb9b7d617619fb,1124224,comparison monthly 0.10; s3 last_modified 2026-09-22T21:03:38.000Z
V6GL03/CNNPM25c0p10/Monthly/AS/V6GL03.CNNPM25.0p10.AS.201404-201404.nc,https://satpmdata.s3.amazonaws.com/V6GL03/CNNPM25c0p10/Monthly/AS/V6GL03.CNNPM25.0p10.AS.201404-201404.nc,127ccfc18ae9a150b672e219637b702f,2026-09-26T05:32:12+00:00,2cbc736eb7c3ea23332d5baff1da711cc148be5c756a5d3472cc1d2a09bc7d41,1125784,comparison monthly 0.10; s3 last_modified 2026-09-22T21:03:38.000Z
V6GL03/CNNPM25c0p10/Monthly/AS/V6GL03.CNNPM25.0p10.AS.201405-201405.nc,https://satpmdata.s3.amazonaws.com/V6GL03/CNNPM25c0p10/Monthly/AS/V6GL03.CNNPM25.0p10.AS.201405-201405.nc,49d7dcf3e2cac37547ce70c06a870ad2,2026-09-26T05:32:17+00:00,1cef3c8f185c8d361de534221e611e063394c28c34ddd72c1d81f624b40de026,1130094,comparison monthly 0.10; s3 last_modified 2026-09-22T21:03:38.000Z
V6GL03/CNNPM25c0p10/Monthly/AS/V6GL03.CNNPM25.0p10.AS.201406-201406.nc,https://satpmdata.s3.amazonaws.com/V6GL03/CNNPM25c0p10/Monthly/AS/V6GL03.CNNPM25.0p10.AS.201406-201406.nc,a66acccc82632e2d8fa283664f51ac9b,2026-09-26T05:32:20+00:00,bdf7bb4f5764b705b968368026d39b736723427f5930c23ffe0b62ec0e5ab283,1133497,comparison monthly 0.10; s3 last_modified 2026-09-22T21:03:38.000Z
V6GL03/CNNPM25c0p10/Monthly/AS/V6GL03.CNNPM25.0p10.AS.201408-201408.nc,https://satpmdata.s3.amazonaws.com/V6GL03/CNNPM25c0p10/Monthly/AS/V6GL03.CNNPM25.0p10.AS.201408-201408.nc,51cbab21a9494cfd860cb49eb48a6c0d,2026-09-26T05:32:20+00:00,45708b21f593eaad4bcdbb35f7715495428032972226575b00c50661e79264c4,1132014,comparison monthly 0.10; s3 last_modified 2026-09-22T21:03:38.000Z
V6GL03/CNNPM25c0p10/Monthly/AS/V6GL03.CNNPM25.0p10.AS.201407-201407.nc,https://satpmdata.s3.amazonaws.com/V6GL03/CNNPM25c0p10/Monthly/AS/V6GL03.CNNPM25.0p10.AS.201407-201407.nc,ce9df791a866b7445a75842c80d70b30,2026-09-26T05:32:20+00:00,161cde034de980e75ff3f0836436138849e38f96d89dee2694d53b1fed14c27d,1134352,comparison monthly 0.10; s3 last_modified 2026-09-22T21:03:38.000Z
V6GL03/CNNPM25c0p10/Monthly/AS/V6GL03.CNNPM25.0p10.AS.201409-201409.nc,https://satpmdata.s3.amazonaws.com/V6GL03/CNNPM25c0p10/Monthly/AS/V6GL03.CNNPM25.0p10.AS.201409-201409.nc,9b1f7c39807ca3ee037245fa45eab22c,2026-09-26T05:32:29+00:00,8d0702464efda229a59c08827cd2aec78ea4330dbebc691d20e8875c6be6ae79,1132789,comparison monthly 0.10; s3 last_modified 2026-09-22T21:03:38.000Z
V6GL03/CNNPM25c0p10/Monthly/AS/V6GL03.CNNPM25.0p10.AS.201411-201411.nc,https://satpmdata.s3.amazonaws.com/V6GL03/CNNPM25c0p10/Monthly/AS/V6GL03.CNNPM25.0p10.AS.201411-201411.nc,ec86f583f6026f48f4507a4354cf7f9a,2026-09-26T05:32:36+00:00,fcfd85a51146700eaff957477113b3f541d22bb7b145ec9ba1d69a68bf265023,1131092,comparison monthly 0.10; s3 last_modified 2026-09-22T21:03:38.000Z
V6GL03/CNNPM25c0p10/Monthly/AS/V6GL03.CNNPM25.0p10.AS.201410-201410.nc,https://satpmdata.s3.amazonaws.com/V6GL03/CNNPM25c0p10/Monthly/AS/V6GL03.CNNPM25.0p10.AS.201410-201410.nc,625e26ab7798619c3cf2371c2b57ff60,2026-09-26T05:32:38+00:00,0d000ba4c65df5d9cde7e0f57eb5c72c36a4ded54aa34e617069ec143143f6a1,1134066,comparison monthly 0.10; s3 last_modified 2026-09-22T21:03:38.000Z
V6GL03/CNNPM25c0p10/Monthly/AS/V6GL03.CNNPM25.0p10.AS.201412-201412.nc,https://satpmdata.s3.amazonaws.com/V6GL03/CNNPM25c0p10/Monthly/AS/V6GL03.CNNPM25.0p10.AS.201412-201412.nc,d7c987910d495000ada6bd6dbe0b718a,2026-09-26T05:32:38+00:00,af5a75b8d87264179ba576bffa0dd034ce38fa9f54e8817afb0ea48303b31fd9,1140510,comparison monthly 0.10; s3 last_modified 2026-09-22T21:03:38.000Z
V6GL03/CNNPM25c0p10/Monthly/AS/V6GL03.CNNPM25.0p10.AS.201501-201501.nc,https://satpmdata.s3.amazonaws.com/V6GL03/CNNPM25c0p10/Monthly/AS/V6GL03.CNNPM25.0p10.AS.201501-201501.nc,888e79da52306fce95493c0d216bdde7,2026-09-26T05:32:44+00:00,abf25097b6201c6a0991b2ff4f09a32feffcac54fd9f8d1a8d1cb07882eaf119,1136684,comparison monthly 0.10; s3 last_modified 2026-09-22T21:03:38.000Z
V6GL03/CNNPM25c0p10/Monthly/AS/V6GL03.CNNPM25.0p10.AS.201503-201503.nc,https://satpmdata.s3.amazonaws.com/V6GL03/CNNPM25c0p10/Monthly/AS/V6GL03.CNNPM25.0p10.AS.201503-201503.nc,a49e4b45a225a80dffd594ad409a721b,2026-09-26T05:32:46+00:00,9e00735c2d650937d3ba27cfe12ad44b771865ac9cde5b8c45e244e3776f6721,1123486,comparison monthly 0.10; s3 last_modified 2026-09-22T21:03:38.000Z
V6GL03/CNNPM25c0p10/Monthly/AS/V6GL03.CNNPM25.0p10.AS.201502-201502.nc,https://satpmdata.s3.amazonaws.com/V6GL03/CNNPM25c0p10/Monthly/AS/V6GL03.CNNPM25.0p10.AS.201502-201502.nc,af80c397ab6234799dc37ff684bd15d3,2026-09-26T05:32:47+00:00,4d938f649c455591c9282670395514e3fae517b92f5994dbf9371f9a46a2152d,1133202,comparison monthly 0.10; s3 last_modified 2026-09-22T21:03:38.000Z
V6GL03/CNNPM25c0p10/Monthly/AS/V6GL03.CNNPM25.0p10.AS.201505-201505.nc,https://satpmdata.s3.amazonaws.com/V6GL03/CNNPM25c0p10/Monthly/AS/V6GL03.CNNPM25.0p10.AS.201505-201505.nc,c7c757c8a699ffcf40d1f6a4d1005210,2026-09-26T05:32:54+00:00,87ded1bc99e35a9e48f6487c63ed9a8a4dc92700da1e50910576a30f4251d08a,1131403,comparison monthly 0.10; s3 last_modified 2026-09-22T21:03:38.000Z
V6GL03/CNNPM25c0p10/Monthly/AS/V6GL03.CNNPM25.0p10.AS.201506-201506.nc,https://satpmdata.s3.amazonaws.com/V6GL03/CNNPM25c0p10/Monthly/AS/V6GL03.CNNPM25.0p10.AS.201506-201506.nc,cbe48e3c377a580642cab9bb0a556bca,2026-09-26T05:32:55+00:00,e55b70c46e528290d6f36ae83af96a8a7340d8ef49e7962d905ce6cd57e1c69b,1131760,comparison monthly 0.10; s3 last_modified 2026-09-22T21:03:38.000Z
V6GL03/CNNPM25c0p10/Monthly/AS/V6GL03.CNNPM25.0p10.AS.201504-201504.nc,https://satpmdata.s3.amazonaws.com/V6GL03/CNNPM25c0p10/Monthly/AS/V6GL03.CNNPM25.0p10.AS.201504-201504.nc,d8a1b256c2e9d8661b5a00af55f97828,2026-09-26T05:32:55+00:00,32687678f1db2d7a987141d7368a3bf72cc0d1300f62acdc918ee4058fbfb3e5,1124610,comparison monthly 0.10; s3 last_modified 2026-09-22T21:03:38.000Z
V6GL03/CNNPM25c0p10/Monthly/AS/V6GL03.CNNPM25.0p10.AS.201508-201508.nc,https://satpmdata.s3.amazonaws.com/V6GL03/CNNPM25c0p10/Monthly/AS/V6GL03.CNNPM25.0p10.AS.201508-201508.nc,24439939b379d783e69d27c33e2db2b8,2026-09-26T05:32:59+00:00,c16b6db7cc3fa7e63aac12dee850ec337ada59fc828239b1dcb8d2fb536c9253,1134809,comparison monthly 0.10; s3 last_modified 2026-09-22T21:03:38.000Z
V6GL03/CNNPM25c0p10/Monthly/AS/V6GL03.CNNPM25.0p10.AS.201507-201507.nc,https://satpmdata.s3.amazonaws.com/V6GL03/CNNPM25c0p10/Monthly/AS/V6GL03.CNNPM25.0p10.AS.201507-201507.nc,4f48db06a7cbd8c6800de0df6b220306,2026-09-26T05:33:00+00:00,e452cd306fe836dcd233717e21adb46627a9641e84ec40513400a4f5c2ba0631,1133957,comparison monthly 0.10; s3 last_modified 2026-09-22T21:03:38.000Z
V6GL03/CNNPM25c0p10/Monthly/AS/V6GL03.CNNPM25.0p10.AS.201510-201510.nc,https://satpmdata.s3.amazonaws.com/V6GL03/CNNPM25c0p10/Monthly/AS/V6GL03.CNNPM25.0p10.AS.201510-201510.nc,1eeb4b17ffe665627f51e323ba3ac524,2026-09-26T05:33:01+00:00,5ca464e786538e8611bb172220eceba9949143e935fc7e6e291455c0d524208f,1135938,comparison monthly 0.10; s3 last_modified 2026-09-22T21:03:38.000Z
V6GL03/CNNPM25c0p10/Monthly/AS/V6GL03.CNNPM25.0p10.AS.201509-201509.nc,https://satpmdata.s3.amazonaws.com/V6GL03/CNNPM25c0p10/Monthly/AS/V6GL03.CNNPM25.0p10.AS.201509-201509.nc,f5c95d680da839df0d39f3483462e26c,2026-09-26T05:33:02+00:00,7e1bc47dd004628fdae97cf8ec5e911a1594c575fc68724b3af96aecb75e3438,1138067,comparison monthly 0.10; s3 last_modified 2026-09-22T21:03:38.000Z
V6GL03/CNNPM25c0p10/Monthly/AS/V6GL03.CNNPM25.0p10.AS.201512-201512.nc,https://satpmdata.s3.amazonaws.com/V6GL03/CNNPM25c0p10/Monthly/AS/V6GL03.CNNPM25.0p10.AS.201512-201512.nc,4422400706a93f940054cc06e0bf1923,2026-09-26T05:33:06+00:00,76d9ed43c29120226b294badc846e3d89d8acf06f37e1d39e377b1e86501ccaf,1139760,comparison monthly 0.10; s3 last_modified 2026-09-22T21:03:38.000Z
V6GL03/CNNPM25c0p10/Monthly/AS/V6GL03.CNNPM25.0p10.AS.201511-201511.nc,https://satpmdata.s3.amazonaws.com/V6GL03/CNNPM25c0p10/Monthly/AS/V6GL03.CNNPM25.0p10.AS.201511-201511.nc,366a636b5817e7373c43ee774333f68b,2026-09-26T05:33:06+00:00,99ecb8335800fd2cdd4e646eeff403c3c147b4b5aabd767a313f90d9556c29ad,1133713,comparison monthly 0.10; s3 last_modified 2026-09-22T21:03:38.000Z
V6GL03/CNNPM25c0p10/Monthly/AS/V6GL03.CNNPM25.0p10.AS.201601-201601.nc,https://satpmdata.s3.amazonaws.com/V6GL03/CNNPM25c0p10/Monthly/AS/V6GL03.CNNPM25.0p10.AS.201601-201601.nc,e1cc3e81e17ff0f9e7516c43fdce8f37,2026-09-26T05:33:09+00:00,c8fb546cc5ed3a6d492512ed3b2f5d1374b0c88fc72268780f6ffd7fac4bf60e,1116550,comparison monthly 0.10; s3 last_modified 2026-09-22T21:03:38.000Z
V6GL03/CNNPM25c0p10/Monthly/AS/V6GL03.CNNPM25.0p10.AS.201602-201602.nc,https://satpmdata.s3.amazonaws.com/V6GL03/CNNPM25c0p10/Monthly/AS/V6GL03.CNNPM25.0p10.AS.201602-201602.nc,5f5d671fdd7cb44c6c1bb45088cbeb5b,2026-09-26T05:33:10+00:00,039b7564893ef6124f5fef4b95db0d77a612c2603712d7b540189992655c7b53,1111518,comparison monthly 0.10; s3 last_modified 2026-09-22T21:03:38.000Z
V6GL03/CNNPM25c0p10/Monthly/AS/V6GL03.CNNPM25.0p10.AS.201604-201604.nc,https://satpmdata.s3.amazonaws.com/V6GL03/CNNPM25c0p10/Monthly/AS/V6GL03.CNNPM25.0p10.AS.201604-201604.nc,bae95554da76b0ac2d1a51fbb99af0b7,2026-09-26T05:33:17+00:00,ef49bf8e14ab3ec67cc4d860d844fd5f086dabfdfa3d60d4e50220b58a3e6538,1126399,comparison monthly 0.10; s3 last_modified 2026-09-22T21:03:38.000Z
V6GL03/CNNPM25c0p10/Monthly/AS/V6GL03.CNNPM25.0p10.AS.201603-201603.nc,https://satpmdata.s3.amazonaws.com/V6GL03/CNNPM25c0p10/Monthly/AS/V6GL03.CNNPM25.0p10.AS.201603-201603.nc,71388e9b54861a098235698855d26cb5,2026-09-26T05:33:17+00:00,d7fa70d4d3b1780520486cec2db99b0244039ff5ad615627e97e15fa12d8cd0d,1113643,comparison monthly 0.10; s3 last_modified 2026-09-22T21:03:38.000Z
V6GL03/CNNPM25c0p10/Monthly/AS/V6GL03.CNNPM25.0p10.AS.201606-201606.nc,https://satpmdata.s3.amazonaws.com/V6GL03/CNNPM25c0p10/Monthly/AS/V6GL03.CNNPM25.0p10.AS.201606-201606.nc,d844a27271c152eb4cce512b62e7febc,2026-09-26T05:33:20+00:00,8ff38e11c6660557c67dfe1bb0527549f173e0b06094d05382dc2826b6794360,1136929,comparison monthly 0.10; s3 last_modified 2026-09-22T21:03:38.000Z
V6GL03/CNNPM25c0p10/Monthly/AS/V6GL03.CNNPM25.0p10.AS.201605-201605.nc,https://satpmdata.s3.amazonaws.com/V6GL03/CNNPM25c0p10/Monthly/AS/V6GL03.CNNPM25.0p10.AS.201605-201605.nc,7f10bde709b8f6132bdb6ae55028484e,2026-09-26T05:33:23+00:00,6caa946933c25cf427385ed92f03da880ed7a4f223ac84aab05f391fc24d61a9,1135111,comparison monthly 0.10; s3 last_modified 2026-09-22T21:03:38.000Z
V6GL03/CNNPM25c0p10/Monthly/AS/V6GL03.CNNPM25.0p10.AS.201607-201607.nc,https://satpmdata.s3.amazonaws.com/V6GL03/CNNPM25c0p10/Monthly/AS/V6GL03.CNNPM25.0p10.AS.201607-201607.nc,1bd4d2b3dd25b2bed562770005855ea4,2026-09-26T05:33:27+00:00,03ba300e20d0950bb72e60602e1e27eebfb7d97437e381c7307d8e271b892cb5,1143025,comparison monthly 0.10; s3 last_modified 2026-09-22T21:03:38.000Z
V6GL03/CNNPM25c0p10/Monthly/AS/V6GL03.CNNPM25.0p10.AS.201608-201608.nc,https://satpmdata.s3.amazonaws.com/V6GL03/CNNPM25c0p10/Monthly/AS/V6GL03.CNNPM25.0p10.AS.201608-201608.nc,aa8c78c096ab89fb0fbc38b60b7234e6,2026-09-26T05:33:27+00:00,3008c110a31eb86cd78915d82ddc65a41cc7e355f88977169764f57f1dfdd003,1142597,comparison monthly 0.10; s3 last_modified 2026-09-22T21:03:38.000Z
V6GL03/CNNPM25c0p10/Monthly/AS/V6GL03.CNNPM25.0p10.AS.201609-201609.nc,https://satpmdata.s3.amazonaws.com/V6GL03/CNNPM25c0p10/Monthly/AS/V6GL03.CNNPM25.0p10.AS.201609-201609.nc,4525931260b59088bad2295ad914a745,2026-09-26T05:33:29+00:00,cda6a382b8290e83daca50f4ed315e27084e416ac09331df089f40ae7fdbe014,1138494,comparison monthly 0.10; s3 last_modified 2026-09-22T21:03:38.000Z
V6GL03/CNNPM25c0p10/Monthly/AS/V6GL03.CNNPM25.0p10.AS.201610-201610.nc,https://satpmdata.s3.amazonaws.com/V6GL03/CNNPM25c0p10/Monthly/AS/V6GL03.CNNPM25.0p10.AS.201610-201610.nc,cc739d35942b4712ce538a57e4b6110c,2026-09-26T05:33:32+00:00,529897d024267d78e1cb825d1c91876a2de567af16c340e71470642966f2d9f2,1133065,comparison monthly 0.10; s3 last_modified 2026-09-22T21:03:38.000Z
V6GL03/CNNPM25c0p10/Monthly/AS/V6GL03.CNNPM25.0p10.AS.201701-201701.nc,https://satpmdata.s3.amazonaws.com/V6GL03/CNNPM25c0p10/Monthly/AS/V6GL03.CNNPM25.0p10.AS.201701-201701.nc,06820b684dd17373f23382e12c7308d2,2026-09-26T05:33:38+00:00,61193e83fa2308b2acef5a92d73b79ae1bdd70f94c376437a7d32e269b62d50c,1138077,comparison monthly 0.10; s3 last_modified 2026-09-22T21:03:38.000Z
V6GL03/CNNPM25c0p10/Monthly/AS/V6GL03.CNNPM25.0p10.AS.201702-201702.nc,https://satpmdata.s3.amazonaws.com/V6GL03/CNNPM25c0p10/Monthly/AS/V6GL03.CNNPM25.0p10.AS.201702-201702.nc,ab24bc7afb07748414780798b9456ca4,2026-09-26T05:33:40+00:00,f592379a6a2ae1eb92bccddd945ea0b81899c866ce982e9ebe36e8b3e31c79ca,1136718,comparison monthly 0.10; s3 last_modified 2026-09-22T21:03:38.000Z
V6GL03/CNNPM25c0p10/Monthly/AS/V6GL03.CNNPM25.0p10.AS.201611-201611.nc,https://satpmdata.s3.amazonaws.com/V6GL03/CNNPM25c0p10/Monthly/AS/V6GL03.CNNPM25.0p10.AS.201611-201611.nc,7c3106175cfb2da799194be3e24dc358,2026-09-26T05:33:40+00:00,878c3731b27b83ab03140f2794e282a642458b72fe0e8c179e6cd00ac854750e,1119407,comparison monthly 0.10; s3 last_modified 2026-09-22T21:03:38.000Z
V6GL03/CNNPM25c0p10/Monthly/AS/V6GL03.CNNPM25.0p10.AS.201612-201612.nc,https://satpmdata.s3.amazonaws.com/V6GL03/CNNPM25c0p10/Monthly/AS/V6GL03.CNNPM25.0p10.AS.201612-201612.nc,2c8ba5d2a04a7eb1b1af00767e6ee8cd,2026-09-26T05:33:42+00:00,d6b0ddf358ea4fd974696e99e8db2175f880672b57fbfbca4d3594481335ceba,1119148,comparison monthly 0.10; s3 last_modified 2026-09-22T21:03:38.000Z
V6GL03/CNNPM25c0p10/Monthly/AS/V6GL03.CNNPM25.0p10.AS.201703-201703.nc,https://satpmdata.s3.amazonaws.com/V6GL03/CNNPM25c0p10/Monthly/AS/V6GL03.CNNPM25.0p10.AS.201703-201703.nc,bedcafc43858c9d18171b1e3b30beff1,2026-09-26T05:33:47+00:00,251854ff345ee6c2beaba357ec38d0b6349dbcf3e3f0c903a1a47856f1ba2626,1128850,comparison monthly 0.10; s3 last_modified 2026-09-22T21:03:38.000Z
V6GL03/CNNPM25c0p10/Monthly/AS/V6GL03.CNNPM25.0p10.AS.201704-201704.nc,https://satpmdata.s3.amazonaws.com/V6GL03/CNNPM25c0p10/Monthly/AS/V6GL03.CNNPM25.0p10.AS.201704-201704.nc,54758128d22dbc551738fbbc6e321b16,2026-09-26T05:33:49+00:00,b159cd9214c6792cf26794a5cf53a3e4e0a38b3296a99dda04b841da57a3f0b1,1125144,comparison monthly 0.10; s3 last_modified 2026-09-22T21:03:38.000Z
V6GL03/CNNPM25c0p10/Monthly/AS/V6GL03.CNNPM25.0p10.AS.201705-201705.nc,https://satpmdata.s3.amazonaws.com/V6GL03/CNNPM25c0p10/Monthly/AS/V6GL03.CNNPM25.0p10.AS.201705-201705.nc,1c4de4c88df5b19759459353006181d0,2026-09-26T05:33:50+00:00,616eb790bc8afd5dd62bbe34beb958691f358ff08f2ff3f0151f1c469e175964,1126333,comparison monthly 0.10; s3 last_modified 2026-09-22T21:03:38.000Z
V6GL03/CNNPM25c0p10/Monthly/AS/V6GL03.CNNPM25.0p10.AS.201706-201706.nc,https://satpmdata.s3.amazonaws.com/V6GL03/CNNPM25c0p10/Monthly/AS/V6GL03.CNNPM25.0p10.AS.201706-201706.nc,05b0cf5ec0ab3ae2553ce745e0e8454d,2026-09-26T05:33:53+00:00,5d84ea3b0934a5af5d7cbe10d117efb940b13a2db46e54e35616116040f3bb99,1134022,comparison monthly 0.10; s3 last_modified 2026-09-22T21:03:38.000Z
V6GL03/CNNPM25c0p10/Monthly/AS/V6GL03.CNNPM25.0p10.AS.201707-201707.nc,https://satpmdata.s3.amazonaws.com/V6GL03/CNNPM25c0p10/Monthly/AS/V6GL03.CNNPM25.0p10.AS.201707-201707.nc,be0cfad820e223560b9fefea314cb6e6,2026-09-26T05:33:56+00:00,74642f505fe577367e0f4d93eb4e84f57d85ce0b6f7fc444f355ffbfca9f02b3,1134938,comparison monthly 0.10; s3 last_modified 2026-09-22T21:03:39.000Z
V6GL03/CNNPM25c0p10/Monthly/AS/V6GL03.CNNPM25.0p10.AS.201709-201709.nc,https://satpmdata.s3.amazonaws.com/V6GL03/CNNPM25c0p10/Monthly/AS/V6GL03.CNNPM25.0p10.AS.201709-201709.nc,2f306f3e72b1eb7c0ac0a4aeb9d53d3c,2026-09-26T05:33:58+00:00,635caefa05d581df9e5d6a2558e7d44e2871567d9bd98f514e3d835798e022ca,1133558,comparison monthly 0.10; s3 last_modified 2026-09-22T21:03:39.000Z
V6GL03/CNNPM25c0p10/Monthly/AS/V6GL03.CNNPM25.0p10.AS.201710-201710.nc,https://satpmdata.s3.amazonaws.com/V6GL03/CNNPM25c0p10/Monthly/AS/V6GL03.CNNPM25.0p10.AS.201710-201710.nc,8fccb6d75d0f748e6df4c27396ae258a,2026-09-26T05:34:01+00:00,49a332497126fd3155c54dc7736fd8420b65aef7213c3022b81ffc6308b37ced,1137592,comparison monthly 0.10; s3 last_modified 2026-09-22T21:03:39.000Z
V6GL03/CNNPM25c0p10/Monthly/AS/V6GL03.CNNPM25.0p10.AS.201708-201708.nc,https://satpmdata.s3.amazonaws.com/V6GL03/CNNPM25c0p10/Monthly/AS/V6GL03.CNNPM25.0p10.AS.201708-201708.nc,2cfce087760b87dc986c0fb62c269f2c,2026-09-26T05:34:02+00:00,b8d2793cd555820237d50df44f449e585d3ec75b96195f77ac27df6b46128b6b,1130794,comparison monthly 0.10; s3 last_modified 2026-09-22T21:03:39.000Z
V6GL03/CNNPM25c0p10/Monthly/AS/V6GL03.CNNPM25.0p10.AS.201711-201711.nc,https://satpmdata.s3.amazonaws.com/V6GL03/CNNPM25c0p10/Monthly/AS/V6GL03.CNNPM25.0p10.AS.201711-201711.nc,7a7aa9c2ada16f9635864f45740f99d9,2026-09-26T05:34:07+00:00,99c68abf82a9bb6435d9fa154216ca46def4d575bc42bf93113398442edcbb78,1135161,comparison monthly 0.10; s3 last_modified 2026-09-22T21:03:39.000Z
V6GL03/CNNPM25c0p10/Monthly/AS/V6GL03.CNNPM25.0p10.AS.201802-201802.nc,https://satpmdata.s3.amazonaws.com/V6GL03/CNNPM25c0p10/Monthly/AS/V6GL03.CNNPM25.0p10.AS.201802-201802.nc,5b1aa002390875ac74482e52295a72f4,2026-09-26T05:34:10+00:00,ecebb78b6fe3b6ca255b7d25567fbd44fc17395d975119521857196430f53411,1119348,comparison monthly 0.10; s3 last_modified 2026-09-22T21:03:39.000Z
V6GL03/CNNPM25c0p10/Monthly/AS/V6GL03.CNNPM25.0p10.AS.201801-201801.nc,https://satpmdata.s3.amazonaws.com/V6GL03/CNNPM25c0p10/Monthly/AS/V6GL03.CNNPM25.0p10.AS.201801-201801.nc,bf51cc7a096c61db6ac5419fcc8b12b5,2026-09-26T05:34:11+00:00,49ae36fcfadd070d33b4194a3caaa33bcd45878b4aa0e3ba24ab1bd877b6d352,1122189,comparison monthly 0.10; s3 last_modified 2026-09-22T21:03:39.000Z
V6GL03/CNNPM25c0p10/Monthly/AS/V6GL03.CNNPM25.0p10.AS.201803-201803.nc,https://satpmdata.s3.amazonaws.com/V6GL03/CNNPM25c0p10/Monthly/AS/V6GL03.CNNPM25.0p10.AS.201803-201803.nc,b8c19935914935103ef8a3b5e3fb1b82,2026-09-26T05:34:17+00:00,6b50f20c9e74c586765c0643d66ac23d10c22cded55219fe1c377f6d7aa1a84a,1118423,comparison monthly 0.10; s3 last_modified 2026-09-22T21:03:39.000Z
V6GL03/CNNPM25c0p10/Monthly/AS/V6GL03.CNNPM25.0p10.AS.201712-201712.nc,https://satpmdata.s3.amazonaws.com/V6GL03/CNNPM25c0p10/Monthly/AS/V6GL03.CNNPM25.0p10.AS.201712-201712.nc,2104bc94a5801a7221359d76bb865a53,2026-09-26T05:34:19+00:00,6cedd4affd7c6ade87c7084784caf3dc4096f3ebe777da667da942633a71109f,1138244,comparison monthly 0.10; s3 last_modified 2026-09-22T21:03:39.000Z
V6GL03/CNNPM25c0p10/Monthly/AS/V6GL03.CNNPM25.0p10.AS.201804-201804.nc,https://satpmdata.s3.amazonaws.com/V6GL03/CNNPM25c0p10/Monthly/AS/V6GL03.CNNPM25.0p10.AS.201804-201804.nc,e0d27ecc1f7c67b42ede9f6cb30dfcad,2026-09-26T05:34:19+00:00,8020e17201db759a0c895a8de2d23f8612d6bce60e31df53c5fabbde4ee75390,1130310,comparison monthly 0.10; s3 last_modified 2026-09-22T21:03:39.000Z
V6GL03/CNNPM25c0p10/Monthly/AS/V6GL03.CNNPM25.0p10.AS.201805-201805.nc,https://satpmdata.s3.amazonaws.com/V6GL03/CNNPM25c0p10/Monthly/AS/V6GL03.CNNPM25.0p10.AS.201805-201805.nc,813b7769eed9fd76a04c1afa97fd47b0,2026-09-26T05:34:20+00:00,ffd47f22feddade1b8cf1efae103127099903cfcccdf7cafa20f2b9e7d66a51e,1133257,comparison monthly 0.10; s3 last_modified 2026-09-22T21:03:39.000Z
V6GL03/CNNPM25c0p10/Monthly/AS/V6GL03.CNNPM25.0p10.AS.201806-201806.nc,https://satpmdata.s3.amazonaws.com/V6GL03/CNNPM25c0p10/Monthly/AS/V6GL03.CNNPM25.0p10.AS.201806-201806.nc,0432d51c2e3643982020448f4b43bf0b,2026-09-26T05:34:23+00:00,ba152ede9f59b0a004687182fe5c597aae9b37075b5d775aef75d06628fa9c77,1127921,comparison monthly 0.10; s3 last_modified 2026-09-22T21:03:39.000Z
V6GL03/CNNPM25c0p10/Monthly/AS/V6GL03.CNNPM25.0p10.AS.201807-201807.nc,https://satpmdata.s3.amazonaws.com/V6GL03/CNNPM25c0p10/Monthly/AS/V6GL03.CNNPM25.0p10.AS.201807-201807.nc,b9b9ece82f0e74e918c1ffe9416d25ce,2026-09-26T05:34:27+00:00,3cd1bb74fbcd509964f77aad9821079378c6d3910669b7995f6a8eb1de08568a,1130664,comparison monthly 0.10; s3 last_modified 2026-09-22T21:03:39.000Z
V6GL03/CNNPM25c0p10/Monthly/AS/V6GL03.CNNPM25.0p10.AS.201808-201808.nc,https://satpmdata.s3.amazonaws.com/V6GL03/CNNPM25c0p10/Monthly/AS/V6GL03.CNNPM25.0p10.AS.201808-201808.nc,71c67410c8de5ce9e8b4b168cdc1e389,2026-09-26T05:34:27+00:00,e5572989c0becb7bc7aebff423e53193b38b66c744f7f096c33d15135f312c37,1129710,comparison monthly 0.10; s3 last_modified 2026-09-22T21:03:39.000Z
V6GL03/CNNPM25c0p10/Monthly/AS/V6GL03.CNNPM25.0p10.AS.201809-201809.nc,https://satpmdata.s3.amazonaws.com/V6GL03/CNNPM25c0p10/Monthly/AS/V6GL03.CNNPM25.0p10.AS.201809-201809.nc,02b19a54dc2d92553405ddca9c043d1e,2026-09-26T05:34:29+00:00,c7385dab828428ba5fef56c1c7dae92d2798aa102b16c53e878cac9d4a80cca9,1134496,comparison monthly 0.10; s3 last_modified 2026-09-22T21:03:39.000Z
V6GL03/CNNPM25c0p10/Monthly/AS/V6GL03.CNNPM25.0p10.AS.201810-201810.nc,https://satpmdata.s3.amazonaws.com/V6GL03/CNNPM25c0p10/Monthly/AS/V6GL03.CNNPM25.0p10.AS.201810-201810.nc,3b6c9d315c164f7d375f86edd2a02a75,2026-09-26T05:34:29+00:00,0be2db8d8f2589a6c44ec2bae0908a141e67b8c4cf30f6756211212805652b7c,1134496,comparison monthly 0.10; s3 last_modified 2026-09-22T21:03:39.000Z
V6GL03/CNNPM25c0p10/Monthly/AS/V6GL03.CNNPM25.0p10.AS.201811-201811.nc,https://satpmdata.s3.amazonaws.com/V6GL03/CNNPM25c0p10/Monthly/AS/V6GL03.CNNPM25.0p10.AS.201811-201811.nc,a0c647b6d05ed083ae26976f2ff1f149,2026-09-26T05:34:36+00:00,6ac6a896ae7217c7c6675ca2841e5025187a255db03f26dbb6d4c6209010a85c,1122933,comparison monthly 0.10; s3 last_modified 2026-09-22T21:03:39.000Z
V6GL03/CNNPM25c0p10/Monthly/AS/V6GL03.CNNPM25.0p10.AS.201902-201902.nc,https://satpmdata.s3.amazonaws.com/V6GL03/CNNPM25c0p10/Monthly/AS/V6GL03.CNNPM25.0p10.AS.201902-201902.nc,c7606f94a1de77614ddb89ed944901b0,2026-09-26T05:34:38+00:00,db7fe00196665481f2e0fff6a5e3efa7ac7402651f4d2d4fe8760e53cf1ce987,1119457,comparison monthly 0.10; s3 last_modified 2026-09-22T21:03:39.000Z
V6GL03/CNNPM25c0p10/Monthly/AS/V6GL03.CNNPM25.0p10.AS.201812-201812.nc,https://satpmdata.s3.amazonaws.com/V6GL03/CNNPM25c0p10/Monthly/AS/V6GL03.CNNPM25.0p10.AS.201812-201812.nc,143cd58d64a117518df65556cc49a573,2026-09-26T05:34:39+00:00,787eab1ae67c3656f09a4771d67b86462330c68ad50f51201a6c297cbe8adb9f,1123043,comparison monthly 0.10; s3 last_modified 2026-09-22T21:03:39.000Z
V6GL03/CNNPM25c0p10/Monthly/AS/V6GL03.CNNPM25.0p10.AS.201903-201903.nc,https://satpmdata.s3.amazonaws.com/V6GL03/CNNPM25c0p10/Monthly/AS/V6GL03.CNNPM25.0p10.AS.201903-201903.nc,35b8c2441b5e5c8eac79d1af441632a3,2026-09-26T05:34:43+00:00,e7d20170e52ed4108b5487552ba23c2ab2cbb5d63b0df758731a0ff3f3680220,1116671,comparison monthly 0.10; s3 last_modified 2026-09-22T21:03:39.000Z
V6GL03/CNNPM25c0p10/Monthly/AS/V6GL03.CNNPM25.0p10.AS.201901-201901.nc,https://satpmdata.s3.amazonaws.com/V6GL03/CNNPM25c0p10/Monthly/AS/V6GL03.CNNPM25.0p10.AS.201901-201901.nc,36b785ade475daa364cac79cdf868d18,2026-09-26T05:34:43+00:00,e75a58259786c7aa71aac2c5132ec59d9b06907727eab5f15f2b3db45beb31a2,1124249,comparison monthly 0.10; s3 last_modified 2026-09-22T21:03:39.000Z
V6GL03/CNNPM25c0p10/Monthly/AS/V6GL03.CNNPM25.0p10.AS.201905-201905.nc,https://satpmdata.s3.amazonaws.com/V6GL03/CNNPM25c0p10/Monthly/AS/V6GL03.CNNPM25.0p10.AS.201905-201905.nc,6bb3f3d7e648e2a0693592b10653f046,2026-09-26T05:34:47+00:00,97cc847e638e3bd4dc45c169472ad1594cc9a661273bab40b7a0fa2638f80ebd,1133400,comparison monthly 0.10; s3 last_modified 2026-09-22T21:03:39.000Z
V6GL03/CNNPM25c0p10/Monthly/AS/V6GL03.CNNPM25.0p10.AS.201904-201904.nc,https://satpmdata.s3.amazonaws.com/V6GL03/CNNPM25c0p10/Monthly/AS/V6GL03.CNNPM25.0p10.AS.201904-201904.nc,908fafb9db86c5e72dfd8c05d898d5b1,2026-09-26T05:34:48+00:00,8d0ca9f73df00afe836bbe24dedbbcca7fcf1a8065a1704bc486a77bc957b3e2,1123328,comparison monthly 0.10; s3 last_modified 2026-09-22T21:03:39.000Z
V6GL03/CNNPM25c0p10/Monthly/AS/V6GL03.CNNPM25.0p10.AS.201907-201907.nc,https://satpmdata.s3.amazonaws.com/V6GL03/CNNPM25c0p10/Monthly/AS/V6GL03.CNNPM25.0p10.AS.201907-201907.nc,930d9f8e09b9f3cc5d2865dcf1ea6eda,2026-09-26T05:34:53+00:00,8a4409abac704ca696ca901fde2b56cd4f3c684c0b4ce3a994c22b870fb1aa82,1136401,comparison monthly 0.10; s3 last_modified 2026-09-22T21:03:39.000Z
V6GL03/CNNPM25c0p10/Monthly/AS/V6GL03.CNNPM25.0p10.AS.201906-201906.nc,https://satpmdata.s3.amazonaws.com/V6GL03/CNNPM25c0p10/Monthly/AS/V6GL03.CNNPM25.0p10.AS.201906-201906.nc,56a39e3703683e81a9103b25b476d531,2026-09-26T05:34:53+00:00,43d9428feb0c6b4b7f98275a672559c77b5ff254d8c2f1c9a61cfaf91d09630e,1136178,comparison monthly 0.10; s3 last_modified 2026-09-22T21:03:39.000Z
V6GL03/CNNPM25c0p10/Monthly/AS/V6GL03.CNNPM25.0p10.AS.201909-201909.nc,https://satpmdata.s3.amazonaws.com/V6GL03/CNNPM25c0p10/Monthly/AS/V6GL03.CNNPM25.0p10.AS.201909-201909.nc,9fd5825cdd0809e7bb53e548ea917135,2026-09-26T05:34:55+00:00,dbcaa04d10682ca2a247a9cdb6557b0f1660c272b062aff05d046b66353975bb,1133798,comparison monthly 0.10; s3 last_modified 2026-09-22T21:03:39.000Z
V6GL03/CNNPM25c0p10/Monthly/AS/V6GL03.CNNPM25.0p10.AS.201908-201908.nc,https://satpmdata.s3.amazonaws.com/V6GL03/CNNPM25c0p10/Monthly/AS/V6GL03.CNNPM25.0p10.AS.201908-201908.nc,c96e226c5700a88915e2d628faed30e0,2026-09-26T05:34:57+00:00,d7885b23f5e69b8d613ddb69ebeabc4aaeea29daa3a5dde72cff57d22bc732b8,1136385,comparison monthly 0.10; s3 last_modified 2026-09-22T21:03:39.000Z
V6GL03/CNNPM25c0p10/Monthly/AS/V6GL03.CNNPM25.0p10.AS.201911-201911.nc,https://satpmdata.s3.amazonaws.com/V6GL03/CNNPM25c0p10/Monthly/AS/V6GL03.CNNPM25.0p10.AS.201911-201911.nc,1c7d3b4250b3d9cb8d5126c21f0d9c8a,2026-09-26T05:35:00+00:00,f325d7ef1633f73c40a1c02b1ff017159562ed80426b5db463d375d6a9bc9fc5,1122333,comparison monthly 0.10; s3 last_modified 2026-09-22T21:03:39.000Z
V6GL03/CNNPM25c0p10/Monthly/AS/V6GL03.CNNPM25.0p10.AS.201910-201910.nc,https://satpmdata.s3.amazonaws.com/V6GL03/CNNPM25c0p10/Monthly/AS/V6GL03.CNNPM25.0p10.AS.201910-201910.nc,1b493ec1cda9c2df4c20e4581bd62e66,2026-09-26T05:35:02+00:00,7d41cc9b753bfb8d0588134c1d89ea2787559ba6093cba1f51db4bfe408ef9de,1134287,comparison monthly 0.10; s3 last_modified 2026-09-22T21:03:39.000Z
V6GL03/CNNPM25c0p10/Monthly/AS/V6GL03.CNNPM25.0p10.AS.201912-201912.nc,https://satpmdata.s3.amazonaws.com/V6GL03/CNNPM25c0p10/Monthly/AS/V6GL03.CNNPM25.0p10.AS.201912-201912.nc,729a5d21606bfda9943debba1e8eff96,2026-09-26T05:35:03+00:00,221b05a0889ef459654d74fcd74be57e8a47c818b13c036bb713fc43bff6ee4d,1120284,comparison monthly 0.10; s3 last_modified 2026-09-22T21:03:39.000Z
V6GL03/CNNPM25c0p10/Monthly/AS/V6GL03.CNNPM25.0p10.AS.202001-202001.nc,https://satpmdata.s3.amazonaws.com/V6GL03/CNNPM25c0p10/Monthly/AS/V6GL03.CNNPM25.0p10.AS.202001-202001.nc,18ea836a6f8502a957d4cfdda7d0669c,2026-09-26T05:35:07+00:00,a05d26ff68d25a50e8e89e893fad817550aa0fcba7b499059d6ef982291c6d6a,1119631,comparison monthly 0.10; s3 last_modified 2026-09-22T21:03:39.000Z
V6GL03/CNNPM25c0p10/Monthly/AS/V6GL03.CNNPM25.0p10.AS.202002-202002.nc,https://satpmdata.s3.amazonaws.com/V6GL03/CNNPM25c0p10/Monthly/AS/V6GL03.CNNPM25.0p10.AS.202002-202002.nc,22844a5ba794ca518f07fced7e98ac05,2026-09-26T05:35:09+00:00,6f73a3443dbe80e355288e6528d3e99c21b35a8b1f08239fed2930c7709c2dbc,1113885,comparison monthly 0.10; s3 last_modified 2026-09-22T21:03:39.000Z
V6GL03/CNNPM25c0p10/Monthly/AS/V6GL03.CNNPM25.0p10.AS.202003-202003.nc,https://satpmdata.s3.amazonaws.com/V6GL03/CNNPM25c0p10/Monthly/AS/V6GL03.CNNPM25.0p10.AS.202003-202003.nc,0e6118b998b5790dfd8aa8cc49a87102,2026-09-26T05:35:10+00:00,91e825bdf382509851932c43f9be45b20220b7baff91c18ae07242461a617f8f,1117384,comparison monthly 0.10; s3 last_modified 2026-09-22T21:03:39.000Z
V6GL03/CNNPM25c0p10/Monthly/AS/V6GL03.CNNPM25.0p10.AS.202004-202004.nc,https://satpmdata.s3.amazonaws.com/V6GL03/CNNPM25c0p10/Monthly/AS/V6GL03.CNNPM25.0p10.AS.202004-202004.nc,d1e3b0483404acbafc0b2b11166f96f0,2026-09-26T05:35:12+00:00,fef0e05f6875fe4a29d5a68192b7e00623e381fa57a4bad6fdc5e1ccd16a9d1c,1128356,comparison monthly 0.10; s3 last_modified 2026-09-22T21:03:39.000Z
V6GL03/CNNPM25c0p10/Monthly/AS/V6GL03.CNNPM25.0p10.AS.202006-202006.nc,https://satpmdata.s3.amazonaws.com/V6GL03/CNNPM25c0p10/Monthly/AS/V6GL03.CNNPM25.0p10.AS.202006-202006.nc,d7fe7d776483e59c7836f721de28006c,2026-09-26T05:35:17+00:00,85891b010a69481cf3af4948c4640dc6203b598345bc6a2b04b46ba3c0a70b2f,1130361,comparison monthly 0.10; s3 last_modified 2026-09-22T21:03:39.000Z
V6GL03/CNNPM25c0p10/Monthly/AS/V6GL03.CNNPM25.0p10.AS.202005-202005.nc,https://satpmdata.s3.amazonaws.com/V6GL03/CNNPM25c0p10/Monthly/AS/V6GL03.CNNPM25.0p10.AS.202005-202005.nc,4e4f78b66374be7a6c54df007dafb694,2026-09-26T05:35:18+00:00,59ed704476037c1eafff55fe2ea7aa3d5d8cc97c838379daf48c29d893c27f1b,1123512,comparison monthly 0.10; s3 last_modified 2026-09-22T21:03:39.000Z
V6GL03/CNNPM25c0p10/Monthly/AS/V6GL03.CNNPM25.0p10.AS.202007-202007.nc,https://satpmdata.s3.amazonaws.com/V6GL03/CNNPM25c0p10/Monthly/AS/V6GL03.CNNPM25.0p10.AS.202007-202007.nc,64bcc1c89c10cf234980dede5072d01a,2026-09-26T05:35:19+00:00,6eb6cd68b15abe5f411af16a062e28f8a88675732376a5093c932ab9e5f46c1d,1132705,comparison monthly 0.10; s3 last_modified 2026-09-22T21:03:39.000Z
V6GL03/CNNPM25c0p10/Monthly/AS/V6GL03.CNNPM25.0p10.AS.202008-202008.nc,https://satpmdata.s3.amazonaws.com/V6GL03/CNNPM25c0p10/Monthly/AS/V6GL03.CNNPM25.0p10.AS.202008-202008.nc,c89ff03a2cc5c3f5cb146a35015c2a81,2026-09-26T05:35:22+00:00,17f92e115f9c55ef01cd0c25e12eb4aafc988a1e78585d3efd38d6d5ce33ec8f,1138232,comparison monthly 0.10; s3 last_modified 2026-09-22T21:03:39.000Z
V6GL03/CNNPM25c0p10/Monthly/AS/V6GL03.CNNPM25.0p10.AS.202009-202009.nc,https://satpmdata.s3.amazonaws.com/V6GL03/CNNPM25c0p10/Monthly/AS/V6GL03.CNNPM25.0p10.AS.202009-202009.nc,c3244d94b8973a87abfbd0bd6999f698,2026-09-26T05:35:23+00:00,64ba18e0405da5cfe89dfb6feef44fd1333eb5a501a46ff4e558922ce5081539,1135496,comparison monthly 0.10; s3 last_modified 2026-09-22T21:03:39.000Z
V6GL03/CNNPM25c0p10/Monthly/AS/V6GL03.CNNPM25.0p10.AS.202010-202010.nc,https://satpmdata.s3.amazonaws.com/V6GL03/CNNPM25c0p10/Monthly/AS/V6GL03.CNNPM25.0p10.AS.202010-202010.nc,5d2a320d363616561bbb34aeaad03c3a,2026-09-26T05:35:25+00:00,30645e33f7635234e525ff5f87eeee1823e24b2ff4cd828227b3a831f56dea48,1136780,comparison monthly 0.10; s3 last_modified 2026-09-22T21:03:39.000Z
V6GL03/CNNPM25c0p10/Monthly/AS/V6GL03.CNNPM25.0p10.AS.202011-202011.nc,https://satpmdata.s3.amazonaws.com/V6GL03/CNNPM25c0p10/Monthly/AS/V6GL03.CNNPM25.0p10.AS.202011-202011.nc,42fc73d27f3341ec8acd207bb667bb54,2026-09-26T05:35:27+00:00,fd1aa88c3165513ae8f16dd4415a0ee475dad9e037af5c1b156c785954d31505,1116556,comparison monthly 0.10; s3 last_modified 2026-09-22T21:03:39.000Z
V6GL03/CNNPM25c0p10/Monthly/AS/V6GL03.CNNPM25.0p10.AS.202101-202101.nc,https://satpmdata.s3.amazonaws.com/V6GL03/CNNPM25c0p10/Monthly/AS/V6GL03.CNNPM25.0p10.AS.202101-202101.nc,713e56aab4ab198b81918094765216d3,2026-09-26T05:35:28+00:00,a9703d6936fc1591fd773c7cbce7a2279ef90a9726c4765cf5da2a4572105a9d,1134711,comparison monthly 0.10; s3 last_modified 2026-09-22T21:03:39.000Z
V6GL03/CNNPM25c0p10/Monthly/AS/V6GL03.CNNPM25.0p10.AS.202012-202012.nc,https://satpmdata.s3.amazonaws.com/V6GL03/CNNPM25c0p10/Monthly/AS/V6GL03.CNNPM25.0p10.AS.202012-202012.nc,2b513980bbee48369d1d05c118e78c93,2026-09-26T05:35:30+00:00,9b0461015415a457809ae62fa30c72a54c91c8d4619d94406859a3add124c480,1117408,comparison monthly 0.10; s3 last_modified 2026-09-22T21:03:39.000Z
V6GL03/CNNPM25c0p10/Monthly/AS/V6GL03.CNNPM25.0p10.AS.202102-202102.nc,https://satpmdata.s3.amazonaws.com/V6GL03/CNNPM25c0p10/Monthly/AS/V6GL03.CNNPM25.0p10.AS.202102-202102.nc,942db15b9999c4bd45ee5331e856d390,2026-09-26T05:35:34+00:00,6aebb8fb0c1af3fdb5317a7eb986ce2ab60bb068c81bb3075f9fdb75840e4cb7,1122919,comparison monthly 0.10; s3 last_modified 2026-09-22T21:03:39.000Z
V6GL03/CNNPM25c0p10/Monthly/AS/V6GL03.CNNPM25.0p10.AS.202103-202103.nc,https://satpmdata.s3.amazonaws.com/V6GL03/CNNPM25c0p10/Monthly/AS/V6GL03.CNNPM25.0p10.AS.202103-202103.nc,9e6ae6b9317ef1cd1e191b37a7997a4a,2026-09-26T05:35:35+00:00,a9ab3dad22a8d22d8085516b49e7c2af162b9736db0e1e0a73c6bac6b3946148,1122655,comparison monthly 0.10; s3 last_modified 2026-09-22T21:03:40.000Z
V6GL03/CNNPM25c0p10/Monthly/AS/V6GL03.CNNPM25.0p10.AS.202104-202104.nc,https://satpmdata.s3.amazonaws.com/V6GL03/CNNPM25c0p10/Monthly/AS/V6GL03.CNNPM25.0p10.AS.202104-202104.nc,958e702ea11563f2c8cba5b7698b0ded,2026-09-26T05:35:36+00:00,e9ba088dfba35dd5feaa3a72e318b449caa87920f7d1cb2ac50e222a40fe40f5,1123853,comparison monthly 0.10; s3 last_modified 2026-09-22T21:03:39.000Z
V6GL03/CNNPM25c0p10/Monthly/AS/V6GL03.CNNPM25.0p10.AS.202106-202106.nc,https://satpmdata.s3.amazonaws.com/V6GL03/CNNPM25c0p10/Monthly/AS/V6GL03.CNNPM25.0p10.AS.202106-202106.nc,f4d00b99cd2f69159351fa908be9b8d7,2026-09-26T05:35:40+00:00,0f7e1d831164a2c4eede4c8a10cbde5759fba27d2179af172db5ebcd686af841,1129046,comparison monthly 0.10; s3 last_modified 2026-09-22T21:03:39.000Z
V6GL03/CNNPM25c0p10/Monthly/AS/V6GL03.CNNPM25.0p10.AS.202107-202107.nc,https://satpmdata.s3.amazonaws.com/V6GL03/CNNPM25c0p10/Monthly/AS/V6GL03.CNNPM25.0p10.AS.202107-202107.nc,9ad9a8dd9d97c366c935bd85a8978706,2026-09-26T05:35:45+00:00,89ae3f696913e4bda61e1909600f74935fe8723f02bd0d9225bfdf570c6f6b04,1124579,comparison monthly 0.10; s3 last_modified 2026-09-22T21:03:39.000Z
V6GL03/CNNPM25c0p10/Monthly/AS/V6GL03.CNNPM25.0p10.AS.202105-202105.nc,https://satpmdata.s3.amazonaws.com/V6GL03/CNNPM25c0p10/Monthly/AS/V6GL03.CNNPM25.0p10.AS.202105-202105.nc,a06f6110f5aae5ea1ea972aa71280328,2026-09-26T05:35:45+00:00,f833e854646eea5952beaef0edc49a23be02997cb59f99ea6eccfc351428b145,1131370,comparison monthly 0.10; s3 last_modified 2026-09-22T21:03:39.000Z
V6GL03/CNNPM25c0p10/Monthly/AS/V6GL03.CNNPM25.0p10.AS.202108-202108.nc,https://satpmdata.s3.amazonaws.com/V6GL03/CNNPM25c0p10/Monthly/AS/V6GL03.CNNPM25.0p10.AS.202108-202108.nc,2dbfb9f9c59d435771517091a0d5913b,2026-09-26T05:35:45+00:00,62dfd06dda8dc2d01917abc4ad79374ba0fc8ca9f1c7a7e3e6b9292f9ed55322,1132814,comparison monthly 0.10; s3 last_modified 2026-09-22T21:03:39.000Z
V6GL03/CNNPM25c0p10/Monthly/AS/V6GL03.CNNPM25.0p10.AS.202109-202109.nc,https://satpmdata.s3.amazonaws.com/V6GL03/CNNPM25c0p10/Monthly/AS/V6GL03.CNNPM25.0p10.AS.202109-202109.nc,d31df7263349aafe1c3e9474b58396c4,2026-09-26T05:35:49+00:00,6c9fd62766c321784721e752f510e5e708cb77b8d0e18d13a8e8ab78e19c6614,1130677,comparison monthly 0.10; s3 last_modified 2026-09-22T21:03:39.000Z
V6GL03/CNNPM25c0p10/Monthly/AS/V6GL03.CNNPM25.0p10.AS.202110-202110.nc,https://satpmdata.s3.amazonaws.com/V6GL03/CNNPM25c0p10/Monthly/AS/V6GL03.CNNPM25.0p10.AS.202110-202110.nc,c1cd39ce2e72d096d3096b0b1725a509,2026-09-26T05:35:53+00:00,35db7bfba234c97bc9bbd075ef5f1607047866a4a0bed0c2a94cfbb2a64e24b2,1131693,comparison monthly 0.10; s3 last_modified 2026-09-22T21:03:39.000Z
V6GL03/CNNPM25c0p10/Monthly/AS/V6GL03.CNNPM25.0p10.AS.202112-202112.nc,https://satpmdata.s3.amazonaws.com/V6GL03/CNNPM25c0p10/Monthly/AS/V6GL03.CNNPM25.0p10.AS.202112-202112.nc,9ee2930d66f4e72916e99c97426cfd8f,2026-09-26T05:35:54+00:00,990ade9cad826ab243f33727ad1efa9111039d70194ab5a2db143027ac6d9e80,1133792,comparison monthly 0.10; s3 last_modified 2026-09-22T21:03:39.000Z
V6GL03/CNNPM25c0p10/Monthly/AS/V6GL03.CNNPM25.0p10.AS.202201-202201.nc,https://satpmdata.s3.amazonaws.com/V6GL03/CNNPM25c0p10/Monthly/AS/V6GL03.CNNPM25.0p10.AS.202201-202201.nc,15fa5733c5820044c785e5d354b2de9c,2026-09-26T05:35:55+00:00,b2084847cfd3b95c870f245afe3079303617e567f1728073387997c0c83e6bd7,1125470,comparison monthly 0.10; s3 last_modified 2026-09-22T21:03:39.000Z
V6GL03/CNNPM25c0p10/Monthly/AS/V6GL03.CNNPM25.0p10.AS.202111-202111.nc,https://satpmdata.s3.amazonaws.com/V6GL03/CNNPM25c0p10/Monthly/AS/V6GL03.CNNPM25.0p10.AS.202111-202111.nc,490ad6a7f15284638204ccd653af6888,2026-09-26T05:35:56+00:00,c38c0166dba6b5d0351daa87f41607e13bc062df8b13fdc2831dd468bbdaf1e0,1130158,comparison monthly 0.10; s3 last_modified 2026-09-22T21:03:39.000Z
V6GL03/CNNPM25c0p10/Monthly/AS/V6GL03.CNNPM25.0p10.AS.202202-202202.nc,https://satpmdata.s3.amazonaws.com/V6GL03/CNNPM25c0p10/Monthly/AS/V6GL03.CNNPM25.0p10.AS.202202-202202.nc,87e8d185476489a29357aa83572bd309,2026-09-26T05:36:03+00:00,c74404e60eea314536d9d163532cc606d88c861f94b59d7e0d3b0cf1e6834195,1121526,comparison monthly 0.10; s3 last_modified 2026-09-22T21:03:39.000Z
V6GL03/CNNPM25c0p10/Monthly/AS/V6GL03.CNNPM25.0p10.AS.202203-202203.nc,https://satpmdata.s3.amazonaws.com/V6GL03/CNNPM25c0p10/Monthly/AS/V6GL03.CNNPM25.0p10.AS.202203-202203.nc,84e4b700c1c8ed81534c1a8362682796,2026-09-26T05:36:04+00:00,af386448a6b360bfe7c51f483ad171b6110115cb2df47ca98b87263106a7f7e3,1119371,comparison monthly 0.10; s3 last_modified 2026-09-22T21:03:40.000Z
V6GL03/CNNPM25c0p10/Monthly/AS/V6GL03.CNNPM25.0p10.AS.202205-202205.nc,https://satpmdata.s3.amazonaws.com/V6GL03/CNNPM25c0p10/Monthly/AS/V6GL03.CNNPM25.0p10.AS.202205-202205.nc,0c067570f097cecbe7067d565625ffd7,2026-09-26T05:36:05+00:00,76e239d71f934078bb7cf26433671a42c98246dea26f67a0028423c84e6b7912,1135265,comparison monthly 0.10; s3 last_modified 2026-09-22T21:03:40.000Z
V6GL03/CNNPM25c0p10/Monthly/AS/V6GL03.CNNPM25.0p10.AS.202204-202204.nc,https://satpmdata.s3.amazonaws.com/V6GL03/CNNPM25c0p10/Monthly/AS/V6GL03.CNNPM25.0p10.AS.202204-202204.nc,b73a64f9e07c5b15717db0df155ba935,2026-09-26T05:36:06+00:00,7e484fe5befc446eece990f80f6a348a6a9a8b82714a22922bc99e439c31e794,1128710,comparison monthly 0.10; s3 last_modified 2026-09-22T21:03:39.000Z
V6GL03/CNNPM25c0p10/Monthly/AS/V6GL03.CNNPM25.0p10.AS.202207-202207.nc,https://satpmdata.s3.amazonaws.com/V6GL03/CNNPM25c0p10/Monthly/AS/V6GL03.CNNPM25.0p10.AS.202207-202207.nc,74dfde883e225804fb9e5365bd12cd54,2026-09-26T05:36:12+00:00,150afd0fca7f69dd02c91f49d93d4a3bfff48af7cb00d868f19843c95dfc0690,1138019,comparison monthly 0.10; s3 last_modified 2026-09-22T21:03:40.000Z
V6GL03/CNNPM25c0p10/Monthly/AS/V6GL03.CNNPM25.0p10.AS.202206-202206.nc,https://satpmdata.s3.amazonaws.com/V6GL03/CNNPM25c0p10/Monthly/AS/V6GL03.CNNPM25.0p10.AS.202206-202206.nc,07855bc3d6495cf6fafe84db1461b06f,2026-09-26T05:36:13+00:00,3edf78b9b8b2a3e8e99adc9f414919ee1aa05675228a2f551fe67c249e258989,1132302,comparison monthly 0.10; s3 last_modified 2026-09-22T21:03:40.000Z
V6GL03/CNNPM25c0p10/Monthly/AS/V6GL03.CNNPM25.0p10.AS.202209-202209.nc,https://satpmdata.s3.amazonaws.com/V6GL03/CNNPM25c0p10/Monthly/AS/V6GL03.CNNPM25.0p10.AS.202209-202209.nc,b699df8e9fdf7a806e848effcec89e1e,2026-09-26T05:36:15+00:00,d86eb884a10583ea310ba5617a17010239240d909060c20a76572392082ce05a,1134178,comparison monthly 0.10; s3 last_modified 2026-09-22T21:03:40.000Z
V6GL03/CNNPM25c0p10/Monthly/AS/V6GL03.CNNPM25.0p10.AS.202208-202208.nc,https://satpmdata.s3.amazonaws.com/V6GL03/CNNPM25c0p10/Monthly/AS/V6GL03.CNNPM25.0p10.AS.202208-202208.nc,bc7b5888be0128bece212962797692c9,2026-09-26T05:36:16+00:00,e60719e1405358f4552ad959fbd651c1ceca671e337e2a6f58fd13d73d8297d9,1143418,comparison monthly 0.10; s3 last_modified 2026-09-22T21:03:40.000Z
V6GL03/CNNPM25c0p10/Monthly/AS/V6GL03.CNNPM25.0p10.AS.202210-202210.nc,https://satpmdata.s3.amazonaws.com/V6GL03/CNNPM25c0p10/Monthly/AS/V6GL03.CNNPM25.0p10.AS.202210-202210.nc,7518ecd5c3de941c1bb0db61c9472696,2026-09-26T05:36:17+00:00,8ced290b1641d81e2f4d718c745f1626dcb98a14315cfb340392721362ed1cf3,1136295,comparison monthly 0.10; s3 last_modified 2026-09-22T21:03:40.000Z
V6GL03/CNNPM25c0p10/Monthly/AS/V6GL03.CNNPM25.0p10.AS.202211-202211.nc,https://satpmdata.s3.amazonaws.com/V6GL03/CNNPM25c0p10/Monthly/AS/V6GL03.CNNPM25.0p10.AS.202211-202211.nc,eaa632b24a66d96d24547f167ce57a45,2026-09-26T05:36:22+00:00,b21a8c0a7a8b203789d9bbaeac7d11aab16b89d9df3193899888200284a65624,1124554,comparison monthly 0.10; s3 last_modified 2026-09-22T21:03:40.000Z
V6GL03/CNNPM25c0p10/Monthly/AS/V6GL03.CNNPM25.0p10.AS.202212-202212.nc,https://satpmdata.s3.amazonaws.com/V6GL03/CNNPM25c0p10/Monthly/AS/V6GL03.CNNPM25.0p10.AS.202212-202212.nc,fbad31f60bbe7964b123a32d93fd9f27,2026-09-26T05:36:24+00:00,4d8b72456badc666f98d5296031bfcb5ae9a156d374f8b905bbb2fc3631c569d,1125177,comparison monthly 0.10; s3 last_modified 2026-09-22T21:03:40.000Z
V6GL03/CNNPM25c0p10/Monthly/AS/V6GL03.CNNPM25.0p10.AS.202301-202301.nc,https://satpmdata.s3.amazonaws.com/V6GL03/CNNPM25c0p10/Monthly/AS/V6GL03.CNNPM25.0p10.AS.202301-202301.nc,a175ef172dff377af72e0f90a663b559,2026-09-26T05:36:25+00:00,d176a578f2d95ac5480b6b7101bba11f323c8067011531d229ac12ef0768f334,1125615,comparison monthly 0.10; s3 last_modified 2026-09-22T21:03:40.000Z
V6GL03/CNNPM25c0p10/Monthly/AS/V6GL03.CNNPM25.0p10.AS.202302-202302.nc,https://satpmdata.s3.amazonaws.com/V6GL03/CNNPM25c0p10/Monthly/AS/V6GL03.CNNPM25.0p10.AS.202302-202302.nc,b0a3ff5428a28ddc268063c05ca43770,2026-09-26T05:36:25+00:00,08114b9a1e10ef6d9f33d2b15a69c7d6f8c05661a6f3d77eb2165ebf2adca86e,1121753,comparison monthly 0.10; s3 last_modified 2026-09-22T21:03:40.000Z
V6GL03/CNNPM25c0p10/Monthly/AS/V6GL03.CNNPM25.0p10.AS.202303-202303.nc,https://satpmdata.s3.amazonaws.com/V6GL03/CNNPM25c0p10/Monthly/AS/V6GL03.CNNPM25.0p10.AS.202303-202303.nc,943f94ec8a47b87eb2d82c3253384d78,2026-09-26T05:36:27+00:00,80446dba3772b14780f30dd9b6ed16e83ba0f7620ce8849ca3602fa5bf0952a6,1118622,comparison monthly 0.10; s3 last_modified 2026-09-22T21:03:40.000Z
V6GL03/CNNPM25c0p10/Monthly/AS/V6GL03.CNNPM25.0p10.AS.202304-202304.nc,https://satpmdata.s3.amazonaws.com/V6GL03/CNNPM25c0p10/Monthly/AS/V6GL03.CNNPM25.0p10.AS.202304-202304.nc,864ca27598e0ef9d87b9e4ba5cb68bbe,2026-09-26T05:36:29+00:00,b48ac6161242d07bb2f0573e6b723eda61124117210053fa8c5af7cf0ae1de80,1123528,comparison monthly 0.10; s3 last_modified 2026-09-22T21:03:40.000Z
V6GL03/CNNPM25c0p10/Monthly/AS/V6GL03.CNNPM25.0p10.AS.202305-202305.nc,https://satpmdata.s3.amazonaws.com/V6GL03/CNNPM25c0p10/Monthly/AS/V6GL03.CNNPM25.0p10.AS.202305-202305.nc,0c4f1b6a728eafa5ee1b648f438d1307,2026-09-26T05:36:32+00:00,d8bca9f3ea996c583e4a61e10fbdf3024177e22126f89533e6fa93c5ddab9869,1120777,comparison monthly 0.10; s3 last_modified 2026-09-22T21:03:40.000Z
V6GL03/CNNPM25c0p10/Monthly/AS/V6GL03.CNNPM25.0p10.AS.202307-202307.nc,https://satpmdata.s3.amazonaws.com/V6GL03/CNNPM25c0p10/Monthly/AS/V6GL03.CNNPM25.0p10.AS.202307-202307.nc,e52ca3201bd89ff45fe53d64da8ab86b,2026-09-26T05:36:33+00:00,0981bc905b3e1b0f18c6175d6b5535c64314b1f18a4526663fb33b81de72a229,1132697,comparison monthly 0.10; s3 last_modified 2026-09-22T21:03:40.000Z
V6GL03/CNNPM25c0p10/Monthly/AS/V6GL03.CNNPM25.0p10.AS.202306-202306.nc,https://satpmdata.s3.amazonaws.com/V6GL03/CNNPM25c0p10/Monthly/AS/V6GL03.CNNPM25.0p10.AS.202306-202306.nc,58276089961e25895d9d336fd3289b1b,2026-09-26T05:36:34+00:00,f4774b5bab5de938ad85adf1b9ee0c2f42ded7c336c88b5157ea7b90222a08cf,1124546,comparison monthly 0.10; s3 last_modified 2026-09-22T21:03:40.000Z
V6GL03/CNNPM25c0p10/Monthly/AS/V6GL03.CNNPM25.0p10.AS.202308-202308.nc,https://satpmdata.s3.amazonaws.com/V6GL03/CNNPM25c0p10/Monthly/AS/V6GL03.CNNPM25.0p10.AS.202308-202308.nc,b73ee18af11d8ee9b2ebcb5b9ddeddfc,2026-09-26T05:36:35+00:00,258c5f616982e987b92aba86d23b5e6e72f15625d641fb88f4c33c073180a626,1138953,comparison monthly 0.10; s3 last_modified 2026-09-22T21:03:40.000Z
V6GL03/CNNPM25c0p10/Monthly/AS/V6GL03.CNNPM25.0p10.AS.202310-202310.nc,https://satpmdata.s3.amazonaws.com/V6GL03/CNNPM25c0p10/Monthly/AS/V6GL03.CNNPM25.0p10.AS.202310-202310.nc,a99876132d697ed39158a753a55fa08a,2026-09-26T05:36:39+00:00,efcf8fc5720c9ee1a5a9e5b4cde0066eecb227b3865bca653f3d9f722ac3b4ec,1130364,comparison monthly 0.10; s3 last_modified 2026-09-22T21:03:40.000Z
V6GL03/CNNPM25c0p10/Monthly/AS/V6GL03.CNNPM25.0p10.AS.202309-202309.nc,https://satpmdata.s3.amazonaws.com/V6GL03/CNNPM25c0p10/Monthly/AS/V6GL03.CNNPM25.0p10.AS.202309-202309.nc,6cf999f584569b7706d9d75614d0d33f,2026-09-26T05:36:41+00:00,2402185a74f2dfac3cb2a78bb4b3f56a6138342e1e05de92a36f549dfa4a54d4,1129455,comparison monthly 0.10; s3 last_modified 2026-09-22T21:03:40.000Z
V6GL03/CNNPM25c0p10/Monthly/AS/V6GL03.CNNPM25.0p10.AS.202312-202312.nc,https://satpmdata.s3.amazonaws.com/V6GL03/CNNPM25c0p10/Monthly/AS/V6GL03.CNNPM25.0p10.AS.202312-202312.nc,a3d50496f18ae1a48b60b295b36877be,2026-09-26T05:36:43+00:00,9dd2a260263caf81ae1936a5595a7ea9e625d02b983ae5b16ebf4fdaf48da3ef,1124327,comparison monthly 0.10; s3 last_modified 2026-09-22T21:03:40.000Z
V6GL03/CNNPM25c0p10/Monthly/AS/V6GL03.CNNPM25.0p10.AS.202311-202311.nc,https://satpmdata.s3.amazonaws.com/V6GL03/CNNPM25c0p10/Monthly/AS/V6GL03.CNNPM25.0p10.AS.202311-202311.nc,e41c03e5b125abbb2959c4d207ed03f8,2026-09-26T05:36:43+00:00,7d53f2ffa77c30508039fad1bd411a8d7e260205d4cab68b6e9226c0806f2e95,1123668,comparison monthly 0.10; s3 last_modified 2026-09-22T21:03:40.000Z
V6GL03/CNNPM25c0p10/Monthly/AS/V6GL03.CNNPM25.0p10.AS.202401-202401.nc,https://satpmdata.s3.amazonaws.com/V6GL03/CNNPM25c0p10/Monthly/AS/V6GL03.CNNPM25.0p10.AS.202401-202401.nc,d5e530e7c02c0fd6cde2f8bd60250481,2026-09-26T05:36:45+00:00,823e0686d2c278dde90bc9725bc248f45139b3bca71f8375e612d5a7c87906ce,1136585,comparison monthly 0.10; s3 last_modified 2026-09-22T21:03:40.000Z
V6GL03/CNNPM25c0p10/Monthly/AS/V6GL03.CNNPM25.0p10.AS.202402-202402.nc,https://satpmdata.s3.amazonaws.com/V6GL03/CNNPM25c0p10/Monthly/AS/V6GL03.CNNPM25.0p10.AS.202402-202402.nc,7336b643546fefa09a96ca811e7c861e,2026-09-26T05:36:50+00:00,9413f239459ad028f42721abb9247e27d487e0b097b15bdbab4f861a722c6f2e,1129653,comparison monthly 0.10; s3 last_modified 2026-09-22T21:03:40.000Z
V6GL03/CNNPM25c0p10/Monthly/AS/V6GL03.CNNPM25.0p10.AS.202403-202403.nc,https://satpmdata.s3.amazonaws.com/V6GL03/CNNPM25c0p10/Monthly/AS/V6GL03.CNNPM25.0p10.AS.202403-202403.nc,2a9b8335c5b4ff528bb6f59a955bfce5,2026-09-26T05:36:51+00:00,ef06f6af57affc4dc0f6b4ce1dfce46e07d5de50fdb1ae261424fee1b5621a4f,1123813,comparison monthly 0.10; s3 last_modified 2026-09-22T21:03:40.000Z
V6GL03/CNNPM25c0p10/Monthly/AS/V6GL03.CNNPM25.0p10.AS.202405-202405.nc,https://satpmdata.s3.amazonaws.com/V6GL03/CNNPM25c0p10/Monthly/AS/V6GL03.CNNPM25.0p10.AS.202405-202405.nc,5b1625702618a95aa5409db11f92789a,2026-09-26T05:36:52+00:00,ad891b8df318cfd7372e29ce5a400b1e0486d50e56ccfb5d34e41bfbf271eb01,1133976,comparison monthly 0.10; s3 last_modified 2026-09-22T21:03:40.000Z
V6GL03/CNNPM25c0p10/Monthly/AS/V6GL03.CNNPM25.0p10.AS.202404-202404.nc,https://satpmdata.s3.amazonaws.com/V6GL03/CNNPM25c0p10/Monthly/AS/V6GL03.CNNPM25.0p10.AS.202404-202404.nc,2852e5ba15a0efed4faad9db0711632a,2026-09-26T05:36:54+00:00,9ae790f2460f56a3add43279a1fa516110bd9f142c88424bb659bd724a469f93,1131670,comparison monthly 0.10; s3 last_modified 2026-09-22T21:03:40.000Z
V6GL03/CNNPM25c0p10/Monthly/AS/V6GL03.CNNPM25.0p10.AS.202406-202406.nc,https://satpmdata.s3.amazonaws.com/V6GL03/CNNPM25c0p10/Monthly/AS/V6GL03.CNNPM25.0p10.AS.202406-202406.nc,be347ba961d23871ae167edd394d9091,2026-09-26T05:36:57+00:00,274812eb428bf3395f552aa4e5b419f524c80b9919be26c798cc1c9b57e7aa7c,1134667,comparison monthly 0.10; s3 last_modified 2026-09-22T21:03:40.000Z
V6GL03/CNNPM25c0p10/Monthly/AS/V6GL03.CNNPM25.0p10.AS.202408-202408.nc,https://satpmdata.s3.amazonaws.com/V6GL03/CNNPM25c0p10/Monthly/AS/V6GL03.CNNPM25.0p10.AS.202408-202408.nc,1f4b4db90f82757ae26b705116e08eba,2026-09-26T05:37:01+00:00,a59f64fbdca2e49b995e2fa4ffcd962f4a415c059016252064b9de9c1cd934f2,1133069,comparison monthly 0.10; s3 last_modified 2026-09-22T21:03:40.000Z
V6GL03/CNNPM25c0p10/Monthly/AS/V6GL03.CNNPM25.0p10.AS.202409-202409.nc,https://satpmdata.s3.amazonaws.com/V6GL03/CNNPM25c0p10/Monthly/AS/V6GL03.CNNPM25.0p10.AS.202409-202409.nc,d79bf27d6f22ad72ea41ee99db1b6d30,2026-09-26T05:37:03+00:00,1ac097aaf4b48594cccc12fa10e0a06165e0a701389bc5b28e4510ee8a7bdc35,1138689,comparison monthly 0.10; s3 last_modified 2026-09-22T21:03:40.000Z
V6GL03/CNNPM25c0p10/Monthly/AS/V6GL03.CNNPM25.0p10.AS.202410-202410.nc,https://satpmdata.s3.amazonaws.com/V6GL03/CNNPM25c0p10/Monthly/AS/V6GL03.CNNPM25.0p10.AS.202410-202410.nc,ea17727dc3889a3726692b5abd38542d,2026-09-26T05:37:03+00:00,751e631e466bacb9ae567793b686f82149d287d1a4ddb71d73d55886d1aee8b0,1139221,comparison monthly 0.10; s3 last_modified 2026-09-22T21:03:40.000Z
V6GL03/CNNPM25c0p10/Monthly/AS/V6GL03.CNNPM25.0p10.AS.202407-202407.nc,https://satpmdata.s3.amazonaws.com/V6GL03/CNNPM25c0p10/Monthly/AS/V6GL03.CNNPM25.0p10.AS.202407-202407.nc,8bffbdabd9f3648035e6f8e56aa32ccb,2026-09-26T05:37:03+00:00,52ebda80d396d90a9bccad961c7264cdf45fe8c1fa193d28fb615896d8fa49e6,1136928,comparison monthly 0.10; s3 last_modified 2026-09-22T21:03:40.000Z
V6GL03/CNNPM25c0p10/Monthly/AS/V6GL03.CNNPM25.0p10.AS.202411-202411.nc,https://satpmdata.s3.amazonaws.com/V6GL03/CNNPM25c0p10/Monthly/AS/V6GL03.CNNPM25.0p10.AS.202411-202411.nc,b29b13faf11a7e0ed20d3e4c57fd484b,2026-09-26T05:37:09+00:00,9a75feb8ca1ff578dad55e6d14910554c5aff75bb05f028b6011e408cdef30b8,1126848,comparison monthly 0.10; s3 last_modified 2026-09-22T21:03:40.000Z
V6GL03/CNNPM25c0p10/Monthly/AS/V6GL03.CNNPM25.0p10.AS.202412-202412.nc,https://satpmdata.s3.amazonaws.com/V6GL03/CNNPM25c0p10/Monthly/AS/V6GL03.CNNPM25.0p10.AS.202412-202412.nc,eb647773caff23529eb95bb4e96e0087,2026-09-26T05:37:10+00:00,715bebbedc33d7b0d7a8d80bc7ae8b69538faf5f3000b6f337e196feea6c7f66,1132561,comparison monthly 0.10; s3 last_modified 2026-09-22T21:03:40.000Z
V6GL0204/CNNPM25/Annual/AS/V6GL02.04.CNNPM25.AS.200601-200612.nc,https://satpmdata.s3.amazonaws.com/V6GL0204/CNNPM25/Annual/AS/V6GL02.04.CNNPM25.AS.200601-200612.nc,bef786f75037df54ce6c953281ef259f-11,2026-09-26T05:40:46+00:00,4813e1474302a80f98890e648f0a14928a5fa7bcd3f0453f5d13e1012270eb2e,90399067,vintage annual 0.01; s3 last_modified 2026-09-22T20:35:13.000Z
V6GL0204/CNNPM25/Annual/AS/V6GL02.04.CNNPM25.AS.200501-200512.nc,https://satpmdata.s3.amazonaws.com/V6GL0204/CNNPM25/Annual/AS/V6GL02.04.CNNPM25.AS.200501-200512.nc,8cf69a49eb67c29aa697ff90dfb3ddbf-11,2026-09-26T05:41:36+00:00,1a4c44a23ec1eb1ee1a3dd3a5b01a6d5818f7dccbf87ad6e715563fd70c7180d,89904252,vintage annual 0.01; s3 last_modified 2026-09-22T20:35:11.000Z
V6GL0204/CNNPM25/Annual/AS/V6GL02.04.CNNPM25.AS.200801-200812.nc,https://satpmdata.s3.amazonaws.com/V6GL0204/CNNPM25/Annual/AS/V6GL02.04.CNNPM25.AS.200801-200812.nc,3191530edea48b7ccd3f2f064b7185e0-11,2026-09-26T05:42:19+00:00,24c306cf20ba113ebc2733dcf685956e563b63a49d79c43e5829f35e1d2cf165,90365809,vintage annual 0.01; s3 last_modified 2026-09-22T20:35:14.000Z
V6GL0204/CNNPM25/Annual/AS/V6GL02.04.CNNPM25.AS.200701-200712.nc,https://satpmdata.s3.amazonaws.com/V6GL0204/CNNPM25/Annual/AS/V6GL02.04.CNNPM25.AS.200701-200712.nc,215ba4fd35a80fa2ce00bc104541fe32-11,2026-09-26T05:42:33+00:00,69eb186e17e4d7f5b563a4f2c04443ba757d184a89337e242f40617b4bc4a599,90805938,vintage annual 0.01; s3 last_modified 2026-09-22T20:35:14.000Z
V6GL0204/CNNPM25/Annual/AS/V6GL02.04.CNNPM25.AS.200901-200912.nc,https://satpmdata.s3.amazonaws.com/V6GL0204/CNNPM25/Annual/AS/V6GL02.04.CNNPM25.AS.200901-200912.nc,8faec7727cfd7d64c848cf7577bd9eba-11,2026-09-26T05:44:47+00:00,ae3b1a14a38f72a2adf73ab7841d779488768ebd96e782a6f15ae41506bb780f,90789447,vintage annual 0.01; s3 last_modified 2026-09-22T20:35:15.000Z
V6GL0204/CNNPM25/Annual/AS/V6GL02.04.CNNPM25.AS.201001-201012.nc,https://satpmdata.s3.amazonaws.com/V6GL0204/CNNPM25/Annual/AS/V6GL02.04.CNNPM25.AS.201001-201012.nc,dcdb9b1963691136167b32786e9b60cb-11,2026-09-26T05:45:54+00:00,5e868304b259ad808755bc4fa9e0e3bab9c84a378ce0188f9966cbba63f15cfd,91467177,vintage annual 0.01; s3 last_modified 2026-09-22T20:35:16.000Z
V6GL0204/CNNPM25/Annual/AS/V6GL02.04.CNNPM25.AS.201201-201212.nc,https://satpmdata.s3.amazonaws.com/V6GL0204/CNNPM25/Annual/AS/V6GL02.04.CNNPM25.AS.201201-201212.nc,e9b8fa33e511c149728eda48c13f04f9-11,2026-09-26T05:46:40+00:00,b42ea150eb86ee2eb57094df6ccdd5c9a19d2f92f6b6251e9b526719c08254ad,90034980,vintage annual 0.01; s3 last_modified 2026-09-22T20:35:17.000Z
V6GL0204/CNNPM25/Annual/AS/V6GL02.04.CNNPM25.AS.201101-201112.nc,https://satpmdata.s3.amazonaws.com/V6GL0204/CNNPM25/Annual/AS/V6GL02.04.CNNPM25.AS.201101-201112.nc,d41e672c85e77fe2d8794f61d8766cbe-11,2026-09-26T05:46:59+00:00,207c125b8bcb9cd6922e937a6597dd680f6b0517f4bb786e2b11d05634792ee0,90394897,vintage annual 0.01; s3 last_modified 2026-09-22T20:35:16.000Z
V6GL0204/CNNPM25/Annual/AS/V6GL02.04.CNNPM25.AS.201301-201312.nc,https://satpmdata.s3.amazonaws.com/V6GL0204/CNNPM25/Annual/AS/V6GL02.04.CNNPM25.AS.201301-201312.nc,62af0711ba0b7160506fbf619a002f6b-11,2026-09-26T05:48:56+00:00,b192f3c5f6410bb559b6e90f796cb7f1619d9ff3ed770ebac8aef350bbd640ea,91310853,vintage annual 0.01; s3 last_modified 2026-09-22T20:35:17.000Z
V6GL0204/CNNPM25/Annual/AS/V6GL02.04.CNNPM25.AS.201401-201412.nc,https://satpmdata.s3.amazonaws.com/V6GL0204/CNNPM25/Annual/AS/V6GL02.04.CNNPM25.AS.201401-201412.nc,f9c42e64f4399266628a43bdc82e0a2f-11,2026-09-26T05:49:36+00:00,92b7156a36e9cfe6909eedaf73cf0ee5c9446ab32db5ed5935b6762d336b8c02,90869269,vintage annual 0.01; s3 last_modified 2026-09-22T20:35:18.000Z
V6GL0204/CNNPM25/Annual/AS/V6GL02.04.CNNPM25.AS.201601-201612.nc,https://satpmdata.s3.amazonaws.com/V6GL0204/CNNPM25/Annual/AS/V6GL02.04.CNNPM25.AS.201601-201612.nc,31a1e84cfb4b606dbeeacaf92200fc25-11,2026-09-26T05:50:55+00:00,07b1a91fb050e313b05ea9fcdbf89b891846defe498807c790d518dca6b9df72,91865028,vintage annual 0.01; s3 last_modified 2026-09-22T20:35:19.000Z
V6GL0204/CNNPM25/Annual/AS/V6GL02.04.CNNPM25.AS.201501-201512.nc,https://satpmdata.s3.amazonaws.com/V6GL0204/CNNPM25/Annual/AS/V6GL02.04.CNNPM25.AS.201501-201512.nc,d51139a2f7d934caf5c49ff58546cc80-11,2026-09-26T05:51:15+00:00,29053d0bb543004f9dab7c995f4eb6642e4ddd3808de017ddac9afcc1cf67522,91987401,vintage annual 0.01; s3 last_modified 2026-09-22T20:35:18.000Z
V6GL0204/CNNPM25/Annual/AS/V6GL02.04.CNNPM25.AS.201801-201812.nc,https://satpmdata.s3.amazonaws.com/V6GL0204/CNNPM25/Annual/AS/V6GL02.04.CNNPM25.AS.201801-201812.nc,dcacf6ad539dba885b53a35e9b152beb-11,2026-09-26T05:52:01+00:00,2fb738f7be449d776f72548c51c0318cfcd9bb70010e59595cdad96c619e9eff,91601288,vintage annual 0.01; s3 last_modified 2026-09-22T20:35:20.000Z
V6GL0204/CNNPM25/Annual/AS/V6GL02.04.CNNPM25.AS.201701-201712.nc,https://satpmdata.s3.amazonaws.com/V6GL0204/CNNPM25/Annual/AS/V6GL02.04.CNNPM25.AS.201701-201712.nc,3d95d2d406bb11469025303c00492e37-11,2026-09-26T05:53:10+00:00,3dcfce3a4dda8172f358c342007e21dfcf53a168d0d68bd881abd5404613a3c9,91209680,vintage annual 0.01; s3 last_modified 2026-09-22T20:35:19.000Z
V6GL0204/CNNPM25/Annual/AS/V6GL02.04.CNNPM25.AS.201901-201912.nc,https://satpmdata.s3.amazonaws.com/V6GL0204/CNNPM25/Annual/AS/V6GL02.04.CNNPM25.AS.201901-201912.nc,e7662d1efcbee41488429e6e98e35b14-12,2026-09-26T05:54:02+00:00,74e51214bec00f51f7e860e26a5fab62bede7b3c34f37859041d9afab031114f,92369256,vintage annual 0.01; s3 last_modified 2026-09-22T20:35:20.000Z
V6GL0204/CNNPM25/Annual/AS/V6GL02.04.CNNPM25.AS.202101-202112.nc,https://satpmdata.s3.amazonaws.com/V6GL0204/CNNPM25/Annual/AS/V6GL02.04.CNNPM25.AS.202101-202112.nc,bdae6138ffc27c76c50bc7bfd97d5656-11,2026-09-26T05:55:01+00:00,0c3a7e5db0046c6984578470d2460af1e3dcd184e9c8b50e455ada88ee570c96,91362447,vintage annual 0.01; s3 last_modified 2026-09-22T20:35:22.000Z
V6GL0204/CNNPM25/Annual/AS/V6GL02.04.CNNPM25.AS.202001-202012.nc,https://satpmdata.s3.amazonaws.com/V6GL0204/CNNPM25/Annual/AS/V6GL02.04.CNNPM25.AS.202001-202012.nc,83dd092e7c3701bdcf35447c1e380414-11,2026-09-26T05:55:23+00:00,183b6b90f7b1ded862b8045e333a1e0c8bab9e2a699bfd4cbe5facad11942bc0,91310924,vintage annual 0.01; s3 last_modified 2026-09-22T20:35:21.000Z
V6GL0204/CNNPM25/Annual/AS/V6GL02.04.CNNPM25.AS.202201-202212.nc,https://satpmdata.s3.amazonaws.com/V6GL0204/CNNPM25/Annual/AS/V6GL02.04.CNNPM25.AS.202201-202212.nc,d78fdb5a8aa443d3545728d2c1f304a5-12,2026-09-26T05:55:41+00:00,244cc3fd07435374cefa9d4b2dc282b7515ea4cd2349e3527d95485924a3d775,92470572,vintage annual 0.01; s3 last_modified 2026-09-22T20:35:22.000Z
V6GL0204/CNNPM25/Annual/AS/V6GL02.04.CNNPM25.AS.202301-202312.nc,https://satpmdata.s3.amazonaws.com/V6GL0204/CNNPM25/Annual/AS/V6GL02.04.CNNPM25.AS.202301-202312.nc,5828f652075d115b3bc00b945d85364d-11,2026-09-26T05:55:58+00:00,ac96f1dfe910402006b3318378bc6d5d314e05bf64bf00f8896cac4a30c19919,90942270,vintage annual 0.01; s3 last_modified 2026-09-22T20:35:23.000Z
